coder,jobset,geslacht,leeftijd.jaar,opleiding,politiek_int,politiek_pos
7lkguFRx_T--1yw8WaStRA**,set_92,Vrouw,75,MBO,Enigszins geinteresseerd,4. midden
7lkguFRx_T--4n2LJv5Ojw**,set_64,Vrouw,22,Bachelor HBO/WO,Wel geinteresseerd,2. links
7lkguFRx_T--G-88WGHxLQ**,set_29,Man,51,MBO,Enigszins niet geinteresseerd,6. rechts
7lkguFRx_T--G0s9vGjz0g**,set_10,Vrouw,38,MBO,Enigszins niet geinteresseerd,6. rechts
7lkguFRx_T--Payy0hOG9g**,set_4,Vrouw,55,MBO,Helemaal niet geinteresseerd,1. links
7lkguFRx_T--Pn4VI3c3rg**,set_39,Man,50,MBO,Enigszins niet geinteresseerd,3. links
7lkguFRx_T--Uu4APJLdyg**,set_49,Vrouw,56,MBO,Enigszins geinteresseerd,4. midden
7lkguFRx_T--VfmuwMvDQA**,set_93,Vrouw,72,HAVO/VWO,Wel geinteresseerd,4. midden
7lkguFRx_T--bvQ4bJt4Gg**,set_121,Man,65,Bachelor HBO/WO,Zeer geinteresseerd,5. rechts
7lkguFRx_T--kIKqnigInA**,set_67,Vrouw,26,Master HBO/WO,Enigszins niet geinteresseerd,2. links
7lkguFRx_T--lL06IzJc4A**,set_50,Vrouw,65,VMBO,Zeer geinteresseerd,2. links
7lkguFRx_T--sok621BvNg**,set_78,Vrouw,66,VMBO,Wel geinteresseerd,6. rechts
7lkguFRx_T-05YjDdDxUtA**,set_26,Man,67,VMBO,Wel geinteresseerd,7. rechts
7lkguFRx_T-07Eal_YtrtQ**,set_44,Man,51,VMBO,Enigszins geinteresseerd,4. midden
7lkguFRx_T-0L763KdHvYg**,set_96,Vrouw,48,Master HBO/WO,Zeer geinteresseerd,2. links
7lkguFRx_T-0PXM_YY-30Q**,set_102,Vrouw,60,Bachelor HBO/WO,Enigszins geinteresseerd,5. rechts
7lkguFRx_T-0dH5LIiF3Gg**,set_90,Man,58,Master HBO/WO,Zeer geinteresseerd,5. rechts
7lkguFRx_T-0eloGRd8ntw**,set_112,Vrouw,42,Master HBO/WO,Niet geintereseerd,4. midden
7lkguFRx_T-0lXGkRvSMLg**,set_91,Vrouw,34,Bachelor HBO/WO,Wel geinteresseerd,5. rechts
7lkguFRx_T-0sWxoYCbNvg**,set_82,Man,87,Master HBO/WO,neutraal,2. links
7lkguFRx_T-14k2NpqWqHg**,set_7,Vrouw,60,MBO,Enigszins geinteresseerd,6. rechts
7lkguFRx_T-1GTQP4WYKhA**,set_96,Man,62,Bachelor HBO/WO,Wel geinteresseerd,5. rechts
7lkguFRx_T-1KNsxpVMScA**,set_13,Vrouw,38,MBO,Zeer geinteresseerd,4. midden
7lkguFRx_T-1WC_2YAtHbA**,set_107,Man,56,MBO,Wel geinteresseerd,5. rechts
7lkguFRx_T-1d4bIgTlftg**,set_66,Vrouw,68,HAVO/VWO,Zeer geinteresseerd,1. links
7lkguFRx_T-1oNhgmcZDGg**,set_100,Vrouw,39,HAVO/VWO,neutraal,4. midden
7lkguFRx_T-1vStn0714fw**,set_42,Vrouw,53,MBO,Helemaal niet geinteresseerd,4. midden
7lkguFRx_T-1zA5eBzzHqg**,set_90,Vrouw,69,VMBO,Zeer geinteresseerd,7. rechts
7lkguFRx_T-271kW8bdmQg**,set_83,Vrouw,59,MBO,neutraal,6. rechts
7lkguFRx_T-2OEIneeMzbQ**,set_53,Man,51,Bachelor HBO/WO,Enigszins niet geinteresseerd,5. rechts
7lkguFRx_T-2P8uWbKtAAw**,set_75,Vrouw,56,Bachelor HBO/WO,Zeer geinteresseerd,6. rechts
7lkguFRx_T-2ZLrqKqMYvA**,set_25,Vrouw,24,MBO,Enigszins geinteresseerd,4. midden
7lkguFRx_T-2bTMrDF-J0g**,set_11,Man,41,Bachelor HBO/WO,Wel geinteresseerd,5. rechts
7lkguFRx_T-2oq_xS4unxw**,set_115,Man,52,Bachelor HBO/WO,Zeer geinteresseerd,5. rechts
7lkguFRx_T-38tzHSIogSQ**,set_34,Vrouw,68,MBO,Wel geinteresseerd,5. rechts
7lkguFRx_T-3EFQZyhoc4w**,set_81,Man,71,VMBO,Zeer geinteresseerd,3. links
7lkguFRx_T-3F2MdjlFvbg**,set_38,Man,44,MBO,Wel geinteresseerd,5. rechts
7lkguFRx_T-3GytrxNZ_SA**,set_19,Vrouw,36,Bachelor HBO/WO,Enigszins geinteresseerd,5. rechts
7lkguFRx_T-3H8Fg3aq48Q**,set_39,Man,34,MBO,Enigszins geinteresseerd,5. rechts
7lkguFRx_T-3TYvfEptOeg**,set_69,Man,59,MBO,Wel geinteresseerd,7. rechts
7lkguFRx_T-3Z49t2h3T4Q**,set_4,Vrouw,55,Bachelor HBO/WO,neutraal,4. midden
7lkguFRx_T-3kOH9i8i7KQ**,set_41,Vrouw,36,Bachelor HBO/WO,Wel geinteresseerd,1. links
7lkguFRx_T-3nR_ofLuZ4Q**,set_62,Vrouw,63,MBO,Enigszins geinteresseerd,6. rechts
7lkguFRx_T-3q47LBaZTFg**,set_81,Vrouw,39,MBO,Wel geinteresseerd,6. rechts
7lkguFRx_T-3xPaHqBEQiw**,set_71,Vrouw,48,VMBO,Wel geinteresseerd,6. rechts
7lkguFRx_T-443FByAS5qA**,set_13,Man,75,MBO,Wel geinteresseerd,3. links
7lkguFRx_T-47NNYxiwa_g**,set_36,Vrouw,39,Bachelor HBO/WO,Enigszins geinteresseerd,5. rechts
7lkguFRx_T-4BnKcDi0_jA**,set_20,Man,86,VMBO,Wel geinteresseerd,1. links
7lkguFRx_T-4JvyyiZYciw**,set_13,Man,28,Master HBO/WO,Wel geinteresseerd,4. midden
7lkguFRx_T-4OYmKp7WuCQ**,set_108,Vrouw,31,MBO,neutraal,3. links
7lkguFRx_T-4PJTGhsOhvA**,set_20,Vrouw,27,Bachelor HBO/WO,neutraal,6. rechts
7lkguFRx_T-4Pp5qklEWqA**,set_33,Man,47,MBO,Enigszins niet geinteresseerd,4. midden
7lkguFRx_T-4TUf_VHhd1A**,set_109,Vrouw,57,Bachelor HBO/WO,Wel geinteresseerd,6. rechts
7lkguFRx_T-4kSzQZvQDsw**,set_124,Vrouw,045,Master HBO/WO,Wel geinteresseerd,2. links
7lkguFRx_T-4s7dL83Ln4Q**,set_3,Vrouw,73,Bachelor HBO/WO,Zeer geinteresseerd,5. rechts
7lkguFRx_T-4vSHDDQI00Q**,set_39,Vrouw,58,Bachelor HBO/WO,Wel geinteresseerd,2. links
7lkguFRx_T-4wRZYIEu3Ag**,set_28,Man,76,Bachelor HBO/WO,Enigszins geinteresseerd,5. rechts
7lkguFRx_T-4zC0uuEx8Yw**,set_52,Vrouw,28,MBO,Zeer geinteresseerd,5. rechts
7lkguFRx_T-53d7FxHRw-g**,set_72,Vrouw,52,VMBO,Wel geinteresseerd,6. rechts
7lkguFRx_T-54zArXPeofg**,set_51,Vrouw,32,Bachelor HBO/WO,neutraal,5. rechts
7lkguFRx_T-5Jpbs3DwlTA**,set_12,Man,79,Bachelor HBO/WO,neutraal,4. midden
7lkguFRx_T-5MJeVzJ-mrg**,set_48,Man,70,MBO,Enigszins geinteresseerd,4. midden
7lkguFRx_T-5UIAZqQ8qhQ**,set_48,Vrouw,29,Bachelor HBO/WO,Enigszins geinteresseerd,2. links
7lkguFRx_T-5Xhzf-yANiw**,set_59,Man,72,VMBO,Wel geinteresseerd,6. rechts
7lkguFRx_T-5soJmdvQTYA**,set_111,Man,75,Bachelor HBO/WO,Wel geinteresseerd,4. midden
7lkguFRx_T-62YM3TS3k6Q**,set_3,Man,40,Bachelor HBO/WO,neutraal,5. rechts
7lkguFRx_T-67Fo6B0I0gw**,set_103,Vrouw,32,MBO,Wel geinteresseerd,6. rechts
7lkguFRx_T-6FuniYMXArw**,set_87,Man,34,MBO,Enigszins geinteresseerd,4. midden
7lkguFRx_T-6KtlKdfZ_8A**,set_16,Vrouw,57,Master HBO/WO,Enigszins geinteresseerd,3. links
7lkguFRx_T-6RLjSmVawBA**,set_97,Vrouw,59,Bachelor HBO/WO,Zeer geinteresseerd,6. rechts
7lkguFRx_T-6_mJpLlLiOQ**,set_115,Man,30,MBO,Wel geinteresseerd,1. links
7lkguFRx_T-6_xnm4Tjcrw**,set_32,Vrouw,43,HAVO/VWO,Wel geinteresseerd,3. links
7lkguFRx_T-6lTq1VncQAQ**,set_61,Vrouw,34,Bachelor HBO/WO,Enigszins geinteresseerd,4. midden
7lkguFRx_T-6ntl17vhseQ**,set_7,Man,43,Bachelor HBO/WO,Wel geinteresseerd,4. midden
7lkguFRx_T-6qVoTCpYw5g**,set_123,Man,50,Bachelor HBO/WO,Wel geinteresseerd,6. rechts
7lkguFRx_T-6qWVU4pTROw**,set_54,Man,28,Bachelor HBO/WO,Niet geintereseerd,4. midden
7lkguFRx_T-6s0Pu2P7WXA**,set_14,Man,37,Bachelor HBO/WO,Enigszins geinteresseerd,3. links
7lkguFRx_T-6zqeKFTG3aw**,set_46,Man,59,HAVO/VWO,Enigszins geinteresseerd,5. rechts
7lkguFRx_T-7Crm8goAVIQ**,set_98,Man,78,Bachelor HBO/WO,Wel geinteresseerd,2. links
7lkguFRx_T-7KOgzkSyIOQ**,set_119,Vrouw,35,MBO,Enigszins niet geinteresseerd,4. midden
7lkguFRx_T-7S42-IrFPQw**,set_20,Man,61,HAVO/VWO,Wel geinteresseerd,6. rechts
7lkguFRx_T-7zP8lxj2coQ**,set_49,Man,32,Bachelor HBO/WO,Wel geinteresseerd,5. rechts
7lkguFRx_T-82U2kG-yfFw**,set_2,Vrouw,79,Bachelor HBO/WO,Wel geinteresseerd,3. links
7lkguFRx_T-870gDR0L9fA**,set_67,Man,57,MBO,neutraal,6. rechts
7lkguFRx_T-8Ie0trzv7qg**,set_112,Man,38,MBO,Wel geinteresseerd,5. rechts
7lkguFRx_T-8YJWfrj_WuQ**,set_73,Man,38,VMBO,Zeer geinteresseerd,6. rechts
7lkguFRx_T-8YaFwT9NykA**,set_49,Man,28,Master HBO/WO,Helemaal niet geinteresseerd,1. links
7lkguFRx_T-8w2E1BVhnPQ**,set_43,Vrouw,75,VMBO,Wel geinteresseerd,4. midden
7lkguFRx_T-8wYxYkuYOyw**,set_44,Vrouw,58,VMBO,neutraal,3. links
7lkguFRx_T-937MEwOKAGA**,set_83,Man,74,MBO,Wel geinteresseerd,2. links
7lkguFRx_T-98pAheDmvpA**,set_64,Vrouw,32,MBO,Enigszins geinteresseerd,5. rechts
7lkguFRx_T-9LSXrZC7j4w**,set_95,Man,37,Bachelor HBO/WO,Enigszins niet geinteresseerd,5. rechts
7lkguFRx_T-9ZnNQeotL6Q**,set_123,Vrouw,37,HAVO/VWO,Wel geinteresseerd,1. links
7lkguFRx_T-9ebymGFMn4A**,set_41,Man,68,Bachelor HBO/WO,Zeer geinteresseerd,5. rechts
7lkguFRx_T-9iLcJmIB1rw**,set_86,Man,54,Bachelor HBO/WO,Enigszins geinteresseerd,5. rechts
7lkguFRx_T-9ijij345MeQ**,set_61,Vrouw,27,Bachelor HBO/WO,Enigszins geinteresseerd,4. midden
7lkguFRx_T-A1OEhft1wdQ**,set_28,Man,79,Master HBO/WO,Wel geinteresseerd,4. midden
7lkguFRx_T-A2NM8i697Nw**,set_97,Vrouw,40,MBO,neutraal,4. midden
7lkguFRx_T-A79Wj2EZtMg**,set_1,Man,72,Bachelor HBO/WO,Wel geinteresseerd,5. rechts
7lkguFRx_T-A8tQOt6x28g**,set_53,Vrouw,46,MBO,Enigszins niet geinteresseerd,4. midden
7lkguFRx_T-AJsnlHHjzkA**,set_16,Vrouw,59,Bachelor HBO/WO,Enigszins geinteresseerd,5. rechts
7lkguFRx_T-AhMEGem4yPA**,set_40,Man,60,Bachelor HBO/WO,Enigszins geinteresseerd,5. rechts
7lkguFRx_T-AjBfmSjccpw**,set_56,Man,58,Bachelor HBO/WO,Wel geinteresseerd,4. midden
7lkguFRx_T-Aug-IOXPTTA**,set_100,Man,40,Master HBO/WO,Zeer geinteresseerd,5. rechts
7lkguFRx_T-B5cblF5MqBw**,set_7,Man,53,MBO,Wel geinteresseerd,6. rechts
7lkguFRx_T-BKmu6gMnr_w**,set_97,Man,69,Bachelor HBO/WO,Wel geinteresseerd,4. midden
7lkguFRx_T-BOMGyoI-K9g**,set_104,Vrouw,44,MBO,Enigszins geinteresseerd,4. midden
7lkguFRx_T-BQDGd51MDOA**,set_73,Vrouw,64,MBO,Enigszins geinteresseerd,4. midden
7lkguFRx_T-BXYNYiZ-vUQ**,set_86,Vrouw,69,MBO,neutraal,5. rechts
7lkguFRx_T-BhgOlyiRRqw**,set_23,Man,50,MBO,Wel geinteresseerd,2. links
7lkguFRx_T-BiGyP9jsebQ**,set_14,Man,79,Bachelor HBO/WO,Zeer geinteresseerd,2. links
7lkguFRx_T-BiXtHHMixjw**,set_112,Vrouw,60,MBO,Niet geintereseerd,4. midden
7lkguFRx_T-BxQHqvvFHQg**,set_92,Vrouw,29,Bachelor HBO/WO,Niet geintereseerd,3. links
7lkguFRx_T-CEATT2iB67w**,set_111,Vrouw,53,VMBO,Enigszins geinteresseerd,4. midden
7lkguFRx_T-CGijaoU5W8Q**,set_21,Man,68,MBO,Enigszins geinteresseerd,5. rechts
7lkguFRx_T-CU-i43Nj98w**,set_96,Man,53,MBO,Wel geinteresseerd,5. rechts
7lkguFRx_T-CVBzSbhkOYg**,set_1,Man,79,HAVO/VWO,neutraal,5. rechts
7lkguFRx_T-CZGcTTvXGtw**,set_97,Vrouw,57,Bachelor HBO/WO,Zeer geinteresseerd,5. rechts
7lkguFRx_T-CgsSO61Z_Eg**,set_121,Man,72,MBO,Enigszins geinteresseerd,5. rechts
7lkguFRx_T-CgvynL6lBKw**,set_72,Vrouw,65,MBO,Zeer geinteresseerd,6. rechts
7lkguFRx_T-CoG6az5WzcQ**,set_35,Vrouw,54,MBO,Enigszins geinteresseerd,2. links
7lkguFRx_T-CzsFmUpxliQ**,set_74,Vrouw,077,MBO,Helemaal niet geinteresseerd,4. midden
7lkguFRx_T-D2o7tie7IzQ**,set_103,Man,68,Master HBO/WO,Zeer geinteresseerd,4. midden
7lkguFRx_T-D3Jq-nM6klQ**,set_77,Vrouw,40,MBO,Niet geintereseerd,6. rechts
7lkguFRx_T-D6FPoIAHPYw**,set_115,Man,71,Master HBO/WO,Wel geinteresseerd,4. midden
7lkguFRx_T-DGzq2tc2gRg**,set_14,Man,34,HAVO/VWO,Wel geinteresseerd,2. links
7lkguFRx_T-DKKz_-GRFBA**,set_120,Vrouw,48,Master HBO/WO,Helemaal niet geinteresseerd,4. midden
7lkguFRx_T-DUKy4bUfOPA**,set_46,Man,81,Master HBO/WO,Wel geinteresseerd,2. links
7lkguFRx_T-Druld_rbPnA**,set_50,Man,63,Master HBO/WO,Wel geinteresseerd,2. links
7lkguFRx_T-Dv69SW8PgPQ**,set_21,Anders,48,MBO,Enigszins geinteresseerd,4. midden
7lkguFRx_T-Dwc4HiyH8tA**,set_64,Man,65,HAVO/VWO,Wel geinteresseerd,5. rechts
7lkguFRx_T-E0PcT4LBavg**,set_28,Vrouw,50,MBO,Enigszins niet geinteresseerd,5. rechts
7lkguFRx_T-EHVGpQQsuJQ**,set_26,Vrouw,50,Bachelor HBO/WO,Wel geinteresseerd,2. links
7lkguFRx_T-EWTaVBDq0uA**,set_15,Man,73,MBO,Wel geinteresseerd,4. midden
7lkguFRx_T-EZAjhXLAi7g**,set_61,Vrouw,27,Bachelor HBO/WO,Enigszins geinteresseerd,5. rechts
7lkguFRx_T-EZKUOD0NrCw**,set_119,Vrouw,54,MBO,Enigszins niet geinteresseerd,4. midden
7lkguFRx_T-EhlwMD0uALg**,set_6,Vrouw,23,MBO,Enigszins geinteresseerd,2. links
7lkguFRx_T-Er1l6RGEh4Q**,set_93,Man,48,HAVO/VWO,Enigszins geinteresseerd,1. links
7lkguFRx_T-F-z7oMfYG1Q**,set_19,Vrouw,42,Bachelor HBO/WO,Helemaal niet geinteresseerd,5. rechts
7lkguFRx_T-F2krWukDDTA**,set_86,Vrouw,59,MBO,Enigszins geinteresseerd,5. rechts
7lkguFRx_T-FBSG1cAFiLA**,set_121,Vrouw,43,MBO,Wel geinteresseerd,7. rechts
7lkguFRx_T-FEhsRk4UoFw**,set_71,Man,24,HAVO/VWO,Wel geinteresseerd,5. rechts
7lkguFRx_T-FG7nrXXaQ1g**,set_5,Man,55,MBO,Wel geinteresseerd,5. rechts
7lkguFRx_T-FHqdu3Lk0cg**,set_22,Vrouw,77,Master HBO/WO,Wel geinteresseerd,2. links
7lkguFRx_T-FVMs_z9FdAg**,set_32,Vrouw,34,VMBO,Enigszins geinteresseerd,4. midden
7lkguFRx_T-Fi_iAeZblGw**,set_74,Vrouw,77,MBO,Enigszins geinteresseerd,3. links
7lkguFRx_T-FmRNCeRNtnA**,set_89,Man,54,MBO,Wel geinteresseerd,6. rechts
7lkguFRx_T-FoxMtHSQuWQ**,set_68,Vrouw,63,VMBO,Zeer geinteresseerd,6. rechts
7lkguFRx_T-GCmB0qdF_EA**,set_58,Vrouw,55,MBO,Zeer geinteresseerd,5. rechts
7lkguFRx_T-GL9AezSJESw**,set_108,Vrouw,68,VMBO,Niet geintereseerd,5. rechts
7lkguFRx_T-GP5duYBarHA**,set_34,Vrouw,62,Bachelor HBO/WO,Enigszins geinteresseerd,2. links
7lkguFRx_T-GSp7-NKujig**,set_22,Man,74,MBO,Niet geintereseerd,5. rechts
7lkguFRx_T-GX1GFMH2iJg**,set_5,Man,44,VMBO,neutraal,3. links
7lkguFRx_T-GdfIyLSEXqA**,set_76,Vrouw,56,MBO,Wel geinteresseerd,6. rechts
7lkguFRx_T-GfLKHCdAJMw**,set_83,Vrouw,59,HAVO/VWO,neutraal,5. rechts
7lkguFRx_T-GiwpTTWAkcg**,set_106,Man,67,Bachelor HBO/WO,Zeer geinteresseerd,7. rechts
7lkguFRx_T-Gu2K_YobV_Q**,set_26,Man,82,VMBO,Wel geinteresseerd,6. rechts
7lkguFRx_T-Gwqrl_uf1pg**,set_111,Man,58,MBO,Niet geintereseerd,6. rechts
7lkguFRx_T-HIu9CNXICSg**,set_110,Man,69,Bachelor HBO/WO,Zeer geinteresseerd,1. links
7lkguFRx_T-HOgRwTPqNaw**,set_88,Man,73,Master HBO/WO,Enigszins geinteresseerd,3. links
7lkguFRx_T-HaHknFHox4A**,set_71,Vrouw,24,Master HBO/WO,Enigszins geinteresseerd,5. rechts
7lkguFRx_T-HgF8eS7qqnA**,set_14,Man,38,Master HBO/WO,Wel geinteresseerd,7. rechts
7lkguFRx_T-HnoR4oCxcnA**,set_48,Man,25,Bachelor HBO/WO,Niet geintereseerd,6. rechts
7lkguFRx_T-HrgStEvu3ow**,set_103,Man,62,HAVO/VWO,Wel geinteresseerd,5. rechts
7lkguFRx_T-Ht24qx01ciw**,set_88,Man,60,MBO,Wel geinteresseerd,4. midden
7lkguFRx_T-I25JSi_dnqg**,set_44,Man,68,MBO,Zeer geinteresseerd,3. links
7lkguFRx_T-IGxrZWX0F8g**,set_48,Vrouw,27,Bachelor HBO/WO,Wel geinteresseerd,4. midden
7lkguFRx_T-IhA8RYCEXEQ**,set_79,Man,51,Bachelor HBO/WO,Niet geintereseerd,2. links
7lkguFRx_T-JNMxnwfk65A**,set_93,Man,72,Bachelor HBO/WO,Wel geinteresseerd,2. links
7lkguFRx_T-JPPaXy3C6Zw**,set_109,Vrouw,32,Master HBO/WO,Wel geinteresseerd,6. rechts
7lkguFRx_T-JqzdU8CldGA**,set_46,Man,66,VMBO,Enigszins niet geinteresseerd,4. midden
7lkguFRx_T-JucBVbbLRVQ**,set_2,Vrouw,65,Bachelor HBO/WO,Zeer geinteresseerd,6. rechts
7lkguFRx_T-K7LKssQt6qA**,set_50,Vrouw,55,MBO,Enigszins niet geinteresseerd,4. midden
7lkguFRx_T-KAHopS5ic3w**,set_8,Vrouw,42,MBO,neutraal,4. midden
7lkguFRx_T-KIz-iFfV1xQ**,set_115,Vrouw,59,MBO,Enigszins niet geinteresseerd,4. midden
7lkguFRx_T-KKU6e2meM2Q**,set_68,Man,65,Master HBO/WO,Wel geinteresseerd,2. links
7lkguFRx_T-KNczREKFFGw**,set_69,Vrouw,54,MBO,Enigszins geinteresseerd,3. links
7lkguFRx_T-KTgZmdu09iA**,set_122,Vrouw,15,Basisonderwijs,neutraal,3. links
7lkguFRx_T-KkZhNtF1Cag**,set_51,Vrouw,57,MBO,Zeer geinteresseerd,1. links
7lkguFRx_T-Knujhp9ijlg**,set_97,Vrouw,67,MBO,Wel geinteresseerd,6. rechts
7lkguFRx_T-KwntY9z5wzw**,set_101,Vrouw,66,MBO,Wel geinteresseerd,6. rechts
7lkguFRx_T-L7V8isagChA**,set_54,Vrouw,63,HAVO/VWO,Niet geintereseerd,4. midden
7lkguFRx_T-L8GT2QQpk4g**,set_81,Vrouw,27,HAVO/VWO,Wel geinteresseerd,4. midden
7lkguFRx_T-LB5_6ewgrHA**,set_25,Vrouw,51,HAVO/VWO,Wel geinteresseerd,6. rechts
7lkguFRx_T-LBhos1BWaPw**,set_40,Vrouw,30,MBO,Enigszins niet geinteresseerd,4. midden
7lkguFRx_T-LDPBpmPrhKw**,set_20,Man,70,Bachelor HBO/WO,Zeer geinteresseerd,3. links
7lkguFRx_T-LKEu4mwSMMw**,set_43,Man,51,Master HBO/WO,Wel geinteresseerd,3. links
7lkguFRx_T-LNHJ1E4N1sw**,set_17,Man,36,Master HBO/WO,Zeer geinteresseerd,7. rechts
7lkguFRx_T-LNxxTi9ZDqw**,set_40,Vrouw,41,MBO,Enigszins geinteresseerd,4. midden
7lkguFRx_T-LXGdHQ6fIlA**,set_72,Man,61,Bachelor HBO/WO,Wel geinteresseerd,2. links
7lkguFRx_T-Lb5ngBnrYXA**,set_85,Vrouw,44,MBO,Wel geinteresseerd,5. rechts
7lkguFRx_T-LhQ8QKKYK3Q**,set_26,Anders,30,Master HBO/WO,neutraal,2. links
7lkguFRx_T-LlMyDQZstGA**,set_80,Vrouw,70,Bachelor HBO/WO,Enigszins geinteresseerd,4. midden
7lkguFRx_T-LspS_ROB4eA**,set_95,Man,55,Bachelor HBO/WO,neutraal,5. rechts
7lkguFRx_T-M1Yd7ua_I1g**,set_90,Man,80,Bachelor HBO/WO,Wel geinteresseerd,3. links
7lkguFRx_T-MOMq3uvgqUA**,set_68,Vrouw,48,VMBO,Enigszins geinteresseerd,1. links
7lkguFRx_T-MSdzFJ-uwQw**,set_51,Man,49,MBO,Wel geinteresseerd,4. midden
7lkguFRx_T-MZu_lPMRtKw**,set_45,Man,42,Bachelor HBO/WO,Zeer geinteresseerd,7. rechts
7lkguFRx_T-MyolJx8lcxg**,set_11,Vrouw,32,Bachelor HBO/WO,neutraal,4. midden
7lkguFRx_T-Mzbg3hbjIxg**,set_4,Man,80,Master HBO/WO,Zeer geinteresseerd,2. links
7lkguFRx_T-NBWTr5ckjIA**,set_95,Anders,28,HAVO/VWO,Niet geintereseerd,3. links
7lkguFRx_T-NJBlUyGrv8w**,set_21,Vrouw,58,MBO,Wel geinteresseerd,5. rechts
7lkguFRx_T-NSoZzHlhmIw**,set_31,Vrouw,50,Bachelor HBO/WO,Enigszins geinteresseerd,5. rechts
7lkguFRx_T-OWKoFEyeE4Q**,set_46,Man,60,MBO,Wel geinteresseerd,6. rechts
7lkguFRx_T-O_1YZ18pWsQ**,set_96,Vrouw,66,Bachelor HBO/WO,Wel geinteresseerd,3. links
7lkguFRx_T-OkN4u0zH4Tw**,set_15,Vrouw,58,MBO,Zeer geinteresseerd,3. links
7lkguFRx_T-Olw7NSPfP_Q**,set_94,Man,34,Master HBO/WO,Zeer geinteresseerd,7. rechts
7lkguFRx_T-Om-RMyRZ_9A**,set_78,Vrouw,55,MBO,neutraal,3. links
7lkguFRx_T-OpfQAjxteTA**,set_57,Man,41,Master HBO/WO,Wel geinteresseerd,1. links
7lkguFRx_T-P6O3BLDZGPg**,set_102,Vrouw,32,Bachelor HBO/WO,Wel geinteresseerd,2. links
7lkguFRx_T-PGbzL_rFwdg**,set_80,Vrouw,22,MBO,Wel geinteresseerd,7. rechts
7lkguFRx_T-PH2R8uQuLCw**,set_69,Man,43,VMBO,Enigszins geinteresseerd,6. rechts
7lkguFRx_T-PHkIbUhrFNg**,set_12,Man,24,Bachelor HBO/WO,Enigszins niet geinteresseerd,3. links
7lkguFRx_T-PKLaYO6jCwg**,set_97,Man,68,HAVO/VWO,Zeer geinteresseerd,3. links
7lkguFRx_T-PVTadIRKeNg**,set_10,Man,79,Bachelor HBO/WO,Zeer geinteresseerd,4. midden
7lkguFRx_T-Pd7iptacyJw**,set_111,Vrouw,26,Bachelor HBO/WO,Enigszins geinteresseerd,5. rechts
7lkguFRx_T-PzVEUgHOD4A**,set_48,Man,36,VMBO,Enigszins geinteresseerd,6. rechts
7lkguFRx_T-QCeoklJzQcA**,set_44,Man,62,HAVO/VWO,Wel geinteresseerd,4. midden
7lkguFRx_T-QKGNsrlLUtQ**,set_91,Vrouw,83,HAVO/VWO,Wel geinteresseerd,5. rechts
7lkguFRx_T-QSDSlvnXgXQ**,set_72,Man,71,Master HBO/WO,Wel geinteresseerd,5. rechts
7lkguFRx_T-QZDwKGutf7A**,set_28,Man,74,Master HBO/WO,Zeer geinteresseerd,3. links
7lkguFRx_T-Qf2YGkblRLw**,set_117,Man,72,Master HBO/WO,Zeer geinteresseerd,2. links
7lkguFRx_T-Qfo7HrLTMsA**,set_20,Vrouw,65,MBO,Enigszins niet geinteresseerd,2. links
7lkguFRx_T-Qk5nkS-zftA**,set_36,Man,77,VMBO,Enigszins geinteresseerd,6. rechts
7lkguFRx_T-Qmelqiu0VwQ**,set_107,Man,69,HAVO/VWO,Wel geinteresseerd,3. links
7lkguFRx_T-Qqh5s18oT8A**,set_11,Man,34,Bachelor HBO/WO,Helemaal niet geinteresseerd,2. links
7lkguFRx_T-QuAgxll2v2w**,set_68,Vrouw,65,MBO,Wel geinteresseerd,1. links
7lkguFRx_T-R2wcfMRVeIQ**,set_80,Man,37,VMBO,Enigszins geinteresseerd,6. rechts
7lkguFRx_T-R4a6K5Ebx8g**,set_6,Vrouw,33,Master HBO/WO,Wel geinteresseerd,2. links
7lkguFRx_T-R5PZxAHU8hQ**,set_120,Man,77,VMBO,neutraal,5. rechts
7lkguFRx_T-R9PcCL-NtmQ**,set_103,Vrouw,81,VMBO,Enigszins geinteresseerd,4. midden
7lkguFRx_T-RL-PoyJCx7g**,set_13,Vrouw,29,Bachelor HBO/WO,Enigszins geinteresseerd,5. rechts
7lkguFRx_T-Resg-QHjBdQ**,set_94,Man,70,HAVO/VWO,Enigszins geinteresseerd,4. midden
7lkguFRx_T-RewNklFioTg**,set_8,Man,35,MBO,Helemaal niet geinteresseerd,4. midden
7lkguFRx_T-RpqMwqheRAA**,set_17,Vrouw,26,Bachelor HBO/WO,Enigszins geinteresseerd,5. rechts
7lkguFRx_T-SBdQxt-H4GA**,set_4,Man,76,MBO,Zeer geinteresseerd,6. rechts
7lkguFRx_T-SCjFloPLR5Q**,set_9,Man,69,VMBO,Zeer geinteresseerd,7. rechts
7lkguFRx_T-SEdvQ3Fh3jw**,set_60,Vrouw,19,HAVO/VWO,Enigszins niet geinteresseerd,3. links
7lkguFRx_T-Ss9BGNGxQdQ**,set_21,Vrouw,60,VMBO,Helemaal niet geinteresseerd,4. midden
7lkguFRx_T-Ssnxhma6lew**,set_100,Man,66,MBO,neutraal,5. rechts
7lkguFRx_T-T6vQK3VbFHA**,set_79,Vrouw,38,Master HBO/WO,neutraal,5. rechts
7lkguFRx_T-THP5VfZtVjQ**,set_18,Man,78,VMBO,Enigszins geinteresseerd,7. rechts
7lkguFRx_T-TK5nxBYVQTg**,set_36,Man,81,MBO,Enigszins niet geinteresseerd,4. midden
7lkguFRx_T-TLHjZ2WXNOA**,set_36,Vrouw,26,VMBO,Niet geintereseerd,6. rechts
7lkguFRx_T-TRxWppf_PTQ**,set_51,Vrouw,36,MBO,Enigszins geinteresseerd,6. rechts
7lkguFRx_T-TT-USxngFSg**,set_114,Vrouw,62,MBO,Wel geinteresseerd,4. midden
7lkguFRx_T-TTr8W0puVAg**,set_114,Vrouw,54,Bachelor HBO/WO,Wel geinteresseerd,7. rechts
7lkguFRx_T-TYJqE5QD-iQ**,set_14,Vrouw,19,MBO,neutraal,4. midden
7lkguFRx_T-TdooHY8KExQ**,set_32,Man,57,Bachelor HBO/WO,Wel geinteresseerd,1. links
7lkguFRx_T-TemC4R_Ch8w**,set_9,Man,68,MBO,Enigszins geinteresseerd,3. links
7lkguFRx_T-TesKgz7aKUw**,set_3,Man,65,HAVO/VWO,neutraal,5. rechts
7lkguFRx_T-TfgUqhoZRIg**,set_35,Vrouw,39,MBO,Wel geinteresseerd,5. rechts
7lkguFRx_T-ThPMCV3Dexw**,set_53,Vrouw,35,MBO,Zeer geinteresseerd,4. midden
7lkguFRx_T-TmLWO4gOG_Q**,set_69,Vrouw,64,HAVO/VWO,Niet geintereseerd,7. rechts
7lkguFRx_T-Tv4XyPbfWPw**,set_79,Vrouw,23,MBO,Niet geintereseerd,4. midden
7lkguFRx_T-TxMzItSNnsA**,set_50,Vrouw,75,VMBO,Enigszins geinteresseerd,7. rechts
7lkguFRx_T-TyAaKXNMkwQ**,set_86,Vrouw,80,Master HBO/WO,Wel geinteresseerd,3. links
7lkguFRx_T-U1m1aBlUvWw**,set_73,Vrouw,36,MBO,Enigszins geinteresseerd,5. rechts
7lkguFRx_T-U4GVGBCVOJA**,set_103,Vrouw,64,MBO,Enigszins geinteresseerd,6. rechts
7lkguFRx_T-UCYLmhZQeRg**,set_61,Vrouw,65,MBO,Enigszins niet geinteresseerd,2. links
7lkguFRx_T-UD-onAr2l2Q**,set_92,Vrouw,42,Bachelor HBO/WO,Enigszins geinteresseerd,5. rechts
7lkguFRx_T-UEumuyu6f0w**,set_11,Vrouw,73,VMBO,Wel geinteresseerd,2. links
7lkguFRx_T-UF_AY4QCMUw**,set_76,Vrouw,29,HAVO/VWO,neutraal,4. midden
7lkguFRx_T-UFqReyaeEdw**,set_112,Vrouw,22,HAVO/VWO,Wel geinteresseerd,4. midden
7lkguFRx_T-ULOoX6q-NfA**,set_106,Man,1976,Bachelor HBO/WO,Enigszins geinteresseerd,5. rechts
7lkguFRx_T-UN_kxW-3VAA**,set_82,Man,68,MBO,Enigszins geinteresseerd,6. rechts
7lkguFRx_T-USoU2ZTWJ1w**,set_111,Vrouw,45,MBO,Zeer geinteresseerd,4. midden
7lkguFRx_T-UdWm47NoxFA**,set_77,Vrouw,69,VMBO,Enigszins geinteresseerd,4. midden
7lkguFRx_T-V8o_-WLY8zg**,set_121,Man,83,MBO,neutraal,5. rechts
7lkguFRx_T-VMSnUF9pklA**,set_101,Vrouw,29,MBO,Enigszins geinteresseerd,5. rechts
7lkguFRx_T-VQwQGHozQYA**,set_124,Vrouw,40,MBO,Wel geinteresseerd,6. rechts
7lkguFRx_T-VdhSuYMtFEw**,set_102,Man,63,VMBO,Wel geinteresseerd,3. links
7lkguFRx_T-VdyfhpjLe_Q**,set_62,Man,21,MBO,neutraal,5. rechts
7lkguFRx_T-VjAYOZrLzEQ**,set_38,Man,72,Master HBO/WO,Zeer geinteresseerd,2. links
7lkguFRx_T-VqR3IWW0IRQ**,set_65,Man,39,VMBO,Enigszins geinteresseerd,4. midden
7lkguFRx_T-Vqm4UPiLQPQ**,set_58,Vrouw,33,MBO,Wel geinteresseerd,5. rechts
7lkguFRx_T-VrcITcH8RSw**,set_8,Man,72,Master HBO/WO,Wel geinteresseerd,4. midden
7lkguFRx_T-VsEp9CAPZqg**,set_92,Vrouw,49,VMBO,Wel geinteresseerd,6. rechts
7lkguFRx_T-Vy1MubC-LoQ**,set_51,Man,65,HAVO/VWO,Enigszins geinteresseerd,4. midden
7lkguFRx_T-W9vPVomc6kQ**,set_25,Vrouw,54,MBO,neutraal,6. rechts
7lkguFRx_T-WLtlyphAKrw**,set_32,Man,40,Master HBO/WO,Zeer geinteresseerd,7. rechts
7lkguFRx_T-W_OVVbr0O6A**,set_5,Man,69,MBO,neutraal,2. links
7lkguFRx_T-Wkmsxl7zd2w**,set_68,Man,78,Bachelor HBO/WO,Enigszins geinteresseerd,4. midden
7lkguFRx_T-WlqMk6KzXHQ**,set_51,Vrouw,55,MBO,Wel geinteresseerd,4. midden
7lkguFRx_T-X50EwEwnKxw**,set_56,Vrouw,42,Bachelor HBO/WO,Enigszins geinteresseerd,5. rechts
7lkguFRx_T-XGNN1L6dzNQ**,set_23,Vrouw,39,Bachelor HBO/WO,Wel geinteresseerd,5. rechts
7lkguFRx_T-XH9qX2CWfig**,set_41,Vrouw,30,Master HBO/WO,Helemaal niet geinteresseerd,4. midden
7lkguFRx_T-XMDLhbMzO7A**,set_7,Man,70,MBO,Enigszins geinteresseerd,5. rechts
7lkguFRx_T-XQbAgwk5YWA**,set_105,Vrouw,69,VMBO,Enigszins geinteresseerd,4. midden
7lkguFRx_T-XRHMVc4X0Nw**,set_3,Man,71,MBO,Enigszins geinteresseerd,4. midden
7lkguFRx_T-XRYKBR_NM9g**,set_36,Vrouw,47,Master HBO/WO,Wel geinteresseerd,6. rechts
7lkguFRx_T-X_-7Z2_cNVQ**,set_61,Vrouw,62,MBO,Enigszins geinteresseerd,4. midden
7lkguFRx_T-Xm7ouiajiAw**,set_87,Vrouw,68,Bachelor HBO/WO,Enigszins geinteresseerd,2. links
7lkguFRx_T-Xz8Nt8qgn5Q**,set_60,Man,45,HAVO/VWO,Niet geintereseerd,7. rechts
7lkguFRx_T-Y4XHY27iyHg**,set_29,Man,43,Master HBO/WO,Enigszins geinteresseerd,5. rechts
7lkguFRx_T-YAMesyGcgAA**,set_60,Vrouw,37,MBO,Enigszins geinteresseerd,3. links
7lkguFRx_T-Yusi3Tjdo0g**,set_54,Man,29,MBO,Wel geinteresseerd,7. rechts
7lkguFRx_T-Z3nqsApcR4g**,set_64,Vrouw,63,VMBO,Zeer geinteresseerd,7. rechts
7lkguFRx_T-ZHi7QpnOR_A**,set_119,Vrouw,45,MBO,Enigszins geinteresseerd,5. rechts
7lkguFRx_T-ZHkByVF-JQA**,set_15,Man,55,Master HBO/WO,Zeer geinteresseerd,6. rechts
7lkguFRx_T-ZKW0xXpBVGw**,set_102,Man,65,HAVO/VWO,Wel geinteresseerd,4. midden
7lkguFRx_T-ZWcZBYrdo8A**,set_15,Man,20,HAVO/VWO,Zeer geinteresseerd,2. links
7lkguFRx_T-Z_Y2oc6A7Jw**,set_103,Vrouw,65,Bachelor HBO/WO,Zeer geinteresseerd,2. links
7lkguFRx_T-Zh_eRD6qMxg**,set_59,Vrouw,54,MBO,neutraal,5. rechts
7lkguFRx_T-Zs0kik-rpHQ**,set_94,Vrouw,65,Bachelor HBO/WO,Enigszins geinteresseerd,5. rechts
7lkguFRx_T-_GmaBk14K6w**,set_51,Man,44,HAVO/VWO,Wel geinteresseerd,6. rechts
7lkguFRx_T-_MQaZXK3_2Q**,set_85,Vrouw,49,Basisonderwijs,Niet geintereseerd,4. midden
7lkguFRx_T-_azJRJjamEw**,set_62,Vrouw,39,Basisonderwijs,Zeer geinteresseerd,7. rechts
7lkguFRx_T-_f12V0Afv4g**,set_43,Vrouw,58,VMBO,Wel geinteresseerd,6. rechts
7lkguFRx_T-_g_18u_kXeg**,set_11,Vrouw,41,MBO,Wel geinteresseerd,4. midden
7lkguFRx_T-_mvWr4Pd33Q**,set_122,Vrouw,33,Bachelor HBO/WO,Enigszins geinteresseerd,6. rechts
7lkguFRx_T-_yN8BmIscbQ**,set_9,Vrouw,40,Bachelor HBO/WO,Enigszins geinteresseerd,5. rechts
7lkguFRx_T-a2yn93uy2uA**,set_1,Vrouw,43,Master HBO/WO,neutraal,1. links
7lkguFRx_T-aBBSqsGH2pg**,set_115,Vrouw,49,HAVO/VWO,Zeer geinteresseerd,5. rechts
7lkguFRx_T-aE0QZg-jOxA**,set_65,Man,54,Bachelor HBO/WO,Wel geinteresseerd,4. midden
7lkguFRx_T-aGevA_bQhMw**,set_30,Vrouw,37,Bachelor HBO/WO,Enigszins geinteresseerd,5. rechts
7lkguFRx_T-aHZQ4QPW5iw**,set_106,Man,59,MBO,Wel geinteresseerd,6. rechts
7lkguFRx_T-aZM2z9rGMLw**,set_53,Vrouw,43,MBO,Zeer geinteresseerd,3. links
7lkguFRx_T-adrrOtnwS3w**,set_75,Man,28,MBO,Wel geinteresseerd,4. midden
7lkguFRx_T-amXr89Srsyg**,set_21,Vrouw,59,MBO,Enigszins geinteresseerd,4. midden
7lkguFRx_T-ao9bg-FePpQ**,set_90,Vrouw,74,VMBO,Wel geinteresseerd,2. links
7lkguFRx_T-arkoh_qw3-A**,set_33,Vrouw,41,Bachelor HBO/WO,Niet geintereseerd,3. links
7lkguFRx_T-b84stI7ipqA**,set_23,Man,66,MBO,Wel geinteresseerd,5. rechts
7lkguFRx_T-bAGDATcsHgg**,set_119,Man,51,VMBO,Enigszins geinteresseerd,6. rechts
7lkguFRx_T-bIGAghgKm0g**,set_29,Vrouw,29,VMBO,neutraal,4. midden
7lkguFRx_T-bLTuiUuiZUA**,set_7,Vrouw,69,MBO,Enigszins geinteresseerd,4. midden
7lkguFRx_T-bPbeitcVzEw**,set_88,Man,72,MBO,Enigszins niet geinteresseerd,5. rechts
7lkguFRx_T-b_oRqJawAHg**,set_22,Man,80,HAVO/VWO,Wel geinteresseerd,3. links
7lkguFRx_T-baYyzoKwCtg**,set_37,Vrouw,050,Master HBO/WO,Wel geinteresseerd,6. rechts
7lkguFRx_T-bfSKX5_OWLQ**,set_55,Man,61,VMBO,neutraal,4. midden
7lkguFRx_T-bo8x2gb1RBg**,set_89,Vrouw,63,HAVO/VWO,Enigszins geinteresseerd,4. midden
7lkguFRx_T-bv48BtwjcMA**,set_23,Vrouw,28,Bachelor HBO/WO,neutraal,2. links
7lkguFRx_T-c5wkRqWkzIw**,set_116,Man,70,MBO,Enigszins geinteresseerd,6. rechts
7lkguFRx_T-c8W-gn-Jo-w**,set_117,Man,57,HAVO/VWO,Wel geinteresseerd,5. rechts
7lkguFRx_T-cAkaiCoRahQ**,set_61,Vrouw,63,VMBO,Enigszins geinteresseerd,4. midden
7lkguFRx_T-cEDGmpxdxZQ**,set_30,Vrouw,71,Master HBO/WO,Wel geinteresseerd,3. links
7lkguFRx_T-cO5QiXA1g5w**,set_92,Vrouw,72,MBO,Zeer geinteresseerd,4. midden
7lkguFRx_T-c_U46rLmUCw**,set_80,Vrouw,27,Bachelor HBO/WO,Enigszins geinteresseerd,4. midden
7lkguFRx_T-ccf66mNiWBg**,set_76,Man,63,MBO,Enigszins geinteresseerd,5. rechts
7lkguFRx_T-cj3OwUZ7mgg**,set_3,Vrouw,31,Bachelor HBO/WO,Enigszins niet geinteresseerd,4. midden
7lkguFRx_T-clJHzfrRrdg**,set_42,Man,75,MBO,Wel geinteresseerd,2. links
7lkguFRx_T-cqfv3I5uAfw**,set_59,Man,44,MBO,Enigszins geinteresseerd,6. rechts
7lkguFRx_T-d-jkFvES2kw**,set_12,Vrouw,68,Bachelor HBO/WO,Wel geinteresseerd,4. midden
7lkguFRx_T-dGSkPSUMbvw**,set_108,Man,45,Bachelor HBO/WO,Wel geinteresseerd,5. rechts
7lkguFRx_T-dLq4YSc9Wvg**,set_80,Vrouw,38,Bachelor HBO/WO,Enigszins niet geinteresseerd,5. rechts
7lkguFRx_T-dRDpse7NynQ**,set_56,Man,69,Bachelor HBO/WO,Enigszins niet geinteresseerd,4. midden
7lkguFRx_T-dl1R2kRvjDg**,set_43,Vrouw,61,VMBO,Wel geinteresseerd,4. midden
7lkguFRx_T-dmubVho1a4Q**,set_116,Vrouw,54,MBO,Enigszins niet geinteresseerd,2. links
7lkguFRx_T-dmuxHnI5WSQ**,set_28,Man,51,MBO,neutraal,3. links
7lkguFRx_T-dvNbslfkbeg**,set_6,Man,52,VMBO,Enigszins geinteresseerd,4. midden
7lkguFRx_T-e4P4FtsHIDg**,set_62,Man,77,MBO,Wel geinteresseerd,4. midden
7lkguFRx_T-e8qNrk4EL1g**,set_77,Vrouw,43,Bachelor HBO/WO,Wel geinteresseerd,2. links
7lkguFRx_T-eGJiAvHQSsQ**,set_111,Vrouw,56,Bachelor HBO/WO,Zeer geinteresseerd,5. rechts
7lkguFRx_T-eXzB8qFA9lA**,set_5,Vrouw,57,MBO,Wel geinteresseerd,6. rechts
7lkguFRx_T-eY8e4ieML_g**,set_4,Man,61,Bachelor HBO/WO,Wel geinteresseerd,6. rechts
7lkguFRx_T-ekPpmfg0gkQ**,set_79,Vrouw,61,VMBO,Enigszins geinteresseerd,5. rechts
7lkguFRx_T-eneaXEpV2WQ**,set_79,Vrouw,18,VMBO,Enigszins geinteresseerd,4. midden
7lkguFRx_T-epwJ3xdiRGQ**,set_60,Man,77,MBO,Wel geinteresseerd,6. rechts
7lkguFRx_T-evjIvXSbBWQ**,set_107,Vrouw,65,VMBO,neutraal,4. midden
7lkguFRx_T-f9Ojm6Ndbow**,set_98,Vrouw,38,HAVO/VWO,neutraal,3. links
7lkguFRx_T-fBLwC4_aOMw**,set_58,Vrouw,53,Bachelor HBO/WO,Wel geinteresseerd,7. rechts
7lkguFRx_T-fJAJ8_rwt0g**,set_118,Man,67,MBO,Enigszins niet geinteresseerd,5. rechts
7lkguFRx_T-fNnAwyw5tEQ**,set_19,Man,67,HAVO/VWO,Wel geinteresseerd,3. links
7lkguFRx_T-fhcS19UhslQ**,set_45,Vrouw,48,MBO,neutraal,4. midden
7lkguFRx_T-fjWHXb1nWTg**,set_40,Man,61,MBO,Wel geinteresseerd,6. rechts
7lkguFRx_T-fsjiD-VbnCw**,set_101,Man,70,Bachelor HBO/WO,Zeer geinteresseerd,6. rechts
7lkguFRx_T-fvVQvQkS1mg**,set_113,Vrouw,48,MBO,Wel geinteresseerd,4. midden
7lkguFRx_T-g13wQjny_Xw**,set_36,Man,54,HAVO/VWO,neutraal,5. rechts
7lkguFRx_T-gIMmQhuAhnA**,set_14,Vrouw,65,MBO,Wel geinteresseerd,4. midden
7lkguFRx_T-gLOsWUk6Z1Q**,set_45,Vrouw,20,HAVO/VWO,Enigszins geinteresseerd,3. links
7lkguFRx_T-gRaColeP6Ww**,set_52,Man,62,MBO,Enigszins geinteresseerd,4. midden
7lkguFRx_T-gXXa_AhuUDQ**,set_20,Vrouw,47,Master HBO/WO,Enigszins geinteresseerd,5. rechts
7lkguFRx_T-ghkGV_i4BuQ**,set_43,Vrouw,37,Bachelor HBO/WO,Zeer geinteresseerd,5. rechts
7lkguFRx_T-grOAizHBayw**,set_18,Vrouw,41,Bachelor HBO/WO,Wel geinteresseerd,6. rechts
7lkguFRx_T-gxYITOay4Uw**,set_38,Vrouw,33,MBO,Enigszins geinteresseerd,4. midden
7lkguFRx_T-gzKHhfax0Xw**,set_49,Man,45,Master HBO/WO,neutraal,2. links
7lkguFRx_T-hA1XVT1UqjA**,set_110,Anders,24,MBO,Wel geinteresseerd,5. rechts
7lkguFRx_T-hFnjiCNhjFg**,set_42,Vrouw,28,MBO,Zeer geinteresseerd,7. rechts
7lkguFRx_T-hLo0Q6aMLSQ**,set_18,Man,69,Master HBO/WO,Wel geinteresseerd,6. rechts
7lkguFRx_T-hOE4uMvjcag**,set_29,Vrouw,50,HAVO/VWO,Niet geintereseerd,3. links
7lkguFRx_T-hZ85gqbc4Rg**,set_112,Vrouw,43,Bachelor HBO/WO,Enigszins geinteresseerd,3. links
7lkguFRx_T-hZjpCRgWXdg**,set_122,Vrouw,70,VMBO,Wel geinteresseerd,6. rechts
7lkguFRx_T-hkG5mwfBCZg**,set_101,Vrouw,46,MBO,Enigszins geinteresseerd,6. rechts
7lkguFRx_T-hnP9HY3NArg**,set_104,Man,20,Bachelor HBO/WO,Wel geinteresseerd,6. rechts
7lkguFRx_T-hqNXQdKH0qg**,set_6,Vrouw,49,Bachelor HBO/WO,Zeer geinteresseerd,2. links
7lkguFRx_T-hqt7k7PXYow**,set_24,Vrouw,39,Bachelor HBO/WO,Wel geinteresseerd,6. rechts
7lkguFRx_T-hrBgss3dt3A**,set_76,Man,74,MBO,Wel geinteresseerd,4. midden
7lkguFRx_T-hyTBpKprYKg**,set_7,Vrouw,54,HAVO/VWO,Zeer geinteresseerd,4. midden
7lkguFRx_T-hyrCrzk059Q**,set_89,Man,33,Bachelor HBO/WO,Enigszins geinteresseerd,6. rechts
7lkguFRx_T-i-mYy2vPsIQ**,set_119,Vrouw,51,Bachelor HBO/WO,Zeer geinteresseerd,7. rechts
7lkguFRx_T-i9b2ZqXREtQ**,set_12,Man,51,Master HBO/WO,Zeer geinteresseerd,3. links
7lkguFRx_T-iA_5dUDnmRw**,set_21,Vrouw,57,MBO,Enigszins niet geinteresseerd,4. midden
7lkguFRx_T-iCOB1PKU14Q**,set_81,Man,65,VMBO,Enigszins geinteresseerd,6. rechts
7lkguFRx_T-iF8yzvPXlFw**,set_9,Vrouw,52,MBO,Wel geinteresseerd,3. links
7lkguFRx_T-iG7Wiy7ODJQ**,set_118,Man,75,Master HBO/WO,Zeer geinteresseerd,2. links
7lkguFRx_T-iKbQD7z9RRw**,set_118,Vrouw,48,MBO,Enigszins geinteresseerd,3. links
7lkguFRx_T-iUG7jflTmnw**,set_31,Man,52,HAVO/VWO,Wel geinteresseerd,5. rechts
7lkguFRx_T-ilsG4WkLo0g**,set_7,Vrouw,53,Bachelor HBO/WO,Zeer geinteresseerd,5. rechts
7lkguFRx_T-ins4C7wth6w**,set_30,Vrouw,63,MBO,neutraal,5. rechts
7lkguFRx_T-iz48XTCFLKg**,set_12,Man,47,Bachelor HBO/WO,neutraal,1. links
7lkguFRx_T-iznLiBsoH7A**,set_82,Vrouw,32,VMBO,neutraal,6. rechts
7lkguFRx_T-iznYzlvulpw**,set_20,Anders,61,MBO,Wel geinteresseerd,7. rechts
7lkguFRx_T-j5pRRhKz94A**,set_2,Vrouw,27,Bachelor HBO/WO,Niet geintereseerd,4. midden
7lkguFRx_T-j7eWm0Eo2jg**,set_45,Vrouw,64,VMBO,neutraal,4. midden
7lkguFRx_T-jGwC-O7ku3g**,set_15,Vrouw,84,Bachelor HBO/WO,Zeer geinteresseerd,5. rechts
7lkguFRx_T-jIcGUO_-bNw**,set_90,Man,67,HAVO/VWO,Enigszins geinteresseerd,5. rechts
7lkguFRx_T-jOb3UyI4UBQ**,set_96,Man,55,VMBO,Enigszins geinteresseerd,5. rechts
7lkguFRx_T-jTwOxmvTx5A**,set_119,Vrouw,20,MBO,Enigszins geinteresseerd,6. rechts
7lkguFRx_T-jnYzS44rfVg**,set_95,Man,64,VMBO,Enigszins geinteresseerd,5. rechts
7lkguFRx_T-jnjbH6cBzpQ**,set_52,Man,71,VMBO,Zeer geinteresseerd,5. rechts
7lkguFRx_T-k1OV9G_06vw**,set_63,Vrouw,68,MBO,Helemaal niet geinteresseerd,2. links
7lkguFRx_T-kDBgOq8BTCg**,set_34,Vrouw,26,Bachelor HBO/WO,neutraal,3. links
7lkguFRx_T-kNPi6wE6IGA**,set_6,Vrouw,28,Bachelor HBO/WO,Wel geinteresseerd,4. midden
7lkguFRx_T-kXv-AviiVHA**,set_75,Man,62,Bachelor HBO/WO,Zeer geinteresseerd,3. links
7lkguFRx_T-kf7SwwVnN0w**,set_55,Vrouw,78,VMBO,Enigszins geinteresseerd,4. midden
7lkguFRx_T-kmIJwjBnCbQ**,set_96,Vrouw,53,Bachelor HBO/WO,Wel geinteresseerd,1. links
7lkguFRx_T-ko7Nn3kNi5Q**,set_38,Vrouw,37,MBO,Niet geintereseerd,1. links
7lkguFRx_T-lQlLnji8w3A**,set_119,Vrouw,51,HAVO/VWO,Wel geinteresseerd,5. rechts
7lkguFRx_T-lfSdKucU70Q**,set_117,Man,23,Bachelor HBO/WO,Enigszins geinteresseerd,6. rechts
7lkguFRx_T-lrFBf9X_2-A**,set_63,Man,68,Bachelor HBO/WO,Wel geinteresseerd,2. links
7lkguFRx_T-lsGNXrK53sQ**,set_4,Vrouw,23,Bachelor HBO/WO,Wel geinteresseerd,5. rechts
7lkguFRx_T-lsk98XPaJKw**,set_31,Vrouw,69,Bachelor HBO/WO,neutraal,5. rechts
7lkguFRx_T-ltDasK9k4cw**,set_45,Vrouw,66,HAVO/VWO,neutraal,4. midden
7lkguFRx_T-lurBjjPMraA**,set_44,Vrouw,36,Master HBO/WO,Niet geintereseerd,6. rechts
7lkguFRx_T-m6wlyUcbHDQ**,set_72,Man,25,MBO,Enigszins geinteresseerd,6. rechts
7lkguFRx_T-mHTC6ind_NA**,set_109,Vrouw,81,VMBO,Enigszins geinteresseerd,3. links
7lkguFRx_T-mL9wcn3-wRQ**,set_22,Vrouw,29,Bachelor HBO/WO,Zeer geinteresseerd,6. rechts
7lkguFRx_T-mNOdAN599HQ**,set_31,Man,58,HAVO/VWO,Enigszins geinteresseerd,5. rechts
7lkguFRx_T-mULl5eWtVVw**,set_115,Man,69,Bachelor HBO/WO,Wel geinteresseerd,3. links
7lkguFRx_T-mVxBjYQ3QcA**,set_62,Man,63,VMBO,Wel geinteresseerd,6. rechts
7lkguFRx_T-meSgOmayRXw**,set_74,Vrouw,61,Bachelor HBO/WO,Enigszins niet geinteresseerd,4. midden
7lkguFRx_T-mqv-P6etxZw**,set_3,Man,22,HAVO/VWO,Wel geinteresseerd,6. rechts
7lkguFRx_T-n7kNgGhregQ**,set_96,Man,63,MBO,Zeer geinteresseerd,2. links
7lkguFRx_T-nAL-KJY6Ttg**,set_117,Vrouw,54,MBO,Enigszins geinteresseerd,7. rechts
7lkguFRx_T-nJTQQSCHRkQ**,set_121,Vrouw,50,MBO,neutraal,4. midden
7lkguFRx_T-nNmOUKgmrWw**,set_123,Vrouw,57,HAVO/VWO,Wel geinteresseerd,6. rechts
7lkguFRx_T-nRbtJ1VCATg**,set_10,Man,018,VMBO,Zeer geinteresseerd,5. rechts
7lkguFRx_T-nW2glBCq4xA**,set_83,Man,40,VMBO,Niet geintereseerd,3. links
7lkguFRx_T-na_gOyAuKiQ**,set_110,Man,67,HAVO/VWO,Zeer geinteresseerd,4. midden
7lkguFRx_T-ne5zGESMR8Q**,set_18,Man,47,Bachelor HBO/WO,Wel geinteresseerd,4. midden
7lkguFRx_T-ngieponX5vQ**,set_71,Vrouw,45,Bachelor HBO/WO,Wel geinteresseerd,6. rechts
7lkguFRx_T-nhEmG17gy5Q**,set_116,Vrouw,38,Bachelor HBO/WO,Enigszins geinteresseerd,4. midden
7lkguFRx_T-o4pPNXWQtuQ**,set_76,Vrouw,60,MBO,neutraal,4. midden
7lkguFRx_T-o9usda30YPw**,set_52,Vrouw,62,MBO,Helemaal niet geinteresseerd,7. rechts
7lkguFRx_T-oDtmRJYAynw**,set_34,Vrouw,36,HAVO/VWO,Enigszins geinteresseerd,5. rechts
7lkguFRx_T-oIO5rFb6Hnw**,set_20,Man,35,HAVO/VWO,Enigszins geinteresseerd,6. rechts
7lkguFRx_T-oIT-Ftmeo3A**,set_5,Vrouw,62,HAVO/VWO,Zeer geinteresseerd,6. rechts
7lkguFRx_T-oMAt7lARw7g**,set_5,Man,80,VMBO,neutraal,4. midden
7lkguFRx_T-oWSCXU1NvGA**,set_56,Vrouw,41,Master HBO/WO,Wel geinteresseerd,6. rechts
7lkguFRx_T-ofwpnH--CPg**,set_43,Vrouw,35,Bachelor HBO/WO,Enigszins geinteresseerd,5. rechts
7lkguFRx_T-oloQo2YYpqA**,set_60,Vrouw,39,MBO,Wel geinteresseerd,5. rechts
7lkguFRx_T-p-uZ2ZiBQ9A**,set_83,Vrouw,34,MBO,Wel geinteresseerd,3. links
7lkguFRx_T-p3z9k9x50LA**,set_92,Vrouw,67,VMBO,Wel geinteresseerd,1. links
7lkguFRx_T-pFSG_xZ1HOg**,set_87,Vrouw,25,MBO,Wel geinteresseerd,6. rechts
7lkguFRx_T-paL6fSRa6Hw**,set_55,Vrouw,22,MBO,Enigszins geinteresseerd,4. midden
7lkguFRx_T-paQ8sYGEiaw**,set_108,Vrouw,36,Bachelor HBO/WO,neutraal,4. midden
7lkguFRx_T-pnp3uGXZOtw**,set_97,Vrouw,69,HAVO/VWO,Wel geinteresseerd,4. midden
7lkguFRx_T-pwCTpVhAVyg**,set_83,Vrouw,59,VMBO,Niet geintereseerd,4. midden
7lkguFRx_T-q-uJoTKfjyw**,set_16,Man,42,MBO,Wel geinteresseerd,6. rechts
7lkguFRx_T-q6Mm0rOkbGA**,set_97,Vrouw,30,Bachelor HBO/WO,Zeer geinteresseerd,6. rechts
7lkguFRx_T-qM4rB3TSSyg**,set_1,Vrouw,67,Bachelor HBO/WO,Wel geinteresseerd,5. rechts
7lkguFRx_T-qQve1QeLBYg**,set_14,Man,26,MBO,Wel geinteresseerd,6. rechts
7lkguFRx_T-qnqI-PIKKew**,set_120,Vrouw,26,Bachelor HBO/WO,Enigszins geinteresseerd,3. links
7lkguFRx_T-qpjYDByozdA**,set_123,Vrouw,63,HAVO/VWO,Wel geinteresseerd,4. midden
7lkguFRx_T-r-7Z8pUoBYg**,set_89,Vrouw,40,Master HBO/WO,Enigszins niet geinteresseerd,1. links
7lkguFRx_T-rLaSJ9SS05A**,set_79,Vrouw,62,MBO,Helemaal niet geinteresseerd,4. midden
7lkguFRx_T-rLrnskVRXGw**,set_71,Man,64,VMBO,Enigszins geinteresseerd,5. rechts
7lkguFRx_T-rN0PYXMhidA**,set_116,Man,54,MBO,Enigszins geinteresseerd,6. rechts
7lkguFRx_T-raGgUywl5Aw**,set_46,Man,48,Bachelor HBO/WO,neutraal,2. links
7lkguFRx_T-rx4uK_kUKDg**,set_31,Vrouw,71,VMBO,Enigszins geinteresseerd,3. links
7lkguFRx_T-s1xWbzO61ZQ**,set_27,Vrouw,27,MBO,neutraal,6. rechts
7lkguFRx_T-s3ZX-uhcN6w**,set_57,Vrouw,70,MBO,Wel geinteresseerd,2. links
7lkguFRx_T-s55srDJj8Zw**,set_8,Vrouw,58,MBO,neutraal,5. rechts
7lkguFRx_T-sIiulDuc--w**,set_119,Vrouw,60,VMBO,neutraal,4. midden
7lkguFRx_T-sQeXONtzw4g**,set_49,Man,70,Master HBO/WO,Enigszins niet geinteresseerd,4. midden
7lkguFRx_T-sUOeH3R0-iA**,set_100,Vrouw,68,MBO,Wel geinteresseerd,4. midden
7lkguFRx_T-sXuSvFr3POw**,set_33,Man,47,MBO,Enigszins niet geinteresseerd,7. rechts
7lkguFRx_T-sklkenF9ezA**,set_100,Vrouw,29,MBO,Enigszins geinteresseerd,5. rechts
7lkguFRx_T-sqsh-ZzUkTg**,set_30,Man,36,Master HBO/WO,Wel geinteresseerd,7. rechts
7lkguFRx_T-t3I32l-lmaw**,set_73,Vrouw,54,MBO,Zeer geinteresseerd,4. midden
7lkguFRx_T-te8xHVsWZvQ**,set_34,Vrouw,56,MBO,Enigszins geinteresseerd,4. midden
7lkguFRx_T-u24rQq4xfhA**,set_107,Vrouw,50,MBO,Enigszins niet geinteresseerd,6. rechts
7lkguFRx_T-uAlMKqtw5iQ**,set_87,Man,59,Bachelor HBO/WO,Zeer geinteresseerd,3. links
7lkguFRx_T-uEFZ2DypEzg**,set_56,Vrouw,52,VMBO,Enigszins geinteresseerd,5. rechts
7lkguFRx_T-uG-nmkKo7JA**,set_43,Man,60,VMBO,Zeer geinteresseerd,2. links
7lkguFRx_T-uIbU4ey83Zg**,set_110,Man,75,MBO,Enigszins geinteresseerd,4. midden
7lkguFRx_T-uJK-aNLn1Fg**,set_1,Man,54,Master HBO/WO,Wel geinteresseerd,6. rechts
7lkguFRx_T-uVkXlTlVz9g**,set_78,Vrouw,32,MBO,neutraal,4. midden
7lkguFRx_T-ua_Lu90hfqA**,set_88,Man,76,Master HBO/WO,Zeer geinteresseerd,2. links
7lkguFRx_T-umXsi6eK4pQ**,set_76,Man,69,HAVO/VWO,Enigszins geinteresseerd,6. rechts
7lkguFRx_T-v9HLyFg7C0w**,set_99,Man,65,MBO,Enigszins geinteresseerd,5. rechts
7lkguFRx_T-vAD9k-hfQaA**,set_91,Vrouw,34,Master HBO/WO,Zeer geinteresseerd,6. rechts
7lkguFRx_T-vK7ZbcSTyXw**,set_123,Man,67,Basisonderwijs,Helemaal niet geinteresseerd,7. rechts
7lkguFRx_T-vS16he0HFqw**,set_33,Vrouw,68,MBO,Wel geinteresseerd,3. links
7lkguFRx_T-vV2oDfFoodg**,set_31,Vrouw,78,VMBO,Wel geinteresseerd,4. midden
7lkguFRx_T-vV5TJmBKEGQ**,set_60,Vrouw,48,Bachelor HBO/WO,Wel geinteresseerd,5. rechts
7lkguFRx_T-vejRRs-ZUuA**,set_29,Vrouw,32,MBO,Enigszins geinteresseerd,7. rechts
7lkguFRx_T-veuJHVFgZ0A**,set_111,Man,76,MBO,Enigszins geinteresseerd,6. rechts
7lkguFRx_T-vf0XsU-D6eg**,set_33,Vrouw,55,MBO,neutraal,7. rechts
7lkguFRx_T-vxjRdHmpYWQ**,set_96,Man,70,Master HBO/WO,Zeer geinteresseerd,1. links
7lkguFRx_T-w-e924Ay9PA**,set_19,Man,78,MBO,Enigszins geinteresseerd,4. midden
7lkguFRx_T-w7z_jYbmAbA**,set_93,Vrouw,26,Bachelor HBO/WO,Enigszins geinteresseerd,3. links
7lkguFRx_T-w9Y1JNU9_Wg**,set_102,Vrouw,38,VMBO,Enigszins niet geinteresseerd,7. rechts
7lkguFRx_T-wGF73LKWH9Q**,set_91,Vrouw,57,Bachelor HBO/WO,Enigszins geinteresseerd,4. midden
7lkguFRx_T-wHLefeisptA**,set_93,Man,59,Bachelor HBO/WO,Zeer geinteresseerd,3. links
7lkguFRx_T-wNxBmBaAUdw**,set_12,Vrouw,56,MBO,Zeer geinteresseerd,6. rechts
7lkguFRx_T-wR2NGICZs0g**,set_102,Vrouw,39,Master HBO/WO,Enigszins geinteresseerd,4. midden
7lkguFRx_T-wVEeg2wtOBQ**,set_43,Vrouw,25,HAVO/VWO,Wel geinteresseerd,3. links
7lkguFRx_T-w_uFpFKt7vw**,set_77,Vrouw,57,VMBO,Enigszins geinteresseerd,6. rechts
7lkguFRx_T-wcaPE1Y5zWw**,set_35,Vrouw,63,MBO,Enigszins niet geinteresseerd,4. midden
7lkguFRx_T-wsoakXm_fZQ**,set_122,Vrouw,30,Bachelor HBO/WO,Wel geinteresseerd,3. links
7lkguFRx_T-wv8GuQaBRuQ**,set_27,Man,057,MBO,neutraal,4. midden
7lkguFRx_T-xBUorbt-jVQ**,set_16,Vrouw,48,MBO,Wel geinteresseerd,4. midden
7lkguFRx_T-xLS3Vx4-XyA**,set_13,Vrouw,6,HAVO/VWO,Enigszins geinteresseerd,5. rechts
7lkguFRx_T-xUzMFPoEvBg**,set_57,Man,76,Bachelor HBO/WO,Enigszins geinteresseerd,4. midden
7lkguFRx_T-xVHm3QeoFRw**,set_93,Man,70,HAVO/VWO,Wel geinteresseerd,1. links
7lkguFRx_T-xYPdvPHeB9A**,set_32,Man,74,MBO,Wel geinteresseerd,4. midden
7lkguFRx_T-xc1SaVMCi3Q**,set_57,Vrouw,66,HAVO/VWO,neutraal,5. rechts
7lkguFRx_T-xjnQ3xwryEA**,set_74,Vrouw,72,HAVO/VWO,Wel geinteresseerd,6. rechts
7lkguFRx_T-xoqiU9byhJg**,set_79,Man,69,MBO,Wel geinteresseerd,6. rechts
7lkguFRx_T-y-Sukh9HLdA**,set_75,Man,35,Master HBO/WO,Zeer geinteresseerd,6. rechts
7lkguFRx_T-y-fS17Ty4Lw**,set_46,Vrouw,55,VMBO,Enigszins niet geinteresseerd,4. midden
7lkguFRx_T-y8buFZGsooA**,set_16,Man,46,VMBO,Enigszins geinteresseerd,5. rechts
7lkguFRx_T-y91sX9QrbLQ**,set_90,Vrouw,31,Master HBO/WO,Wel geinteresseerd,3. links
7lkguFRx_T-yEkjhG9rlew**,set_38,Vrouw,29,VMBO,Helemaal niet geinteresseerd,1. links
7lkguFRx_T-yMQaY-9tXtg**,set_67,Man,68,MBO,neutraal,3. links
7lkguFRx_T-yOolTClPqRg**,set_32,Vrouw,22,VMBO,Enigszins geinteresseerd,4. midden
7lkguFRx_T-ydd_CcnvkqQ**,set_11,Vrouw,42,MBO,Enigszins niet geinteresseerd,2. links
7lkguFRx_T-ygxfZH8DwxA**,set_68,Man,70,HAVO/VWO,Zeer geinteresseerd,5. rechts
7lkguFRx_T-ywToB1K-m6A**,set_42,Vrouw,50,Bachelor HBO/WO,Enigszins geinteresseerd,5. rechts
7lkguFRx_T-yzjcNVI80fQ**,set_38,Man,48,HAVO/VWO,Zeer geinteresseerd,2. links
7lkguFRx_T-za3eg9XYyWQ**,set_60,Vrouw,28,HAVO/VWO,Enigszins geinteresseerd,6. rechts
7lkguFRx_T-zkQrwGmR0Wg**,set_15,Vrouw,24,Master HBO/WO,Zeer geinteresseerd,7. rechts
7lkguFRx_T-zo5kdKDN8kg**,set_119,Man,53,Bachelor HBO/WO,Wel geinteresseerd,5. rechts
7lkguFRx_T8-VsDLSTszbw**,set_121,Man,68,Bachelor HBO/WO,Wel geinteresseerd,5. rechts
7lkguFRx_T8-Y5JmiNxSDg**,set_58,Vrouw,56,Master HBO/WO,neutraal,4. midden
7lkguFRx_T8-Zm-7IYqTog**,set_1,Man,67,Master HBO/WO,Enigszins geinteresseerd,4. midden
7lkguFRx_T800SdjKYWusQ**,set_15,Man,71,VMBO,Wel geinteresseerd,6. rechts
7lkguFRx_T807gi7hBL4AQ**,set_83,Vrouw,34,VMBO,Helemaal niet geinteresseerd,4. midden
7lkguFRx_T80EZ-ZIFhJAg**,set_20,Man,60,Bachelor HBO/WO,Wel geinteresseerd,3. links
7lkguFRx_T80iGKcwMFENg**,set_40,Vrouw,57,MBO,Enigszins geinteresseerd,5. rechts
7lkguFRx_T80yxvYOln5PQ**,set_88,Vrouw,75,HAVO/VWO,Wel geinteresseerd,4. midden
7lkguFRx_T81MNpoQter9g**,set_65,Man,52,Bachelor HBO/WO,Enigszins niet geinteresseerd,5. rechts
7lkguFRx_T81TuCGChMSzg**,set_114,Vrouw,41,Master HBO/WO,Wel geinteresseerd,6. rechts
7lkguFRx_T81b1upPHnZTg**,set_25,Man,48,Bachelor HBO/WO,Enigszins geinteresseerd,5. rechts
7lkguFRx_T81f4fdyU3xBQ**,set_83,Man,65,MBO,Enigszins geinteresseerd,5. rechts
7lkguFRx_T81fN_Xl0mFCw**,set_43,Vrouw,45,Bachelor HBO/WO,Enigszins niet geinteresseerd,5. rechts
7lkguFRx_T81o2Ie5ZS1Ww**,set_58,Man,42,Bachelor HBO/WO,Enigszins geinteresseerd,5. rechts
7lkguFRx_T81opy-A_-BDA**,set_86,Vrouw,43,MBO,Enigszins niet geinteresseerd,5. rechts
7lkguFRx_T81rrettxloxw**,set_8,Man,18,MBO,neutraal,4. midden
7lkguFRx_T81zOyyP2cLkg**,set_124,Vrouw,59,Master HBO/WO,Enigszins geinteresseerd,2. links
7lkguFRx_T82GwK72BE8Ww**,set_10,Man,67,MBO,Wel geinteresseerd,4. midden
7lkguFRx_T82a8uOS6QSmA**,set_87,Vrouw,58,VMBO,Enigszins niet geinteresseerd,1. links
7lkguFRx_T82cc5RLTZpmw**,set_17,Man,49,VMBO,Enigszins niet geinteresseerd,4. midden
7lkguFRx_T82eJSCC50RNg**,set_46,Man,37,Bachelor HBO/WO,Wel geinteresseerd,6. rechts
7lkguFRx_T82wZOtDfhBZw**,set_22,Man,76,VMBO,Wel geinteresseerd,7. rechts
7lkguFRx_T837IsctY-t-Q**,set_110,Man,57,Master HBO/WO,Wel geinteresseerd,5. rechts
7lkguFRx_T83Esc1dhpOzg**,set_32,Man,60,Basisonderwijs,Helemaal niet geinteresseerd,1. links
7lkguFRx_T83KZ5T3ExeXw**,set_91,Man,58,Bachelor HBO/WO,Wel geinteresseerd,6. rechts
7lkguFRx_T83Qn8-v0Oanw**,set_43,Man,68,Master HBO/WO,Zeer geinteresseerd,5. rechts
7lkguFRx_T83ZvpDxits2Q**,set_89,Man,68,MBO,Enigszins geinteresseerd,5. rechts
7lkguFRx_T83dvSJTnoJ1A**,set_20,Man,91,VMBO,Wel geinteresseerd,3. links
7lkguFRx_T83oxKGsvZtdw**,set_22,Vrouw,22,Bachelor HBO/WO,Enigszins geinteresseerd,2. links
7lkguFRx_T83y-1lF7Gx_w**,set_54,Vrouw,53,Bachelor HBO/WO,Wel geinteresseerd,3. links
7lkguFRx_T8441lD_9S3Tg**,set_7,Man,77,VMBO,Zeer geinteresseerd,6. rechts
7lkguFRx_T84B-GA6BzIXA**,set_100,Vrouw,25,Master HBO/WO,Enigszins geinteresseerd,5. rechts
7lkguFRx_T84FrYiE2iJJw**,set_66,Vrouw,62,Basisonderwijs,neutraal,4. midden
7lkguFRx_T84UoSCKubgqA**,set_44,Vrouw,31,Bachelor HBO/WO,Enigszins geinteresseerd,3. links
7lkguFRx_T84iOYIBRmaEg**,set_38,Vrouw,30,MBO,Enigszins geinteresseerd,1. links
7lkguFRx_T84sTn_xViYRQ**,set_77,Man,78,Master HBO/WO,Wel geinteresseerd,5. rechts
7lkguFRx_T84xrzrTLfduA**,set_5,Vrouw,41,MBO,Helemaal niet geinteresseerd,4. midden
7lkguFRx_T850JF42Y7djw**,set_87,Man,65,MBO,Enigszins geinteresseerd,6. rechts
7lkguFRx_T853SudZlfrvw**,set_16,Vrouw,55,Master HBO/WO,neutraal,5. rechts
7lkguFRx_T857CQO7hEC7A**,set_122,Vrouw,48,VMBO,Enigszins niet geinteresseerd,4. midden
7lkguFRx_T85BbZdkqMxrg**,set_73,Man,72,VMBO,Enigszins geinteresseerd,4. midden
7lkguFRx_T85P-L-F5wVgg**,set_124,Vrouw,65,HAVO/VWO,Helemaal niet geinteresseerd,4. midden
7lkguFRx_T85VGffLm5uow**,set_106,Vrouw,79,Master HBO/WO,Wel geinteresseerd,2. links
7lkguFRx_T85YI_UOWg7Ng**,set_27,Man,66,Bachelor HBO/WO,Zeer geinteresseerd,4. midden
7lkguFRx_T85cBv6X-uOCA**,set_7,Vrouw,45,HAVO/VWO,Enigszins geinteresseerd,4. midden
7lkguFRx_T85gPG9-nl2xg**,set_101,Vrouw,56,MBO,Enigszins geinteresseerd,2. links
7lkguFRx_T85oZgendQpYw**,set_36,Vrouw,55,MBO,Wel geinteresseerd,6. rechts
7lkguFRx_T86_I7mwqpyEQ**,set_72,Man,51,HAVO/VWO,neutraal,5. rechts
7lkguFRx_T86aTEDEKaCdg**,set_72,Man,27,Bachelor HBO/WO,Enigszins niet geinteresseerd,4. midden
7lkguFRx_T86c8byN7xfow**,set_85,Man,47,Bachelor HBO/WO,Enigszins niet geinteresseerd,5. rechts
7lkguFRx_T86odpBIpWolg**,set_111,Man,32,Basisonderwijs,neutraal,4. midden
7lkguFRx_T86qTMOBbdLtw**,set_18,Vrouw,68,Master HBO/WO,Wel geinteresseerd,7. rechts
7lkguFRx_T86rm0bL1X8Pw**,set_27,Vrouw,77,VMBO,Zeer geinteresseerd,4. midden
7lkguFRx_T86z231AEzJTg**,set_57,Vrouw,34,Bachelor HBO/WO,Zeer geinteresseerd,5. rechts
7lkguFRx_T870WVDpzw76w**,set_49,Vrouw,40,Bachelor HBO/WO,Enigszins geinteresseerd,5. rechts
7lkguFRx_T8721os6Jn44g**,set_14,Vrouw,59,MBO,Enigszins geinteresseerd,5. rechts
7lkguFRx_T8722n8m5_tXQ**,set_102,Vrouw,45,Bachelor HBO/WO,Enigszins niet geinteresseerd,6. rechts
7lkguFRx_T8784RKNHje2A**,set_13,Vrouw,51,MBO,Niet geintereseerd,5. rechts
7lkguFRx_T87KdVb2BfRuA**,set_58,Man,73,Bachelor HBO/WO,Zeer geinteresseerd,2. links
7lkguFRx_T87LQIFU15m1g**,set_108,Vrouw,33,MBO,Enigszins geinteresseerd,6. rechts
7lkguFRx_T87P_TbRJNmgg**,set_64,Man,61,MBO,Enigszins geinteresseerd,5. rechts
7lkguFRx_T87Uu0Oyv4yxw**,set_124,Man,69,Bachelor HBO/WO,Enigszins geinteresseerd,4. midden
7lkguFRx_T87dJ8WOkWFCQ**,set_25,Vrouw,54,Bachelor HBO/WO,Enigszins geinteresseerd,2. links
7lkguFRx_T87mBelj3GMKQ**,set_97,Vrouw,72,Bachelor HBO/WO,Enigszins geinteresseerd,2. links
7lkguFRx_T87t4d3zjetjA**,set_71,Vrouw,39,MBO,Wel geinteresseerd,6. rechts
7lkguFRx_T881HpMiE7jYA**,set_66,Vrouw,34,Bachelor HBO/WO,Enigszins geinteresseerd,6. rechts
7lkguFRx_T881Y5JQ9MUJA**,set_10,Vrouw,42,Bachelor HBO/WO,Wel geinteresseerd,4. midden
7lkguFRx_T881oeA6COcqg**,set_7,Vrouw,31,Bachelor HBO/WO,Enigszins geinteresseerd,2. links
7lkguFRx_T88GQGX2pf_0A**,set_71,Man,21,MBO,Enigszins geinteresseerd,5. rechts
7lkguFRx_T88JiP_nuNfng**,set_27,Vrouw,66,Bachelor HBO/WO,Zeer geinteresseerd,5. rechts
7lkguFRx_T88PmGJ0nKVIg**,set_25,Man,47,Bachelor HBO/WO,Wel geinteresseerd,5. rechts
7lkguFRx_T88g2YiocMtuA**,set_83,Man,45,Master HBO/WO,Wel geinteresseerd,3. links
7lkguFRx_T88jMUrQRR7NQ**,set_101,Man,28,Bachelor HBO/WO,Wel geinteresseerd,5. rechts
7lkguFRx_T88kJ7_8mZkEA**,set_15,Man,34,MBO,Helemaal niet geinteresseerd,4. midden
7lkguFRx_T88su3RXZ10fw**,set_36,Man,56,MBO,Enigszins geinteresseerd,4. midden
7lkguFRx_T88yCycpVnJWA**,set_80,Man,61,VMBO,Enigszins geinteresseerd,4. midden
7lkguFRx_T891W1m2bIt5g**,set_58,Vrouw,68,MBO,Enigszins geinteresseerd,3. links
7lkguFRx_T893iCHRb2_5A**,set_57,Man,29,MBO,Enigszins geinteresseerd,5. rechts
7lkguFRx_T893svBaGpqXQ**,set_71,Vrouw,39,VMBO,Wel geinteresseerd,6. rechts
7lkguFRx_T89CgJjGwoekA**,set_52,Vrouw,30,MBO,Enigszins geinteresseerd,4. midden
7lkguFRx_T89EQJSUIamnw**,set_29,Man,65,VMBO,Enigszins geinteresseerd,6. rechts
7lkguFRx_T89J6MOwpNaqw**,set_120,Man,45,MBO,Enigszins geinteresseerd,4. midden
7lkguFRx_T89nMNSbunLGA**,set_36,Man,56,Bachelor HBO/WO,Enigszins geinteresseerd,4. midden
7lkguFRx_T89xfN6PouEJA**,set_1,Man,35,Master HBO/WO,Enigszins geinteresseerd,4. midden
7lkguFRx_T8A5F5EW1VSeg**,set_41,Man,73,VMBO,Wel geinteresseerd,6. rechts
7lkguFRx_T8AA2e2CbnYmA**,set_54,Man,51,Master HBO/WO,Zeer geinteresseerd,6. rechts
7lkguFRx_T8AAjtgoFtRZg**,set_14,Man,70,Master HBO/WO,Zeer geinteresseerd,5. rechts
7lkguFRx_T8AJUgt-OTNRA**,set_98,Vrouw,51,VMBO,Enigszins geinteresseerd,7. rechts
7lkguFRx_T8AY5zf6PbGpQ**,set_121,Man,69,MBO,Wel geinteresseerd,5. rechts
7lkguFRx_T8AZNjEFX6QQw**,set_12,Vrouw,72,VMBO,neutraal,4. midden
7lkguFRx_T8Aa_Nza1kTDg**,set_48,Vrouw,30,MBO,neutraal,5. rechts
7lkguFRx_T8B0h2x7Yy7XA**,set_8,Man,39,Bachelor HBO/WO,Enigszins geinteresseerd,5. rechts
7lkguFRx_T8B74Ov0ag_Eg**,set_72,Man,56,HAVO/VWO,Wel geinteresseerd,6. rechts
7lkguFRx_T8BA08whJOImQ**,set_11,Vrouw,41,MBO,neutraal,4. midden
7lkguFRx_T8BEwJj9v_yWg**,set_8,Vrouw,25,Bachelor HBO/WO,Enigszins geinteresseerd,2. links
7lkguFRx_T8BH9YcZnA1Bg**,set_49,Vrouw,31,Bachelor HBO/WO,Wel geinteresseerd,5. rechts
7lkguFRx_T8BQMegSyfy6A**,set_33,Vrouw,47,Bachelor HBO/WO,Zeer geinteresseerd,6. rechts
7lkguFRx_T8BSRWrJYu3Mw**,set_81,Vrouw,48,MBO,Wel geinteresseerd,4. midden
7lkguFRx_T8BcCwlOlqH5A**,set_78,Vrouw,51,MBO,Wel geinteresseerd,4. midden
7lkguFRx_T8BfnqVpB4s2g**,set_87,Man,53,Bachelor HBO/WO,Enigszins geinteresseerd,5. rechts
7lkguFRx_T8BvzRmwUjvog**,set_121,Man,64,HAVO/VWO,Zeer geinteresseerd,5. rechts
7lkguFRx_T8C-fZas1Pn-A**,set_39,Vrouw,68,MBO,Enigszins geinteresseerd,5. rechts
7lkguFRx_T8C1ojZqikyGA**,set_107,Man,35,Bachelor HBO/WO,Zeer geinteresseerd,7. rechts
7lkguFRx_T8CB-OJ37Zv9g**,set_124,Vrouw,41,MBO,Helemaal niet geinteresseerd,3. links
7lkguFRx_T8CUxTYx-wGgg**,set_23,Vrouw,64,MBO,neutraal,7. rechts
7lkguFRx_T8C_M1lrW5ymA**,set_2,Vrouw,67,VMBO,neutraal,4. midden
7lkguFRx_T8Cf2_azOj4lQ**,set_35,Vrouw,30,Bachelor HBO/WO,Enigszins geinteresseerd,3. links
7lkguFRx_T8ClZ86DZGINQ**,set_112,Man,59,MBO,neutraal,5. rechts
7lkguFRx_T8CqwuB1WwAKw**,set_107,Vrouw,49,MBO,Enigszins geinteresseerd,4. midden
7lkguFRx_T8Cqza9SXn6FQ**,set_31,Man,74,Master HBO/WO,Wel geinteresseerd,4. midden
7lkguFRx_T8DLaW4CTI_uA**,set_98,Man,72,Bachelor HBO/WO,Wel geinteresseerd,3. links
7lkguFRx_T8DPGiolPjKLw**,set_27,Man,34,HAVO/VWO,Enigszins geinteresseerd,4. midden
7lkguFRx_T8DQzWK04_Pqw**,set_55,Vrouw,59,VMBO,Enigszins geinteresseerd,4. midden
7lkguFRx_T8Dj_6uapWdGw**,set_24,Vrouw,54,MBO,Enigszins geinteresseerd,5. rechts
7lkguFRx_T8E92WL4mMxBg**,set_109,Vrouw,61,MBO,Wel geinteresseerd,4. midden
7lkguFRx_T8ENA8_arfRoA**,set_68,Vrouw,71,VMBO,Helemaal niet geinteresseerd,5. rechts
7lkguFRx_T8EbK5FZ_qC1Q**,set_22,Man,63,VMBO,neutraal,4. midden
7lkguFRx_T8EcuWsCMr5fA**,set_25,Vrouw,77,HAVO/VWO,Zeer geinteresseerd,5. rechts
7lkguFRx_T8Eg8I247GXwQ**,set_104,Vrouw,34,Bachelor HBO/WO,Enigszins geinteresseerd,2. links
7lkguFRx_T8EoqtPNf9UnQ**,set_23,Vrouw,34,Bachelor HBO/WO,Enigszins geinteresseerd,4. midden
7lkguFRx_T8Eq3hcibLCCw**,set_20,Vrouw,35,Bachelor HBO/WO,Zeer geinteresseerd,5. rechts
7lkguFRx_T8FDuXbqxgVog**,set_57,Vrouw,79,Basisonderwijs,Wel geinteresseerd,4. midden
7lkguFRx_T8FIRazmxTk-g**,set_35,Vrouw,23,Bachelor HBO/WO,Enigszins geinteresseerd,3. links
7lkguFRx_T8FNY04e-46gw**,set_94,Man,70,MBO,Enigszins geinteresseerd,6. rechts
7lkguFRx_T8FP4V2Twvypg**,set_20,Vrouw,32,Bachelor HBO/WO,Helemaal niet geinteresseerd,5. rechts
7lkguFRx_T8FRfuRQBN99w**,set_93,Man,66,Bachelor HBO/WO,Wel geinteresseerd,3. links
7lkguFRx_T8F_-Epb5MDqA**,set_6,Man,74,Bachelor HBO/WO,Wel geinteresseerd,5. rechts
7lkguFRx_T8Fl-y0vrg73g**,set_35,Vrouw,64,MBO,Zeer geinteresseerd,6. rechts
7lkguFRx_T8Fo-dw-1DiUA**,set_45,Vrouw,78,Bachelor HBO/WO,Enigszins geinteresseerd,4. midden
7lkguFRx_T8FuVMwAxnH_g**,set_72,Man,39,Bachelor HBO/WO,Enigszins geinteresseerd,4. midden
7lkguFRx_T8FzD8KlVlUlA**,set_11,Vrouw,49,VMBO,Helemaal niet geinteresseerd,1. links
7lkguFRx_T8G2K-CTKaNoA**,set_48,Man,46,MBO,Wel geinteresseerd,6. rechts
7lkguFRx_T8G7IdBf_UgOA**,set_100,Vrouw,34,MBO,neutraal,5. rechts
7lkguFRx_T8GA5DWCBhzhw**,set_105,Man,24,Master HBO/WO,Wel geinteresseerd,6. rechts
7lkguFRx_T8GAQKAITHVKA**,set_22,Vrouw,55,MBO,Wel geinteresseerd,6. rechts
7lkguFRx_T8GDlY6F9VsUw**,set_10,Man,49,MBO,Wel geinteresseerd,7. rechts
7lkguFRx_T8GGPm5QbjKHA**,set_83,Vrouw,56,VMBO,neutraal,4. midden
7lkguFRx_T8GOmIX4wyJZg**,set_48,Vrouw,62,HAVO/VWO,Wel geinteresseerd,3. links
7lkguFRx_T8GQDMrpaROFA**,set_18,Vrouw,31,MBO,Enigszins geinteresseerd,6. rechts
7lkguFRx_T8GTNP4KVSpxw**,set_45,Man,68,MBO,Enigszins geinteresseerd,5. rechts
7lkguFRx_T8GWdfdUePvJA**,set_120,Vrouw,51,HAVO/VWO,Wel geinteresseerd,5. rechts
7lkguFRx_T8GaiP8vDwHrA**,set_56,Man,69,MBO,neutraal,5. rechts
7lkguFRx_T8GgHSzR2fFPw**,set_7,Vrouw,43,Master HBO/WO,Enigszins niet geinteresseerd,3. links
7lkguFRx_T8H-BTEOB7d7g**,set_66,Vrouw,50,MBO,neutraal,5. rechts
7lkguFRx_T8H49JYQqsCdw**,set_116,Vrouw,67,Basisonderwijs,neutraal,7. rechts
7lkguFRx_T8HEbD_8-owBg**,set_120,Man,42,Bachelor HBO/WO,Enigszins geinteresseerd,2. links
7lkguFRx_T8HI4JYc6tjJg**,set_2,Vrouw,75,Bachelor HBO/WO,Zeer geinteresseerd,4. midden
7lkguFRx_T8HVJPLuc96OA**,set_26,Man,73,VMBO,neutraal,7. rechts
7lkguFRx_T8Ho47mRKA3jQ**,set_24,Vrouw,53,HAVO/VWO,Helemaal niet geinteresseerd,4. midden
7lkguFRx_T8HplcZcnsXhg**,set_121,Vrouw,33,MBO,neutraal,5. rechts
7lkguFRx_T8I99pbbgV6rA**,set_100,Vrouw,38,MBO,Enigszins niet geinteresseerd,4. midden
7lkguFRx_T8IITht8RsQKA**,set_97,Vrouw,73,Bachelor HBO/WO,Zeer geinteresseerd,5. rechts
7lkguFRx_T8IJXiVk960Hw**,set_119,Man,67,MBO,Wel geinteresseerd,6. rechts
7lkguFRx_T8IUIo_Dp9h2w**,set_113,Vrouw,65,MBO,Enigszins geinteresseerd,4. midden
7lkguFRx_T8IhZY9zP33wA**,set_19,Man,71,MBO,Wel geinteresseerd,2. links
7lkguFRx_T8IkuNwGMK_xg**,set_49,Man,50,MBO,Enigszins geinteresseerd,5. rechts
7lkguFRx_T8IzPuFXakhoQ**,set_66,Vrouw,52,MBO,Enigszins geinteresseerd,5. rechts
7lkguFRx_T8J1SIvSM_-dA**,set_67,Vrouw,47,HAVO/VWO,Enigszins geinteresseerd,2. links
7lkguFRx_T8J3QvT7mqp7w**,set_84,Vrouw,81,VMBO,neutraal,5. rechts
7lkguFRx_T8JBJXsdSoELw**,set_37,Vrouw,43,Master HBO/WO,Wel geinteresseerd,4. midden
7lkguFRx_T8JK0FS5Kc_iA**,set_108,Vrouw,27,Bachelor HBO/WO,Enigszins geinteresseerd,6. rechts
7lkguFRx_T8JMp5YczrOSA**,set_36,Man,30,Master HBO/WO,neutraal,4. midden
7lkguFRx_T8JYqvKC7Bpbw**,set_15,Man,70,VMBO,neutraal,4. midden
7lkguFRx_T8JZyjAmTPDBg**,set_108,Vrouw,20,MBO,Zeer geinteresseerd,7. rechts
7lkguFRx_T8JkYsyRbomNA**,set_63,Man,67,HAVO/VWO,Wel geinteresseerd,6. rechts
7lkguFRx_T8Jlskyyb7zDg**,set_73,Vrouw,30,Bachelor HBO/WO,Enigszins geinteresseerd,4. midden
7lkguFRx_T8KPSubfL56lw**,set_53,Vrouw,18,MBO,Enigszins niet geinteresseerd,4. midden
7lkguFRx_T8KTOR_xslcyg**,set_45,Man,71,Master HBO/WO,Wel geinteresseerd,5. rechts
7lkguFRx_T8KiyRMAJHi2g**,set_15,Vrouw,32,Bachelor HBO/WO,neutraal,5. rechts
7lkguFRx_T8KoB9BoDpr7w**,set_24,Man,35,Basisonderwijs,Helemaal niet geinteresseerd,5. rechts
7lkguFRx_T8KoMzMuh0vKQ**,set_118,Man,63,MBO,Wel geinteresseerd,5. rechts
7lkguFRx_T8LMsty15FzSQ**,set_55,Man,32,Bachelor HBO/WO,Wel geinteresseerd,5. rechts
7lkguFRx_T8LNO7ATOtpIA**,set_18,Man,60,VMBO,Wel geinteresseerd,3. links
7lkguFRx_T8LX5besAoypg**,set_40,Man,28,MBO,Wel geinteresseerd,6. rechts
7lkguFRx_T8L_9xA2j9rXA**,set_74,Vrouw,21,Bachelor HBO/WO,Enigszins geinteresseerd,3. links
7lkguFRx_T8LqGsRyAoVKg**,set_84,Man,46,Bachelor HBO/WO,neutraal,5. rechts
7lkguFRx_T8LuzxcOEV7-g**,set_23,Vrouw,32,Bachelor HBO/WO,Enigszins niet geinteresseerd,4. midden
7lkguFRx_T8LyQibUiLi-w**,set_50,Man,65,VMBO,Niet geintereseerd,6. rechts
7lkguFRx_T8M66xhUllLOQ**,set_92,Vrouw,54,VMBO,Enigszins geinteresseerd,6. rechts
7lkguFRx_T8MBYHLE6czug**,set_64,Vrouw,31,Bachelor HBO/WO,Enigszins geinteresseerd,3. links
7lkguFRx_T8MJAPzBZzJrw**,set_41,Vrouw,62,Master HBO/WO,Zeer geinteresseerd,6. rechts
7lkguFRx_T8MNXYtlPuc-w**,set_3,Vrouw,44,Bachelor HBO/WO,Enigszins geinteresseerd,4. midden
7lkguFRx_T8MONQ5fhhR8A**,set_116,Vrouw,18,Bachelor HBO/WO,Helemaal niet geinteresseerd,4. midden
7lkguFRx_T8McXEdM48z2w**,set_82,Man,48,Master HBO/WO,Zeer geinteresseerd,6. rechts
7lkguFRx_T8Mh-WlNyKDwQ**,set_120,Vrouw,74,Master HBO/WO,Enigszins geinteresseerd,5. rechts
7lkguFRx_T8Mw4QpYmVOww**,set_58,Man,65,MBO,Enigszins geinteresseerd,4. midden
7lkguFRx_T8MysIEmbTNkw**,set_43,Vrouw,55,HAVO/VWO,Zeer geinteresseerd,7. rechts
7lkguFRx_T8N-53A4vgSEw**,set_52,Man,74,VMBO,neutraal,4. midden
7lkguFRx_T8N2c1MyKZMrA**,set_80,Vrouw,66,Master HBO/WO,Zeer geinteresseerd,3. links
7lkguFRx_T8N2nPD9lUuLw**,set_15,Vrouw,54,MBO,Niet geintereseerd,6. rechts
7lkguFRx_T8N4xpIF4B6Xg**,set_67,Vrouw,37,MBO,Wel geinteresseerd,6. rechts
7lkguFRx_T8NF4tLFEqxOg**,set_59,Vrouw,30,MBO,Enigszins geinteresseerd,5. rechts
7lkguFRx_T8NJ9bw6qGT4A**,set_35,Man,49,VMBO,Helemaal niet geinteresseerd,3. links
7lkguFRx_T8NJoP_xpakTQ**,set_121,Vrouw,75,VMBO,Enigszins geinteresseerd,5. rechts
7lkguFRx_T8NlMhal6ANXg**,set_6,Man,48,MBO,Zeer geinteresseerd,7. rechts
7lkguFRx_T8Nmbe9ioMuGg**,set_17,Vrouw,38,Master HBO/WO,Enigszins geinteresseerd,5. rechts
7lkguFRx_T8O3vyU1Q0ENg**,set_74,Man,74,VMBO,Wel geinteresseerd,6. rechts
7lkguFRx_T8O3yOD-RShzQ**,set_64,Man,39,MBO,Enigszins geinteresseerd,4. midden
7lkguFRx_T8O9wkpIul59w**,set_90,Vrouw,26,MBO,Enigszins geinteresseerd,4. midden
7lkguFRx_T8OGzJ7RxANHw**,set_33,Vrouw,69,VMBO,Enigszins niet geinteresseerd,4. midden
7lkguFRx_T8OIg_OBduT_w**,set_83,Man,63,MBO,neutraal,4. midden
7lkguFRx_T8OJnNu1Rb0mA**,set_108,Man,64,Bachelor HBO/WO,Enigszins niet geinteresseerd,5. rechts
7lkguFRx_T8OPd2BaqCo-A**,set_110,Man,65,Master HBO/WO,Enigszins geinteresseerd,5. rechts
7lkguFRx_T8OPrcrsmCTMQ**,set_39,Man,81,Bachelor HBO/WO,Wel geinteresseerd,4. midden
7lkguFRx_T8Ol_AAjZb1bA**,set_19,Man,71,HAVO/VWO,Wel geinteresseerd,5. rechts
7lkguFRx_T8Omqd8XivfXg**,set_80,Man,23,Bachelor HBO/WO,Enigszins geinteresseerd,6. rechts
7lkguFRx_T8P3YTUujarcg**,set_54,Vrouw,44,Master HBO/WO,neutraal,4. midden
7lkguFRx_T8PHS3sarmxuw**,set_17,Vrouw,64,VMBO,Helemaal niet geinteresseerd,2. links
7lkguFRx_T8PRoBQ9CZi6Q**,set_42,Vrouw,64,Bachelor HBO/WO,Enigszins geinteresseerd,2. links
7lkguFRx_T8PTPCfGCPPvA**,set_105,Man,35,Bachelor HBO/WO,Wel geinteresseerd,6. rechts
7lkguFRx_T8PgLyvqBahJw**,set_110,Vrouw,25,Bachelor HBO/WO,Enigszins geinteresseerd,4. midden
7lkguFRx_T8QPldjTkoQGg**,set_55,Man,60,VMBO,Helemaal niet geinteresseerd,1. links
7lkguFRx_T8R0tGjEHIoZQ**,set_54,Vrouw,25,HAVO/VWO,Wel geinteresseerd,6. rechts
7lkguFRx_T8R1qJXp-O5Ag**,set_116,Man,40,Bachelor HBO/WO,Wel geinteresseerd,4. midden
7lkguFRx_T8R4_YjbTuR5Q**,set_107,Vrouw,63,Master HBO/WO,Enigszins geinteresseerd,4. midden
7lkguFRx_T8R6wiASOTUwA**,set_24,Vrouw,32,Bachelor HBO/WO,Wel geinteresseerd,4. midden
7lkguFRx_T8R7wm6WeZogA**,set_117,Vrouw,72,MBO,Wel geinteresseerd,4. midden
7lkguFRx_T8RBgv9dyHTLQ**,set_117,Man,54,MBO,neutraal,4. midden
7lkguFRx_T8RH5OTobyqPg**,set_61,Vrouw,65,MBO,Niet geintereseerd,4. midden
7lkguFRx_T8RJ9Ctu-7nrg**,set_37,Vrouw,37,Bachelor HBO/WO,Enigszins geinteresseerd,2. links
7lkguFRx_T8RO6tVWKLxtA**,set_95,Man,70,VMBO,Wel geinteresseerd,2. links
7lkguFRx_T8RSJ_oM5poZQ**,set_105,Man,74,Bachelor HBO/WO,Zeer geinteresseerd,3. links
7lkguFRx_T8RdbbIK-Q23A**,set_67,Vrouw,48,MBO,Enigszins geinteresseerd,6. rechts
7lkguFRx_T8RlAOhoEd9WA**,set_47,Vrouw,25,Bachelor HBO/WO,Enigszins geinteresseerd,2. links
7lkguFRx_T8RuF7hQtUSDg**,set_79,Man,50,HAVO/VWO,Enigszins geinteresseerd,4. midden
7lkguFRx_T8S32QQLnOvDg**,set_54,Man,61,HAVO/VWO,Zeer geinteresseerd,7. rechts
7lkguFRx_T8S54Si7SFjXg**,set_49,Man,40,MBO,Zeer geinteresseerd,4. midden
7lkguFRx_T8S69fKS30CCQ**,set_71,Man,46,Bachelor HBO/WO,Enigszins geinteresseerd,6. rechts
7lkguFRx_T8S6RtvoBkBGg**,set_81,Vrouw,48,VMBO,Niet geintereseerd,5. rechts
7lkguFRx_T8S6uu0xg4WZg**,set_69,Vrouw,58,Bachelor HBO/WO,Wel geinteresseerd,2. links
7lkguFRx_T8S7tBp8NqVUw**,set_24,Man,67,MBO,Wel geinteresseerd,3. links
7lkguFRx_T8S9aGGonrp_g**,set_112,Man,28,MBO,Wel geinteresseerd,6. rechts
7lkguFRx_T8SAq4srS3k9g**,set_82,Man,65,Bachelor HBO/WO,Enigszins geinteresseerd,1. links
7lkguFRx_T8SLOyI8LJGBg**,set_121,Vrouw,68,Master HBO/WO,Wel geinteresseerd,2. links
7lkguFRx_T8SaD10-_zdoA**,set_77,Vrouw,32,MBO,Enigszins geinteresseerd,5. rechts
7lkguFRx_T8SgoKvUCe0gg**,set_48,Man,36,Bachelor HBO/WO,neutraal,4. midden
7lkguFRx_T8SiKS6D0jsBw**,set_32,Man,41,HAVO/VWO,Enigszins geinteresseerd,4. midden
7lkguFRx_T8SmvN2xPeIMA**,set_59,Man,43,Bachelor HBO/WO,Enigszins geinteresseerd,4. midden
7lkguFRx_T8SnwOHN9V9CA**,set_39,Vrouw,34,VMBO,Helemaal niet geinteresseerd,4. midden
7lkguFRx_T8Stl_pBh4kQA**,set_34,Man,36,MBO,Enigszins geinteresseerd,4. midden
7lkguFRx_T8Sug_p6rppEA**,set_50,Man,55,MBO,Enigszins geinteresseerd,6. rechts
7lkguFRx_T8TCyDaZ8_Ebw**,set_118,Vrouw,33,MBO,Enigszins geinteresseerd,3. links
7lkguFRx_T8TJWo094xYbw**,set_53,Man,44,HAVO/VWO,Enigszins geinteresseerd,5. rechts
7lkguFRx_T8TMtmvaocrmg**,set_45,Vrouw,30,MBO,Wel geinteresseerd,5. rechts
7lkguFRx_T8TSBC68z6CdA**,set_8,Man,37,Master HBO/WO,Zeer geinteresseerd,7. rechts
7lkguFRx_T8TTKbp-huGpg**,set_33,Vrouw,48,MBO,Zeer geinteresseerd,6. rechts
7lkguFRx_T8TVUA1s8melA**,set_78,Vrouw,45,Bachelor HBO/WO,Wel geinteresseerd,5. rechts
7lkguFRx_T8Tgu3c6M3h9Q**,set_16,Vrouw,32,Master HBO/WO,Enigszins geinteresseerd,5. rechts
7lkguFRx_T8TzQbmVR2oRA**,set_119,Vrouw,41,Master HBO/WO,neutraal,3. links
7lkguFRx_T8U3q5L_8PTNA**,set_84,Man,65,VMBO,Wel geinteresseerd,6. rechts
7lkguFRx_T8U9ARj0uUUrg**,set_27,Man,57,MBO,Zeer geinteresseerd,6. rechts
7lkguFRx_T8U9TTs0PAw7g**,set_13,Vrouw,33,MBO,Helemaal niet geinteresseerd,1. links
7lkguFRx_T8UMYfPdSv1Ew**,set_75,Vrouw,25,Master HBO/WO,Wel geinteresseerd,4. midden
7lkguFRx_T8UTDRli-RLXw**,set_107,Vrouw,65,VMBO,Enigszins geinteresseerd,4. midden
7lkguFRx_T8U_lLdncaD6Q**,set_72,Man,74,Bachelor HBO/WO,Zeer geinteresseerd,3. links
7lkguFRx_T8UbRD8hTAcww**,set_28,Man,75,HAVO/VWO,Wel geinteresseerd,7. rechts
7lkguFRx_T8Ud6DBQN33QQ**,set_57,Man,64,Bachelor HBO/WO,Wel geinteresseerd,5. rechts
7lkguFRx_T8Ui4wPcGEYZw**,set_31,Man,70,Master HBO/WO,Wel geinteresseerd,5. rechts
7lkguFRx_T8UnfpxIe0hjw**,set_62,Man,33,HAVO/VWO,Wel geinteresseerd,4. midden
7lkguFRx_T8UrDv5LSRx3Q**,set_56,Vrouw,59,Master HBO/WO,Enigszins geinteresseerd,5. rechts
7lkguFRx_T8UrId0f3mBwA**,set_94,Vrouw,55,MBO,Enigszins geinteresseerd,6. rechts
7lkguFRx_T8UvzgksCWvGQ**,set_38,Vrouw,66,MBO,Wel geinteresseerd,6. rechts
7lkguFRx_T8V4Vtg5tH6Dw**,set_48,Man,69,Master HBO/WO,Wel geinteresseerd,6. rechts
7lkguFRx_T8V56ph2VLeIg**,set_104,Man,36,Bachelor HBO/WO,Enigszins geinteresseerd,2. links
7lkguFRx_T8VM1wFXYDHpg**,set_28,Vrouw,61,VMBO,Enigszins geinteresseerd,5. rechts
7lkguFRx_T8VNshgPC_Khg**,set_16,Vrouw,21,HAVO/VWO,Enigszins geinteresseerd,1. links
7lkguFRx_T8VeROBHFqrBg**,set_112,Man,52,Master HBO/WO,Wel geinteresseerd,4. midden
7lkguFRx_T8VinfSkYnsvg**,set_59,Vrouw,74,VMBO,Enigszins geinteresseerd,4. midden
7lkguFRx_T8Vk19cJL-gYg**,set_23,Vrouw,38,MBO,neutraal,2. links
7lkguFRx_T8Vm__jEqZx-g**,set_28,Man,37,Master HBO/WO,Zeer geinteresseerd,7. rechts
7lkguFRx_T8VsBtng9Q2Ig**,set_10,Man,46,VMBO,Wel geinteresseerd,5. rechts
7lkguFRx_T8VuQlJKRuqiQ**,set_29,Man,69,Bachelor HBO/WO,Zeer geinteresseerd,5. rechts
7lkguFRx_T8VxJGhCs7COg**,set_64,Vrouw,44,MBO,Enigszins geinteresseerd,4. midden
7lkguFRx_T8VyzV38o3iFg**,set_2,Vrouw,67,Bachelor HBO/WO,Wel geinteresseerd,2. links
7lkguFRx_T8W2IF88jA1nA**,set_91,Man,59,Bachelor HBO/WO,neutraal,5. rechts
7lkguFRx_T8W6FX9BdqmTw**,set_53,Man,39,MBO,Enigszins geinteresseerd,4. midden
7lkguFRx_T8WLq0J4bo3cw**,set_118,Man,65,MBO,Enigszins niet geinteresseerd,4. midden
7lkguFRx_T8WRMp_p4Okxw**,set_54,Vrouw,61,VMBO,Helemaal niet geinteresseerd,2. links
7lkguFRx_T8WZfjV8Ol4JA**,set_118,Vrouw,72,Master HBO/WO,Wel geinteresseerd,4. midden
7lkguFRx_T8WsAkS-kNi4w**,set_80,Vrouw,23,Bachelor HBO/WO,Enigszins geinteresseerd,5. rechts
7lkguFRx_T8XFXsccU6IJg**,set_6,Man,22,MBO,Zeer geinteresseerd,6. rechts
7lkguFRx_T8XNIByKWzQbg**,set_64,Vrouw,71,MBO,Wel geinteresseerd,2. links
7lkguFRx_T8XZe6iLgHmSA**,set_66,Vrouw,51,MBO,Wel geinteresseerd,5. rechts
7lkguFRx_T8XaGCU1UA7YQ**,set_67,Vrouw,57,Bachelor HBO/WO,Zeer geinteresseerd,4. midden
7lkguFRx_T8XyGnvcHDtzQ**,set_73,Man,76,Master HBO/WO,Zeer geinteresseerd,7. rechts
7lkguFRx_T8Y6J9qC-zaNA**,set_18,Man,18,HAVO/VWO,Niet geintereseerd,4. midden
7lkguFRx_T8YB_fesMCyrg**,set_117,Man,57,Master HBO/WO,Wel geinteresseerd,5. rechts
7lkguFRx_T8YCwIAORd4Jg**,set_116,Man,30,Bachelor HBO/WO,Niet geintereseerd,5. rechts
7lkguFRx_T8YFqG181FChw**,set_53,Vrouw,39,VMBO,Helemaal niet geinteresseerd,4. midden
7lkguFRx_T8YGfXQq_igTQ**,set_29,Man,62,Bachelor HBO/WO,Zeer geinteresseerd,5. rechts
7lkguFRx_T8YKSJtQINQCg**,set_28,Man,64,VMBO,Niet geintereseerd,4. midden
7lkguFRx_T8YO0a2BHGKWw**,set_45,Vrouw,24,VMBO,neutraal,5. rechts
7lkguFRx_T8YVYpeUETz6w**,set_63,Vrouw,49,HAVO/VWO,Helemaal niet geinteresseerd,5. rechts
7lkguFRx_T8YcRfI0jE6yw**,set_111,Vrouw,56,MBO,neutraal,3. links
7lkguFRx_T8YftlNdt3ZKQ**,set_66,Man,68,Bachelor HBO/WO,Zeer geinteresseerd,2. links
7lkguFRx_T8YhEqNkb-y5w**,set_29,Vrouw,32,MBO,Enigszins geinteresseerd,2. links
7lkguFRx_T8YwZqwT3kq7g**,set_69,Man,27,MBO,Enigszins geinteresseerd,7. rechts
7lkguFRx_T8Z2N5EAsY1JQ**,set_39,Vrouw,34,Bachelor HBO/WO,Wel geinteresseerd,5. rechts
7lkguFRx_T8Z55UsWZ-t-Q**,set_59,Vrouw,30,VMBO,neutraal,4. midden
7lkguFRx_T8Z6JcddBPOlQ**,set_80,Vrouw,74,Bachelor HBO/WO,Wel geinteresseerd,3. links
7lkguFRx_T8ZFKO2za1ApQ**,set_105,Man,33,Bachelor HBO/WO,Zeer geinteresseerd,2. links
7lkguFRx_T8ZKgrFwwt7YA**,set_46,Vrouw,37,MBO,Wel geinteresseerd,1. links
7lkguFRx_T8ZPN1fb7OVFg**,set_8,Vrouw,69,MBO,Helemaal niet geinteresseerd,4. midden
7lkguFRx_T8ZcZlHDlI9uw**,set_27,Vrouw,21,HAVO/VWO,Enigszins geinteresseerd,6. rechts
7lkguFRx_T8Zkwouf0YoHQ**,set_55,Vrouw,67,Master HBO/WO,Enigszins geinteresseerd,2. links
7lkguFRx_T8Zs3rAGFPGpQ**,set_23,Man,68,Bachelor HBO/WO,neutraal,6. rechts
7lkguFRx_T8ZxgO6nkR3vA**,set_44,Vrouw,60,Master HBO/WO,Zeer geinteresseerd,2. links
7lkguFRx_T8Zzuw3xiGgdA**,set_66,Vrouw,52,MBO,Wel geinteresseerd,6. rechts
7lkguFRx_T8_1636_XsDHA**,set_49,Man,27,Bachelor HBO/WO,Enigszins geinteresseerd,5. rechts
7lkguFRx_T8_DGKYRlNDKA**,set_100,Man,40,Master HBO/WO,Wel geinteresseerd,2. links
7lkguFRx_T8_OHRUxWOBHg**,set_107,Vrouw,76,HAVO/VWO,Zeer geinteresseerd,2. links
7lkguFRx_T8_OdqZaXelXg**,set_66,Man,68,HAVO/VWO,Enigszins geinteresseerd,5. rechts
7lkguFRx_T8_ZijF_w1U_Q**,set_74,Vrouw,64,Bachelor HBO/WO,Zeer geinteresseerd,7. rechts
7lkguFRx_T8_uKOFZdiZVA**,set_89,Vrouw,23,MBO,Wel geinteresseerd,1. links
7lkguFRx_T8aDOo7wpkkzw**,set_34,Vrouw,59,HAVO/VWO,Wel geinteresseerd,2. links
7lkguFRx_T8aIvfbLULp_w**,set_117,Vrouw,73,VMBO,Enigszins niet geinteresseerd,4. midden
7lkguFRx_T8aQfUN_xHUrQ**,set_95,Man,62,VMBO,neutraal,4. midden
7lkguFRx_T8aX7IUg75ULQ**,set_102,Man,56,VMBO,Wel geinteresseerd,2. links
7lkguFRx_T8adeUXdVImtg**,set_104,Man,74,HAVO/VWO,Zeer geinteresseerd,6. rechts
7lkguFRx_T8ajEafYwIZaw**,set_92,Man,68,Master HBO/WO,Zeer geinteresseerd,5. rechts
7lkguFRx_T8apqVlNElOxQ**,set_55,Man,20,HAVO/VWO,Zeer geinteresseerd,7. rechts
7lkguFRx_T8awjH4O7l-kQ**,set_21,Vrouw,60,MBO,Enigszins geinteresseerd,5. rechts
7lkguFRx_T8ayOiflvX3HA**,set_88,Vrouw,52,Master HBO/WO,Zeer geinteresseerd,6. rechts
7lkguFRx_T8b5gymmT0kjw**,set_4,Vrouw,72,MBO,neutraal,3. links
7lkguFRx_T8bA8nwlWB5Sg**,set_112,Vrouw,25,Bachelor HBO/WO,Enigszins geinteresseerd,4. midden
7lkguFRx_T8bEUad4NarRQ**,set_14,Man,51,MBO,Wel geinteresseerd,6. rechts
7lkguFRx_T8baW-VlukaXA**,set_73,Vrouw,55,Bachelor HBO/WO,Wel geinteresseerd,2. links
7lkguFRx_T8beOTCEqlwsA**,set_93,Vrouw,68,MBO,neutraal,4. midden
7lkguFRx_T8beiN7O6WZtg**,set_102,Man,72,VMBO,Helemaal niet geinteresseerd,4. midden
7lkguFRx_T8brSZ9CDoNGw**,set_63,Vrouw,52,MBO,Wel geinteresseerd,7. rechts
7lkguFRx_T8btB1tnp1xBg**,set_55,Vrouw,80,HAVO/VWO,Wel geinteresseerd,4. midden
7lkguFRx_T8cBR4ju-dmYw**,set_112,Vrouw,80,Bachelor HBO/WO,Enigszins geinteresseerd,4. midden
7lkguFRx_T8cjQxbIB_ALg**,set_57,Vrouw,43,MBO,Wel geinteresseerd,3. links
7lkguFRx_T8cp2OUVsuccw**,set_75,Man,72,MBO,Wel geinteresseerd,3. links
7lkguFRx_T8cprsELfrFSg**,set_84,Man,74,VMBO,Enigszins geinteresseerd,5. rechts
7lkguFRx_T8cqHuoyRjqjw**,set_41,Man,20,HAVO/VWO,Wel geinteresseerd,3. links
7lkguFRx_T8cxv6_ARefRA**,set_116,Man,62,MBO,Wel geinteresseerd,5. rechts
7lkguFRx_T8d55AdJssqMw**,set_82,Vrouw,72,HAVO/VWO,Wel geinteresseerd,5. rechts
7lkguFRx_T8dAX7yLFPrSQ**,set_40,Vrouw,63,HAVO/VWO,neutraal,4. midden
7lkguFRx_T8dKnpvZdfFpw**,set_21,Vrouw,60,MBO,Wel geinteresseerd,6. rechts
7lkguFRx_T8dY7hlhOIe9A**,set_103,Vrouw,64,HAVO/VWO,Enigszins geinteresseerd,2. links
7lkguFRx_T8dfDVMcFdknw**,set_108,Man,72,Master HBO/WO,Niet geintereseerd,3. links
7lkguFRx_T8dlf2nySLFcw**,set_94,Vrouw,21,MBO,neutraal,4. midden
7lkguFRx_T8eBaSTiBeENg**,set_53,Vrouw,27,MBO,neutraal,5. rechts
7lkguFRx_T8eLpgyPFpp8w**,set_43,Vrouw,65,HAVO/VWO,Wel geinteresseerd,4. midden
7lkguFRx_T8eTaTnsm0_Kw**,set_96,Man,72,Bachelor HBO/WO,neutraal,5. rechts
7lkguFRx_T8ejrFFYg5UAQ**,set_9,Vrouw,53,VMBO,neutraal,4. midden
7lkguFRx_T8exbEkjkvZXw**,set_97,Man,66,VMBO,Enigszins geinteresseerd,5. rechts
7lkguFRx_T8f4o_dorLdYQ**,set_48,Vrouw,80,Basisonderwijs,Enigszins niet geinteresseerd,4. midden
7lkguFRx_T8fAgLDWZ70_Q**,set_15,Man,55,Bachelor HBO/WO,Enigszins geinteresseerd,2. links
7lkguFRx_T8fE22JWVHE2g**,set_36,Vrouw,54,MBO,Niet geintereseerd,5. rechts
7lkguFRx_T8fN8o4M6eNzA**,set_3,Vrouw,62,MBO,neutraal,4. midden
7lkguFRx_T8fWyh0xRIyYA**,set_41,Man,56,HAVO/VWO,Zeer geinteresseerd,6. rechts
7lkguFRx_T8fb0cyxd1UVA**,set_75,Vrouw,47,Master HBO/WO,Zeer geinteresseerd,3. links
7lkguFRx_T8fvNsqIzJ8AA**,set_63,Vrouw,47,VMBO,Helemaal niet geinteresseerd,4. midden
7lkguFRx_T8fxd_h2hlcTQ**,set_40,Vrouw,32,Bachelor HBO/WO,Helemaal niet geinteresseerd,6. rechts
7lkguFRx_T8g00pI6lnrYA**,set_47,Vrouw,53,Bachelor HBO/WO,Wel geinteresseerd,4. midden
7lkguFRx_T8g06BkqNlFXg**,set_33,Vrouw,34,MBO,Wel geinteresseerd,6. rechts
7lkguFRx_T8g91ZYzORTQA**,set_108,Man,50,MBO,Enigszins geinteresseerd,6. rechts
7lkguFRx_T8g9Kj7TvFTNg**,set_53,Vrouw,21,MBO,Enigszins geinteresseerd,2. links
7lkguFRx_T8gM4xm0g4lJg**,set_12,Man,71,MBO,neutraal,3. links
7lkguFRx_T8gZfdNKOt1_g**,set_56,Vrouw,56,VMBO,Helemaal niet geinteresseerd,5. rechts
7lkguFRx_T8giynANeDBNQ**,set_22,Vrouw,26,Master HBO/WO,Zeer geinteresseerd,1. links
7lkguFRx_T8gqBWzWQ44_Q**,set_30,Vrouw,68,HAVO/VWO,Enigszins geinteresseerd,2. links
7lkguFRx_T8h7dsYjCp5Tw**,set_16,Man,63,Bachelor HBO/WO,Zeer geinteresseerd,5. rechts
7lkguFRx_T8h9gz_M6rF4w**,set_88,Vrouw,41,MBO,Enigszins geinteresseerd,5. rechts
7lkguFRx_T8hNTT8I1IZYA**,set_113,Vrouw,55,Bachelor HBO/WO,Enigszins geinteresseerd,3. links
7lkguFRx_T8hP2AU1W90XA**,set_93,Man,67,VMBO,neutraal,5. rechts
7lkguFRx_T8hg370JewP5g**,set_1,Vrouw,63,HAVO/VWO,Enigszins geinteresseerd,5. rechts
7lkguFRx_T8hj7e6S5aZyA**,set_118,Vrouw,69,VMBO,Enigszins geinteresseerd,6. rechts
7lkguFRx_T8hplwzi_dumA**,set_45,Vrouw,29,Bachelor HBO/WO,Enigszins geinteresseerd,6. rechts
7lkguFRx_T8hvVVunayv3A**,set_47,Vrouw,76,VMBO,Helemaal niet geinteresseerd,4. midden
7lkguFRx_T8hyCfFKnw0nw**,set_28,Vrouw,23,Bachelor HBO/WO,Wel geinteresseerd,7. rechts
7lkguFRx_T8i1l6jgcODHQ**,set_1,Man,33,MBO,neutraal,3. links
7lkguFRx_T8iKMQCtAua5g**,set_114,Man,63,MBO,Enigszins niet geinteresseerd,5. rechts
7lkguFRx_T8iKleygdPCYQ**,set_32,Man,46,MBO,Zeer geinteresseerd,4. midden
7lkguFRx_T8iivRSFe-xtw**,set_34,Vrouw,54,MBO,Wel geinteresseerd,2. links
7lkguFRx_T8ilHHlVuoMgA**,set_48,Vrouw,30,Bachelor HBO/WO,Enigszins geinteresseerd,6. rechts
7lkguFRx_T8j6DH__RwEXQ**,set_50,Vrouw,54,VMBO,neutraal,4. midden
7lkguFRx_T8jFrh4gvSdGQ**,set_35,Man,75,VMBO,neutraal,5. rechts
7lkguFRx_T8jI8CO-PB3Yg**,set_99,Vrouw,56,HAVO/VWO,Wel geinteresseerd,6. rechts
7lkguFRx_T8jPcmdFpjIOg**,set_60,Man,32,Master HBO/WO,Zeer geinteresseerd,7. rechts
7lkguFRx_T8jS31v5Nunvg**,set_2,Vrouw,33,Bachelor HBO/WO,Wel geinteresseerd,6. rechts
7lkguFRx_T8jVJ9pfHC1dg**,set_117,Man,54,Master HBO/WO,Wel geinteresseerd,5. rechts
7lkguFRx_T8jdXU3s-5JKA**,set_124,Vrouw,52,MBO,neutraal,6. rechts
7lkguFRx_T8jdj1tawMQnA**,set_47,Vrouw,58,Bachelor HBO/WO,Zeer geinteresseerd,4. midden
7lkguFRx_T8juqjPMfE2gw**,set_46,Man,32,Bachelor HBO/WO,Wel geinteresseerd,6. rechts
7lkguFRx_T8k-ZKc5sx8sw**,set_11,Man,58,MBO,neutraal,2. links
7lkguFRx_T8kMmbg_JD_6A**,set_17,Man,69,HAVO/VWO,neutraal,5. rechts
7lkguFRx_T8kMz5b5dnTpw**,set_78,Man,34,HAVO/VWO,Wel geinteresseerd,6. rechts
7lkguFRx_T8kRgkd1m3jFQ**,set_29,Man,61,MBO,Wel geinteresseerd,5. rechts
7lkguFRx_T8kj21RzYgjeQ**,set_113,Vrouw,29,Master HBO/WO,Zeer geinteresseerd,3. links
7lkguFRx_T8kmgtihgd19g**,set_38,Vrouw,77,VMBO,Wel geinteresseerd,3. links
7lkguFRx_T8kv3QvrkjXFw**,set_117,Man,37,Bachelor HBO/WO,Zeer geinteresseerd,2. links
7lkguFRx_T8l-3bSZsP1Pg**,set_118,Man,58,MBO,Wel geinteresseerd,7. rechts
7lkguFRx_T8lZjSxeGMnAA**,set_3,Vrouw,78,HAVO/VWO,Niet geintereseerd,4. midden
7lkguFRx_T8lcZbnwiE0AQ**,set_90,Man,32,Bachelor HBO/WO,Zeer geinteresseerd,7. rechts
7lkguFRx_T8ldQJdEAbQUQ**,set_1,Man,37,Master HBO/WO,Zeer geinteresseerd,7. rechts
7lkguFRx_T8linAYtpDWQw**,set_69,Vrouw,47,MBO,Enigszins geinteresseerd,4. midden
7lkguFRx_T8lkGMIgvGNDQ**,set_22,Vrouw,16,Basisonderwijs,Enigszins niet geinteresseerd,2. links
7lkguFRx_T8lqHuorP-FnQ**,set_22,Man,43,Bachelor HBO/WO,Wel geinteresseerd,6. rechts
7lkguFRx_T8lqtsTfMNH2g**,set_2,Man,80,Basisonderwijs,Wel geinteresseerd,1. links
7lkguFRx_T8ltg_0I_l5FQ**,set_9,Vrouw,41,MBO,Enigszins geinteresseerd,4. midden
7lkguFRx_T8lx9WcLeULFg**,set_59,Vrouw,71,MBO,Enigszins geinteresseerd,1. links
7lkguFRx_T8m5AGYsQD55w**,set_62,Vrouw,31,Bachelor HBO/WO,Enigszins niet geinteresseerd,2. links
7lkguFRx_T8mR3u6SA1INw**,set_59,Man,68,MBO,Wel geinteresseerd,3. links
7lkguFRx_T8mqVCzDvCo6A**,set_5,Vrouw,59,VMBO,neutraal,4. midden
7lkguFRx_T8n02NAdqhTjQ**,set_11,Man,68,Bachelor HBO/WO,Zeer geinteresseerd,2. links
7lkguFRx_T8n5S29JYM9lQ**,set_76,Vrouw,55,HAVO/VWO,neutraal,5. rechts
7lkguFRx_T8n5jxJgmxCsg**,set_51,Man,47,Bachelor HBO/WO,Wel geinteresseerd,5. rechts
7lkguFRx_T8nKQ37HRs34w**,set_13,Vrouw,47,Bachelor HBO/WO,Zeer geinteresseerd,6. rechts
7lkguFRx_T8nWqd9p_B6sQ**,set_26,Vrouw,29,MBO,Enigszins niet geinteresseerd,4. midden
7lkguFRx_T8nXYsHRjpkxw**,set_52,Man,60,Bachelor HBO/WO,Wel geinteresseerd,4. midden
7lkguFRx_T8njE_Yf5XIsA**,set_94,Vrouw,41,Master HBO/WO,Zeer geinteresseerd,6. rechts
7lkguFRx_T8o6oGDsXws1w**,set_95,Man,70,MBO,Enigszins niet geinteresseerd,5. rechts
7lkguFRx_T8oAo4bhCQWXw**,set_35,Vrouw,48,Bachelor HBO/WO,Enigszins geinteresseerd,6. rechts
7lkguFRx_T8oB5jlw-aRuw**,set_63,Vrouw,48,MBO,Zeer geinteresseerd,3. links
7lkguFRx_T8oNHd_1QnsCg**,set_38,Vrouw,46,MBO,Helemaal niet geinteresseerd,4. midden
7lkguFRx_T8o_UkQwlD_Pw**,set_18,Vrouw,68,MBO,neutraal,6. rechts
7lkguFRx_T8obC0f3SsENQ**,set_86,Vrouw,30,Bachelor HBO/WO,Wel geinteresseerd,6. rechts
7lkguFRx_T8ojc9YSdriuA**,set_50,Man,55,Master HBO/WO,Wel geinteresseerd,5. rechts
7lkguFRx_T8pASfqR9OZNw**,set_100,Vrouw,19,HAVO/VWO,Wel geinteresseerd,5. rechts
7lkguFRx_T8pJYGedQsPWw**,set_72,Vrouw,20,HAVO/VWO,Enigszins geinteresseerd,3. links
7lkguFRx_T8q00tDgHHUtg**,set_6,Vrouw,067,MBO,Enigszins geinteresseerd,7. rechts
7lkguFRx_T8q2drb9pyi7w**,set_13,Man,59,HAVO/VWO,Enigszins niet geinteresseerd,4. midden
7lkguFRx_T8q3TyS-a2mKA**,set_58,Man,54,Bachelor HBO/WO,Enigszins geinteresseerd,6. rechts
7lkguFRx_T8qJK8otQY9ZQ**,set_33,Vrouw,51,Bachelor HBO/WO,Zeer geinteresseerd,7. rechts
7lkguFRx_T8qe1T_H5W4FA**,set_122,Vrouw,63,VMBO,Helemaal niet geinteresseerd,7. rechts
7lkguFRx_T8qmXCu3zy08Q**,set_61,Vrouw,67,Master HBO/WO,Zeer geinteresseerd,6. rechts
7lkguFRx_T8qtU_MkRDfxg**,set_91,Vrouw,26,Master HBO/WO,Wel geinteresseerd,5. rechts
7lkguFRx_T8r2ZSytSw7xw**,set_31,Vrouw,34,Master HBO/WO,Wel geinteresseerd,6. rechts
7lkguFRx_T8rH8c4QbP0RA**,set_59,Vrouw,47,Bachelor HBO/WO,Wel geinteresseerd,5. rechts
7lkguFRx_T8rOgAUP62jvQ**,set_122,Man,35,Bachelor HBO/WO,Wel geinteresseerd,5. rechts
7lkguFRx_T8rUPNKsCluDw**,set_57,Man,66,VMBO,Enigszins niet geinteresseerd,4. midden
7lkguFRx_T8rqjtortZugA**,set_94,Vrouw,69,VMBO,Enigszins geinteresseerd,6. rechts
7lkguFRx_T8s0dKvvppOpg**,set_45,Vrouw,51,Bachelor HBO/WO,Enigszins geinteresseerd,5. rechts
7lkguFRx_T8s3GkuXvFQjg**,set_54,Man,66,MBO,Wel geinteresseerd,2. links
7lkguFRx_T8s4Bzm-8jcrw**,set_65,Man,73,HAVO/VWO,Wel geinteresseerd,5. rechts
7lkguFRx_T8s7K-fRRDPZg**,set_53,Man,54,VMBO,Wel geinteresseerd,7. rechts
7lkguFRx_T8sIJ9_2IBnbQ**,set_40,Vrouw,71,MBO,Enigszins niet geinteresseerd,4. midden
7lkguFRx_T8sIkKcUKYcdw**,set_96,Vrouw,33,MBO,neutraal,4. midden
7lkguFRx_T8sMcyk_aO1oA**,set_18,Man,69,Master HBO/WO,Zeer geinteresseerd,5. rechts
7lkguFRx_T8sO9ULmlCNeQ**,set_57,Man,81,VMBO,Wel geinteresseerd,6. rechts
7lkguFRx_T8sQ_jzWO5lbQ**,set_89,Man,58,Bachelor HBO/WO,Wel geinteresseerd,3. links
7lkguFRx_T8sfJNU4E0i7g**,set_47,Man,50,MBO,Helemaal niet geinteresseerd,6. rechts
7lkguFRx_T8sk9ax2JGNnQ**,set_36,Man,71,Bachelor HBO/WO,Wel geinteresseerd,3. links
7lkguFRx_T8sp4iEXSGvUA**,set_88,Vrouw,27,MBO,Wel geinteresseerd,6. rechts
7lkguFRx_T8sq0OBiB9acA**,set_72,Vrouw,54,MBO,Enigszins geinteresseerd,5. rechts
7lkguFRx_T8tFGV1lIKRLw**,set_86,Man,45,HAVO/VWO,Zeer geinteresseerd,6. rechts
7lkguFRx_T8tImzGnf5ogQ**,set_93,Vrouw,64,Bachelor HBO/WO,Wel geinteresseerd,2. links
7lkguFRx_T8tIt4yMqTDJQ**,set_77,Vrouw,70,HAVO/VWO,Zeer geinteresseerd,2. links
7lkguFRx_T8tWJTn9L1drA**,set_71,Vrouw,59,VMBO,Enigszins niet geinteresseerd,5. rechts
7lkguFRx_T8tjRonXmmrUw**,set_104,Man,41,MBO,Enigszins geinteresseerd,5. rechts
7lkguFRx_T8tmGLOlAhOSA**,set_19,Vrouw,025,Master HBO/WO,Helemaal niet geinteresseerd,2. links
7lkguFRx_T8to9wTbpudLw**,set_85,Vrouw,63,VMBO,neutraal,5. rechts
7lkguFRx_T8u65t6enuHWw**,set_57,Man,48,HAVO/VWO,Wel geinteresseerd,5. rechts
7lkguFRx_T8u6r3hnG_ybw**,set_124,Man,65,Bachelor HBO/WO,Wel geinteresseerd,2. links
7lkguFRx_T8uA1FOgvk_2Q**,set_34,Vrouw,52,MBO,Enigszins geinteresseerd,3. links
7lkguFRx_T8uKezLRPWuew**,set_53,Vrouw,54,Bachelor HBO/WO,Zeer geinteresseerd,6. rechts
7lkguFRx_T8uKf_7OGE1XA**,set_29,Man,28,HAVO/VWO,neutraal,4. midden
7lkguFRx_T8uV5FxC-gn_A**,set_78,Vrouw,40,Bachelor HBO/WO,Enigszins geinteresseerd,5. rechts
7lkguFRx_T8uXms_lu19zA**,set_8,Man,35,HAVO/VWO,Enigszins geinteresseerd,6. rechts
7lkguFRx_T8uYhOVIfyt8Q**,set_35,Vrouw,64,MBO,Wel geinteresseerd,6. rechts
7lkguFRx_T8ug2Fg-VGxiw**,set_109,Man,63,Master HBO/WO,Wel geinteresseerd,5. rechts
7lkguFRx_T8unUMCNSUDFA**,set_112,Man,42,Bachelor HBO/WO,Wel geinteresseerd,5. rechts
7lkguFRx_T8upqTGTD1cdg**,set_66,Vrouw,37,Bachelor HBO/WO,Wel geinteresseerd,5. rechts
7lkguFRx_T8uxepO9uir2g**,set_91,Man,67,MBO,Wel geinteresseerd,5. rechts
7lkguFRx_T8uy7vg-zJmbQ**,set_123,Vrouw,72,Bachelor HBO/WO,neutraal,3. links
7lkguFRx_T8v-_AtmDIw4A**,set_63,Vrouw,41,Bachelor HBO/WO,Wel geinteresseerd,5. rechts
7lkguFRx_T8v3ZvXTzuq6Q**,set_36,Vrouw,66,VMBO,Niet geintereseerd,5. rechts
7lkguFRx_T8v6ZRO4Loc5g**,set_85,Vrouw,58,MBO,Wel geinteresseerd,4. midden
7lkguFRx_T8v6pPLcU8QmQ**,set_97,Man,57,MBO,Enigszins geinteresseerd,6. rechts
7lkguFRx_T8v6tYcGc0MJg**,set_33,Vrouw,64,HAVO/VWO,Zeer geinteresseerd,5. rechts
7lkguFRx_T8vCUAOfRJuwQ**,set_49,Vrouw,68,Bachelor HBO/WO,Enigszins geinteresseerd,4. midden
7lkguFRx_T8vRLA7KPVniQ**,set_87,Vrouw,44,Bachelor HBO/WO,Helemaal niet geinteresseerd,4. midden
7lkguFRx_T8v_yZo_HZr-A**,set_43,Vrouw,37,Bachelor HBO/WO,Enigszins geinteresseerd,6. rechts
7lkguFRx_T8vd-T75sA34w**,set_34,Vrouw,55,Bachelor HBO/WO,Helemaal niet geinteresseerd,5. rechts
7lkguFRx_T8vgsRlQITnIQ**,set_7,Vrouw,43,Bachelor HBO/WO,Enigszins geinteresseerd,3. links
7lkguFRx_T8vjtd5lP7nuQ**,set_99,Vrouw,20,VMBO,neutraal,2. links
7lkguFRx_T8vpx3sVsasUw**,set_70,Man,30,Bachelor HBO/WO,Wel geinteresseerd,5. rechts
7lkguFRx_T8vr7TkoqgnEQ**,set_102,Vrouw,26,MBO,Enigszins geinteresseerd,2. links
7lkguFRx_T8vsMRWYNgF4w**,set_20,Man,40,MBO,Enigszins geinteresseerd,3. links
7lkguFRx_T8w9tNAlsGPnA**,set_63,Vrouw,43,Master HBO/WO,Wel geinteresseerd,4. midden
7lkguFRx_T8wPHSGp4lasg**,set_9,Man,53,Bachelor HBO/WO,Wel geinteresseerd,4. midden
7lkguFRx_T8wW1C52xJcnQ**,set_108,Vrouw,59,MBO,Enigszins geinteresseerd,5. rechts
7lkguFRx_T8wZCHAdofqlQ**,set_68,Vrouw,50,MBO,Enigszins niet geinteresseerd,4. midden
7lkguFRx_T8w_apbJ7h0PQ**,set_40,Man,58,VMBO,Enigszins geinteresseerd,4. midden
7lkguFRx_T8wa5pXht0YSA**,set_42,Vrouw,64,VMBO,neutraal,6. rechts
7lkguFRx_T8waBSOAY7lOg**,set_55,Man,42,Bachelor HBO/WO,Wel geinteresseerd,1. links
7lkguFRx_T8wrEdB-31-dQ**,set_6,Vrouw,52,MBO,Zeer geinteresseerd,5. rechts
7lkguFRx_T8wtk63E7dRYg**,set_1,Man,75,Basisonderwijs,Wel geinteresseerd,5. rechts
7lkguFRx_T8x-mifb17hYA**,set_56,Vrouw,21,MBO,Enigszins niet geinteresseerd,3. links
7lkguFRx_T8xCpNbPcJKcg**,set_89,Man,65,VMBO,Enigszins geinteresseerd,5. rechts
7lkguFRx_T8xD2mS9EYyZA**,set_67,Man,39,MBO,Helemaal niet geinteresseerd,5. rechts
7lkguFRx_T8xEhkyy_K8UA**,set_63,Vrouw,62,HAVO/VWO,Helemaal niet geinteresseerd,4. midden
7lkguFRx_T8xvoKVn_BC8A**,set_107,Man,67,MBO,Wel geinteresseerd,5. rechts
7lkguFRx_T8y1jemd7sgbA**,set_57,Man,82,VMBO,Wel geinteresseerd,3. links
7lkguFRx_T8y4P2cShfc-g**,set_53,Man,40,MBO,Wel geinteresseerd,5. rechts
7lkguFRx_T8y8id33YY7JQ**,set_37,Man,61,Bachelor HBO/WO,Wel geinteresseerd,5. rechts
7lkguFRx_T8yA5nD7MVO9A**,set_90,Man,20,HAVO/VWO,Wel geinteresseerd,6. rechts
7lkguFRx_T8yB0dS7dsXPg**,set_31,Man,60,VMBO,Enigszins geinteresseerd,4. midden
7lkguFRx_T8yJlJIW6CYBw**,set_109,Vrouw,48,MBO,Enigszins geinteresseerd,5. rechts
7lkguFRx_T8yKUEpEGy_sg**,set_86,Vrouw,59,MBO,Enigszins geinteresseerd,5. rechts
7lkguFRx_T8ybElZU0jykg**,set_75,Man,81,Bachelor HBO/WO,Wel geinteresseerd,3. links
7lkguFRx_T8yeJ7CD-ETlw**,set_87,Vrouw,18,Master HBO/WO,neutraal,5. rechts
7lkguFRx_T8ylKnqTfhmdA**,set_81,Man,36,Bachelor HBO/WO,Wel geinteresseerd,6. rechts
7lkguFRx_T8z9yOQNlbtkA**,set_31,Vrouw,39,MBO,neutraal,5. rechts
7lkguFRx_T8zKL9IcysLXA**,set_14,Vrouw,19,MBO,Enigszins niet geinteresseerd,6. rechts
7lkguFRx_T8zOuy6ginxww**,set_37,Vrouw,32,Bachelor HBO/WO,neutraal,5. rechts
7lkguFRx_T8zdG5_tTmATg**,set_44,Vrouw,80,HAVO/VWO,Wel geinteresseerd,6. rechts
7lkguFRx_T8zhHtkZIxpnA**,set_98,Vrouw,27,Master HBO/WO,neutraal,5. rechts
7lkguFRx_T8zir5AHhvTDQ**,set_13,Vrouw,61,Bachelor HBO/WO,Enigszins niet geinteresseerd,4. midden
7lkguFRx_T9-1U-eSv6UXQ**,set_5,Man,76,MBO,Wel geinteresseerd,5. rechts
7lkguFRx_T9-716eio0bbQ**,set_38,Vrouw,28,Bachelor HBO/WO,Wel geinteresseerd,4. midden
7lkguFRx_T9-7mORa0kfsw**,set_88,Vrouw,29,MBO,Niet geintereseerd,4. midden
7lkguFRx_T9-85kZsrHzFA**,set_11,Vrouw,,HAVO/VWO,Zeer geinteresseerd,3. links
7lkguFRx_T9-PbuA5javrQ**,set_111,Vrouw,65,Bachelor HBO/WO,Enigszins geinteresseerd,6. rechts
7lkguFRx_T9-RZxrt2URcw**,set_61,Vrouw,29,Bachelor HBO/WO,Enigszins geinteresseerd,3. links
7lkguFRx_T9-Z9tVstnjlw**,set_69,Man,32,Bachelor HBO/WO,Enigszins geinteresseerd,6. rechts
7lkguFRx_T9-blOU1v_iGw**,set_45,Man,55,VMBO,Niet geintereseerd,1. links
7lkguFRx_T9-mh3roOPDBg**,set_95,Vrouw,21,HAVO/VWO,Wel geinteresseerd,6. rechts
7lkguFRx_T9-wVrtd72VwA**,set_105,Man,67,Bachelor HBO/WO,neutraal,2. links
7lkguFRx_T901_40WqrSAQ**,set_73,Man,78,Master HBO/WO,Zeer geinteresseerd,6. rechts
7lkguFRx_T903wrsjbBQnQ**,set_109,Man,59,MBO,Enigszins geinteresseerd,4. midden
7lkguFRx_T909-W0kmsLzg**,set_101,Man,74,HAVO/VWO,Wel geinteresseerd,6. rechts
7lkguFRx_T90AQxOtC9ZjQ**,set_91,Vrouw,50,MBO,Enigszins geinteresseerd,6. rechts
7lkguFRx_T90_QcEs05BPQ**,set_115,Vrouw,26,MBO,neutraal,4. midden
7lkguFRx_T90pUsEamNyig**,set_60,Man,54,Bachelor HBO/WO,Wel geinteresseerd,2. links
7lkguFRx_T90uSI4TAsBKw**,set_93,Vrouw,40,VMBO,Helemaal niet geinteresseerd,4. midden
7lkguFRx_T90uaaIHhPBxg**,set_7,Vrouw,62,VMBO,Wel geinteresseerd,5. rechts
7lkguFRx_T910s42nTP-cg**,set_78,Vrouw,35,Master HBO/WO,Enigszins geinteresseerd,3. links
7lkguFRx_T9140K3aA9JuA**,set_47,Man,45,VMBO,neutraal,4. midden
7lkguFRx_T914CvyJNKpcA**,set_116,Man,48,Master HBO/WO,Zeer geinteresseerd,5. rechts
7lkguFRx_T91EFqWYsXfeQ**,set_66,Vrouw,18,HAVO/VWO,Wel geinteresseerd,6. rechts
7lkguFRx_T91ae5ctS-AvA**,set_106,Vrouw,49,MBO,Enigszins geinteresseerd,2. links
7lkguFRx_T91skKm3FSV3w**,set_32,Vrouw,19,MBO,Wel geinteresseerd,2. links
7lkguFRx_T92-Qw-fUX2IA**,set_9,Vrouw,59,VMBO,Zeer geinteresseerd,5. rechts
7lkguFRx_T922sBvaqCkGg**,set_40,Vrouw,78,MBO,Zeer geinteresseerd,4. midden
7lkguFRx_T92YmcNhx7jsA**,set_32,Vrouw,67,HAVO/VWO,Wel geinteresseerd,1. links
7lkguFRx_T92ZJei4Bio6g**,set_31,Vrouw,43,Bachelor HBO/WO,Wel geinteresseerd,2. links
7lkguFRx_T92hlrLEyS8Lw**,set_98,Man,50,Bachelor HBO/WO,Wel geinteresseerd,4. midden
7lkguFRx_T92y4G3TjqE8Q**,set_26,Man,71,MBO,Wel geinteresseerd,7. rechts
7lkguFRx_T92z2JOwI8ueg**,set_41,Man,74,Master HBO/WO,Enigszins geinteresseerd,5. rechts
7lkguFRx_T92z8V34P7d9A**,set_105,Man,66,MBO,Wel geinteresseerd,2. links
7lkguFRx_T93EQXTCYKuEQ**,set_70,Vrouw,78,MBO,Enigszins geinteresseerd,3. links
7lkguFRx_T93FIHRw5fvgg**,set_114,Man,48,Master HBO/WO,Zeer geinteresseerd,3. links
7lkguFRx_T93RAj2E8LkEA**,set_90,Vrouw,29,VMBO,Enigszins geinteresseerd,6. rechts
7lkguFRx_T93cg4N2rMWjg**,set_3,Vrouw,58,HAVO/VWO,Enigszins geinteresseerd,4. midden
7lkguFRx_T93eUg3vvK9DQ**,set_104,Vrouw,51,Bachelor HBO/WO,Niet geintereseerd,1. links
7lkguFRx_T93gKYMwpy9VA**,set_30,Vrouw,34,Bachelor HBO/WO,Wel geinteresseerd,6. rechts
7lkguFRx_T93kFk7jUBCNQ**,set_118,Man,71,MBO,Enigszins geinteresseerd,4. midden
7lkguFRx_T943W5K37rrLg**,set_46,Vrouw,65,VMBO,neutraal,7. rechts
7lkguFRx_T948jXUH60B_g**,set_2,Man,52,MBO,Niet geintereseerd,5. rechts
7lkguFRx_T94BnOpqTN_ew**,set_9,Man,54,MBO,Wel geinteresseerd,4. midden
7lkguFRx_T94F8mOBZjilw**,set_69,Vrouw,53,HAVO/VWO,Enigszins niet geinteresseerd,4. midden
7lkguFRx_T94NB-Y_meBCA**,set_106,Vrouw,44,MBO,Enigszins geinteresseerd,3. links
7lkguFRx_T94O0nIl5VpMg**,set_32,Vrouw,37,Bachelor HBO/WO,Enigszins geinteresseerd,3. links
7lkguFRx_T94Wv2Dy0RsWA**,set_78,Vrouw,36,Bachelor HBO/WO,Enigszins geinteresseerd,3. links
7lkguFRx_T94wrEyZg_DHg**,set_104,Vrouw,51,Master HBO/WO,Wel geinteresseerd,2. links
7lkguFRx_T94y7bk26WGYA**,set_121,Vrouw,058,MBO,Enigszins geinteresseerd,5. rechts
7lkguFRx_T94yHwlWCX1QA**,set_44,Vrouw,53,VMBO,neutraal,1. links
7lkguFRx_T9501opuYJmmw**,set_63,Vrouw,56,Bachelor HBO/WO,Enigszins geinteresseerd,5. rechts
7lkguFRx_T951OiITinH9w**,set_27,Vrouw,45,Bachelor HBO/WO,Wel geinteresseerd,4. midden
7lkguFRx_T953mhsaw517Q**,set_44,Man,34,HAVO/VWO,Niet geintereseerd,5. rechts
7lkguFRx_T95450z7XCh5w**,set_104,Vrouw,35,MBO,Wel geinteresseerd,6. rechts
7lkguFRx_T95CuNB_63EUg**,set_8,Vrouw,55,MBO,Enigszins geinteresseerd,5. rechts
7lkguFRx_T95E7GE5oBHHg**,set_60,Man,74,HAVO/VWO,Wel geinteresseerd,6. rechts
7lkguFRx_T95JKJHPH56-g**,set_61,Man,77,Bachelor HBO/WO,Enigszins geinteresseerd,6. rechts
7lkguFRx_T95MYFFaMx17g**,set_7,Man,65,VMBO,Wel geinteresseerd,6. rechts
7lkguFRx_T95Vh0odhOpnw**,set_23,Man,43,HAVO/VWO,Wel geinteresseerd,6. rechts
7lkguFRx_T95bzgkbayaKg**,set_77,Man,46,VMBO,neutraal,4. midden
7lkguFRx_T95d2SlzwV1DA**,set_51,Man,33,Master HBO/WO,Wel geinteresseerd,5. rechts
7lkguFRx_T95dfyu9q6DbQ**,set_86,Man,72,Master HBO/WO,Wel geinteresseerd,4. midden
7lkguFRx_T95jZzl4nEEuw**,set_111,Man,30,Bachelor HBO/WO,Wel geinteresseerd,5. rechts
7lkguFRx_T95mSDwtcuJoQ**,set_36,Vrouw,65,MBO,Enigszins geinteresseerd,6. rechts
7lkguFRx_T95qJl9WpZasg**,set_84,Vrouw,70,Master HBO/WO,Zeer geinteresseerd,1. links
7lkguFRx_T966lBSoMCxrA**,set_102,Man,073,VMBO,Enigszins geinteresseerd,6. rechts
7lkguFRx_T969gf8v2b8Jw**,set_65,Man,35,Bachelor HBO/WO,Wel geinteresseerd,6. rechts
7lkguFRx_T96A4NfFR_Oew**,set_26,Vrouw,72,Bachelor HBO/WO,Wel geinteresseerd,2. links
7lkguFRx_T96NDvTRYbihQ**,set_59,Man,73,MBO,Zeer geinteresseerd,7. rechts
7lkguFRx_T96ReNgEy9giA**,set_49,Man,82,MBO,Wel geinteresseerd,3. links
7lkguFRx_T96SkuXiLJsvQ**,set_109,Vrouw,78,MBO,Wel geinteresseerd,5. rechts
7lkguFRx_T96owEl-FhD7g**,set_104,Man,36,Master HBO/WO,Zeer geinteresseerd,6. rechts
7lkguFRx_T96qvlQpOGynQ**,set_116,Vrouw,63,HAVO/VWO,Zeer geinteresseerd,4. midden
7lkguFRx_T973IvBlOKXqA**,set_101,Vrouw,56,MBO,Wel geinteresseerd,3. links
7lkguFRx_T975tNSL213TA**,set_14,Man,51,MBO,Enigszins geinteresseerd,7. rechts
7lkguFRx_T97840mrZjQCw**,set_26,Vrouw,64,Master HBO/WO,Wel geinteresseerd,3. links
7lkguFRx_T97ByBRcX3CDg**,set_41,Vrouw,63,HAVO/VWO,Enigszins geinteresseerd,4. midden
7lkguFRx_T97OQXERQnzhQ**,set_13,Vrouw,33,Bachelor HBO/WO,Enigszins niet geinteresseerd,2. links
7lkguFRx_T97i2iyWrkfpw**,set_79,Vrouw,49,MBO,Enigszins geinteresseerd,4. midden
7lkguFRx_T97jllq6Vk-Ag**,set_84,Vrouw,62,MBO,neutraal,4. midden
7lkguFRx_T97nza9beI5ag**,set_48,Man,50,MBO,Zeer geinteresseerd,6. rechts
7lkguFRx_T97r8Hr3OWz6Q**,set_120,Man,27,Master HBO/WO,Zeer geinteresseerd,5. rechts
7lkguFRx_T98FsGXEkWIAg**,set_81,Vrouw,55,HAVO/VWO,Enigszins geinteresseerd,5. rechts
7lkguFRx_T98GneZepvjAg**,set_116,Vrouw,54,Bachelor HBO/WO,Enigszins niet geinteresseerd,4. midden
7lkguFRx_T98NU2zM4kQMw**,set_105,Man,61,MBO,neutraal,4. midden
7lkguFRx_T98RVlwxKL6Mg**,set_46,Vrouw,23,Bachelor HBO/WO,Enigszins niet geinteresseerd,4. midden
7lkguFRx_T98XwhvqcZBnQ**,set_47,Man,61,Bachelor HBO/WO,Wel geinteresseerd,5. rechts
7lkguFRx_T98ibzWXC-VrQ**,set_17,Man,71,Bachelor HBO/WO,Zeer geinteresseerd,3. links
7lkguFRx_T98mBC94ESCKQ**,set_113,Man,72,Bachelor HBO/WO,Enigszins niet geinteresseerd,5. rechts
7lkguFRx_T99KabFROmmnQ**,set_115,Vrouw,31,Master HBO/WO,Wel geinteresseerd,6. rechts
7lkguFRx_T99V6a90O9SNg**,set_58,Vrouw,39,Bachelor HBO/WO,Enigszins geinteresseerd,3. links
7lkguFRx_T99bnm12Bs4rw**,set_89,Vrouw,41,MBO,Wel geinteresseerd,3. links
7lkguFRx_T99obMxujXDuQ**,set_94,Vrouw,58,HAVO/VWO,Zeer geinteresseerd,5. rechts
7lkguFRx_T99xTzh-8bCrQ**,set_79,Vrouw,34,Bachelor HBO/WO,Wel geinteresseerd,4. midden
7lkguFRx_T9A4uptONXfuQ**,set_19,Vrouw,36,MBO,neutraal,3. links
7lkguFRx_T9ABjPnSbxzIw**,set_57,Vrouw,41,Bachelor HBO/WO,Niet geintereseerd,4. midden
7lkguFRx_T9ACr3X_dJ4IQ**,set_118,Man,86,VMBO,Enigszins geinteresseerd,5. rechts
7lkguFRx_T9ADS53aQzeug**,set_3,Vrouw,22,MBO,Zeer geinteresseerd,4. midden
7lkguFRx_T9AHnYm10oC3A**,set_27,Vrouw,76,VMBO,neutraal,4. midden
7lkguFRx_T9AOtY92vN6Sw**,set_43,Vrouw,65,Bachelor HBO/WO,neutraal,6. rechts
7lkguFRx_T9ATuploAa4xA**,set_82,Vrouw,40,Master HBO/WO,Wel geinteresseerd,5. rechts
7lkguFRx_T9AXB4qsygTfQ**,set_51,Vrouw,34,Master HBO/WO,Wel geinteresseerd,3. links
7lkguFRx_T9A_TIcOEhWbQ**,set_32,Man,42,MBO,Zeer geinteresseerd,5. rechts
7lkguFRx_T9AwBnubLsw9Q**,set_96,Vrouw,56,Bachelor HBO/WO,Zeer geinteresseerd,2. links
7lkguFRx_T9AxJNxud-zaw**,set_107,Vrouw,29,HAVO/VWO,Helemaal niet geinteresseerd,2. links
7lkguFRx_T9BE5Ri4bbWsg**,set_12,Vrouw,78,HAVO/VWO,Enigszins geinteresseerd,5. rechts
7lkguFRx_T9BGsNG8NBrZA**,set_20,Man,21,HAVO/VWO,Wel geinteresseerd,4. midden
7lkguFRx_T9BJEJFxptdXw**,set_19,Man,71,Bachelor HBO/WO,Enigszins geinteresseerd,4. midden
7lkguFRx_T9BJqQ-SgmuGg**,set_14,Man,24,HAVO/VWO,Wel geinteresseerd,4. midden
7lkguFRx_T9BK4We1S67pA**,set_47,Man,32,MBO,Enigszins niet geinteresseerd,5. rechts
7lkguFRx_T9BMSl7U6S6Ew**,set_28,Vrouw,52,MBO,neutraal,4. midden
7lkguFRx_T9BN0LJvww2nQ**,set_81,Vrouw,53,MBO,Enigszins niet geinteresseerd,6. rechts
7lkguFRx_T9BNBO-cHyr1w**,set_4,Vrouw,62,MBO,Zeer geinteresseerd,3. links
7lkguFRx_T9BcRbY0kBoUg**,set_75,Vrouw,57,Bachelor HBO/WO,Enigszins niet geinteresseerd,4. midden
7lkguFRx_T9BenwxNxLC6g**,set_58,Man,39,Master HBO/WO,Zeer geinteresseerd,7. rechts
7lkguFRx_T9BfuN7WYZ4xA**,set_88,Vrouw,27,Bachelor HBO/WO,Wel geinteresseerd,2. links
7lkguFRx_T9BjT8nI1WCCQ**,set_67,Vrouw,48,Bachelor HBO/WO,neutraal,4. midden
7lkguFRx_T9Bnv1cm3oFxw**,set_65,Vrouw,76,VMBO,neutraal,5. rechts
7lkguFRx_T9BzdUyyGoN-g**,set_77,Vrouw,29,Bachelor HBO/WO,Helemaal niet geinteresseerd,4. midden
7lkguFRx_T9C6E2lwv2RyA**,set_25,Vrouw,32,MBO,Enigszins geinteresseerd,5. rechts
7lkguFRx_T9CCI4iTszodg**,set_26,Vrouw,74,Master HBO/WO,Wel geinteresseerd,4. midden
7lkguFRx_T9CHO-9xcvgoQ**,set_47,Vrouw,53,HAVO/VWO,Zeer geinteresseerd,6. rechts
7lkguFRx_T9CK7MjIlj3og**,set_60,Man,65,MBO,Wel geinteresseerd,5. rechts
7lkguFRx_T9CTgmbWXmcVg**,set_120,Vrouw,43,Bachelor HBO/WO,Wel geinteresseerd,7. rechts
7lkguFRx_T9CUGdzHp38uQ**,set_13,Vrouw,75,VMBO,Enigszins geinteresseerd,4. midden
7lkguFRx_T9CZ78ake_0_Q**,set_69,Man,37,Bachelor HBO/WO,Wel geinteresseerd,6. rechts
7lkguFRx_T9CZIEo99odDQ**,set_121,Man,70,Master HBO/WO,Zeer geinteresseerd,3. links
7lkguFRx_T9CsCOIB8IPfw**,set_41,Vrouw,34,Master HBO/WO,Enigszins geinteresseerd,1. links
7lkguFRx_T9CwM6JXEMyHg**,set_113,Man,74,VMBO,Zeer geinteresseerd,6. rechts
7lkguFRx_T9D-puS153-0Q**,set_13,Man,35,HAVO/VWO,Wel geinteresseerd,6. rechts
7lkguFRx_T9D2DK2IAPFxg**,set_94,Man,49,Master HBO/WO,Zeer geinteresseerd,5. rechts
7lkguFRx_T9DFKOtBt3Yyw**,set_10,Vrouw,76,VMBO,neutraal,7. rechts
7lkguFRx_T9DK3Vp0YRvLA**,set_76,Man,56,VMBO,neutraal,4. midden
7lkguFRx_T9DfoXIW4n5hg**,set_55,Man,66,Bachelor HBO/WO,Enigszins geinteresseerd,5. rechts
7lkguFRx_T9DjzZL-ocB6A**,set_80,Vrouw,20,MBO,Wel geinteresseerd,7. rechts
7lkguFRx_T9Dq-Kadk5HdQ**,set_116,Vrouw,27,Bachelor HBO/WO,Enigszins niet geinteresseerd,5. rechts
7lkguFRx_T9DxWpD8uI-MQ**,set_80,Vrouw,29,Master HBO/WO,Enigszins geinteresseerd,3. links
7lkguFRx_T9DyFNDca5L7Q**,set_94,Vrouw,36,Bachelor HBO/WO,Wel geinteresseerd,5. rechts
7lkguFRx_T9E4OvypSuBog**,set_58,Man,62,Bachelor HBO/WO,Zeer geinteresseerd,1. links
7lkguFRx_T9EVgktPSlS8A**,set_70,Man,78,HAVO/VWO,Zeer geinteresseerd,6. rechts
7lkguFRx_T9EuUwL-zwpCA**,set_66,Vrouw,54,MBO,Enigszins geinteresseerd,6. rechts
7lkguFRx_T9F5F28Y8ZRww**,set_38,Man,44,HAVO/VWO,Zeer geinteresseerd,4. midden
7lkguFRx_T9FJZSp0ixsHQ**,set_122,Man,53,VMBO,Enigszins geinteresseerd,7. rechts
7lkguFRx_T9FXa0WMsuhgA**,set_2,Man,66,MBO,Wel geinteresseerd,5. rechts
7lkguFRx_T9FmEVE-3DYSA**,set_2,Vrouw,24,Bachelor HBO/WO,neutraal,2. links
7lkguFRx_T9Fo24otndxuQ**,set_30,Man,66,HAVO/VWO,Enigszins geinteresseerd,4. midden
7lkguFRx_T9G4KArMlCalQ**,set_93,Vrouw,28,MBO,neutraal,7. rechts
7lkguFRx_T9GEA42Pz-fxA**,set_29,Vrouw,20,MBO,neutraal,4. midden
7lkguFRx_T9GSnFjNaY-Lg**,set_116,Vrouw,36,VMBO,Niet geintereseerd,4. midden
7lkguFRx_T9GUVEdaILlBw**,set_73,Vrouw,34,Master HBO/WO,neutraal,5. rechts
7lkguFRx_T9Gn6YzTY5U0w**,set_116,Vrouw,41,MBO,Enigszins geinteresseerd,4. midden
7lkguFRx_T9GpHwpl1014Q**,set_85,Man,34,Bachelor HBO/WO,Wel geinteresseerd,6. rechts
7lkguFRx_T9Gw6QX8pdzeg**,set_121,Vrouw,23,Bachelor HBO/WO,neutraal,3. links
7lkguFRx_T9H-aN4HLjM1Q**,set_13,Vrouw,32,Bachelor HBO/WO,Zeer geinteresseerd,1. links
7lkguFRx_T9H13B5OqljJQ**,set_60,Vrouw,27,Master HBO/WO,Enigszins geinteresseerd,2. links
7lkguFRx_T9H2kxH2nGXQw**,set_24,Man,71,MBO,Wel geinteresseerd,6. rechts
7lkguFRx_T9H74G3RDR-Rw**,set_53,Man,40,VMBO,Helemaal niet geinteresseerd,4. midden
7lkguFRx_T9H7aTMCpshuw**,set_38,Vrouw,40,HAVO/VWO,neutraal,3. links
7lkguFRx_T9HBhkp2W-ECw**,set_21,Vrouw,53,VMBO,Enigszins niet geinteresseerd,6. rechts
7lkguFRx_T9HDDqpBVm_Mw**,set_81,Vrouw,53,MBO,Wel geinteresseerd,3. links
7lkguFRx_T9HG7olmoAHHA**,set_87,Man,72,Master HBO/WO,Zeer geinteresseerd,2. links
7lkguFRx_T9HJ4H_6VxpDQ**,set_80,Man,32,MBO,Enigszins niet geinteresseerd,4. midden
7lkguFRx_T9HJUizBsfjLw**,set_116,Man,75,MBO,Zeer geinteresseerd,4. midden
7lkguFRx_T9H_NDe4vnXHg**,set_78,Man,25,Master HBO/WO,Wel geinteresseerd,2. links
7lkguFRx_T9HcvFX0cq7FA**,set_107,Man,44,MBO,Niet geintereseerd,2. links
7lkguFRx_T9HjRlJHXHs8g**,set_15,Man,48,MBO,Niet geintereseerd,4. midden
7lkguFRx_T9HlJZuTyuqyQ**,set_107,Vrouw,55,VMBO,Enigszins geinteresseerd,6. rechts
7lkguFRx_T9I2PB1P4e0eg**,set_117,Man,35,Master HBO/WO,Zeer geinteresseerd,7. rechts
7lkguFRx_T9IOqr6PBV2pg**,set_86,Vrouw,40,Bachelor HBO/WO,Enigszins geinteresseerd,5. rechts
7lkguFRx_T9IQ4bC_pN3Zg**,set_87,Vrouw,47,MBO,neutraal,5. rechts
7lkguFRx_T9IUfGryrIf1g**,set_29,Vrouw,47,VMBO,neutraal,4. midden
7lkguFRx_T9IXJis-1mZJg**,set_73,Vrouw,28,MBO,Enigszins geinteresseerd,3. links
7lkguFRx_T9IcNZZbYl3ug**,set_59,Man,43,Bachelor HBO/WO,Zeer geinteresseerd,3. links
7lkguFRx_T9ImDUjL9w46w**,set_106,Man,47,MBO,Enigszins geinteresseerd,5. rechts
7lkguFRx_T9J02nUUAHkMA**,set_17,Man,44,MBO,Zeer geinteresseerd,4. midden
7lkguFRx_T9J9oHTdlRf6w**,set_76,Vrouw,70,MBO,Wel geinteresseerd,7. rechts
7lkguFRx_T9JBozBIMt5Dw**,set_116,Man,68,VMBO,Enigszins niet geinteresseerd,5. rechts
7lkguFRx_T9JCLIFdIxCsA**,set_68,Man,45,VMBO,neutraal,7. rechts
7lkguFRx_T9JSkderbNf2Q**,set_105,Man,55,Bachelor HBO/WO,Zeer geinteresseerd,6. rechts
7lkguFRx_T9JZIElz572BA**,set_99,Vrouw,30,Bachelor HBO/WO,Niet geintereseerd,4. midden
7lkguFRx_T9Jb93MGZn6-A**,set_74,Man,70,Bachelor HBO/WO,Zeer geinteresseerd,6. rechts
7lkguFRx_T9JlktEyBrFAw**,set_31,Vrouw,56,MBO,Enigszins geinteresseerd,4. midden
7lkguFRx_T9JmFj4DPvNNA**,set_2,Man,23,Bachelor HBO/WO,Zeer geinteresseerd,7. rechts
7lkguFRx_T9Jqjv4ZuGrQA**,set_123,Vrouw,26,Master HBO/WO,Enigszins geinteresseerd,2. links
7lkguFRx_T9Jvh9Yw666Cg**,set_25,Vrouw,74,VMBO,neutraal,7. rechts
7lkguFRx_T9K16dWK4jCmw**,set_22,Vrouw,84,VMBO,Enigszins niet geinteresseerd,3. links
7lkguFRx_T9K6x7DFtdG7A**,set_5,Man,61,HAVO/VWO,Wel geinteresseerd,6. rechts
7lkguFRx_T9K9fWZlYCRuA**,set_28,Man,57,MBO,Zeer geinteresseerd,3. links
7lkguFRx_T9KAFcDABe0-A**,set_98,Vrouw,52,MBO,Enigszins geinteresseerd,6. rechts
7lkguFRx_T9KWHh_A6xvYQ**,set_115,Vrouw,54,HAVO/VWO,neutraal,5. rechts
7lkguFRx_T9Kty4vTgtzOQ**,set_75,Vrouw,50,MBO,neutraal,4. midden
7lkguFRx_T9Kxgoanfe8kw**,set_35,Man,40,VMBO,neutraal,6. rechts
7lkguFRx_T9KzDYXbKnWow**,set_24,Vrouw,25,Master HBO/WO,Zeer geinteresseerd,6. rechts
7lkguFRx_T9LGgbRbNSX4Q**,set_70,Vrouw,023,Bachelor HBO/WO,Wel geinteresseerd,6. rechts
7lkguFRx_T9LYcF7OSYYrA**,set_58,Vrouw,49,Bachelor HBO/WO,Wel geinteresseerd,4. midden
7lkguFRx_T9Lo56Y9C5Vsw**,set_110,Man,81,VMBO,Wel geinteresseerd,6. rechts
7lkguFRx_T9LqwRKE7d5rQ**,set_30,Vrouw,66,VMBO,Helemaal niet geinteresseerd,4. midden
7lkguFRx_T9Lsp3JEgEvJw**,set_28,Man,24,VMBO,Wel geinteresseerd,7. rechts
7lkguFRx_T9LtFNQ_yuPaw**,set_98,Vrouw,22,Bachelor HBO/WO,Enigszins geinteresseerd,2. links
7lkguFRx_T9LuZGdK3cLpg**,set_108,Man,40,Master HBO/WO,Wel geinteresseerd,4. midden
7lkguFRx_T9LzgC682kdmg**,set_60,Man,35,Master HBO/WO,Wel geinteresseerd,7. rechts
7lkguFRx_T9M-peympHW1g**,set_52,Vrouw,28,Master HBO/WO,Zeer geinteresseerd,7. rechts
7lkguFRx_T9M4NSfSU57OA**,set_35,Man,62,Master HBO/WO,neutraal,2. links
7lkguFRx_T9M4UMgFhkmBQ**,set_37,Man,-74,HAVO/VWO,Wel geinteresseerd,5. rechts
7lkguFRx_T9M59gfWttlZQ**,set_61,Vrouw,43,Bachelor HBO/WO,Zeer geinteresseerd,2. links
7lkguFRx_T9M72YDxXIqog**,set_103,Man,42,MBO,Helemaal niet geinteresseerd,4. midden
7lkguFRx_T9M7tlcsPRhcA**,set_70,Vrouw,74,Bachelor HBO/WO,Wel geinteresseerd,5. rechts
7lkguFRx_T9MECfYQNVhcA**,set_37,Vrouw,56,Bachelor HBO/WO,Niet geintereseerd,5. rechts
7lkguFRx_T9MIdGaYOwpJg**,set_76,Man,55,Master HBO/WO,Wel geinteresseerd,4. midden
7lkguFRx_T9MM4niLnrWfw**,set_99,Vrouw,69,VMBO,Enigszins geinteresseerd,5. rechts
7lkguFRx_T9Me8XCIUbolw**,set_85,Man,66,Bachelor HBO/WO,Enigszins geinteresseerd,2. links
7lkguFRx_T9Mi-WQHe_IIQ**,set_8,Man,24,VMBO,neutraal,5. rechts
7lkguFRx_T9MmHIYwkZ2Mg**,set_108,Vrouw,58,MBO,neutraal,5. rechts
7lkguFRx_T9MuHqX8C_GUA**,set_110,Vrouw,73,HAVO/VWO,Enigszins geinteresseerd,4. midden
7lkguFRx_T9N-uSgxWoFWw**,set_38,Vrouw,64,Bachelor HBO/WO,Enigszins geinteresseerd,5. rechts
7lkguFRx_T9N2WlcoFs40g**,set_39,Vrouw,47,MBO,Wel geinteresseerd,6. rechts
7lkguFRx_T9N6u5JF6CJ4Q**,set_117,Man,68,VMBO,Zeer geinteresseerd,7. rechts
7lkguFRx_T9NC7g7vPp1aw**,set_96,Vrouw,33,MBO,Wel geinteresseerd,5. rechts
7lkguFRx_T9NCaotQvvY7A**,set_47,Vrouw,67,HAVO/VWO,Enigszins geinteresseerd,6. rechts
7lkguFRx_T9NFmqNLjh0Jw**,set_92,Vrouw,37,Bachelor HBO/WO,Wel geinteresseerd,2. links
7lkguFRx_T9NNZysLeEc4A**,set_65,Vrouw,49,MBO,Zeer geinteresseerd,4. midden
7lkguFRx_T9NS7Dfj9G5Dw**,set_52,Man,58,MBO,Wel geinteresseerd,6. rechts
7lkguFRx_T9NY2WxQOIihg**,set_36,Vrouw,53,HAVO/VWO,Zeer geinteresseerd,4. midden
7lkguFRx_T9N_ByEbQQKUQ**,set_72,Man,52,HAVO/VWO,Wel geinteresseerd,6. rechts
7lkguFRx_T9NjOvAHll5tQ**,set_13,Vrouw,69,VMBO,neutraal,5. rechts
7lkguFRx_T9Nv5xfAWpedw**,set_30,Man,36,Master HBO/WO,Wel geinteresseerd,7. rechts
7lkguFRx_T9OG8NaLJsiVQ**,set_73,Man,31,Bachelor HBO/WO,neutraal,5. rechts
7lkguFRx_T9OQYxYmJfwYg**,set_49,Man,57,HAVO/VWO,Enigszins geinteresseerd,3. links
7lkguFRx_T9OZr13xFYAvA**,set_34,Vrouw,75,MBO,Zeer geinteresseerd,5. rechts
7lkguFRx_T9OZu6HiMUNYg**,set_116,Vrouw,62,MBO,Enigszins geinteresseerd,6. rechts
7lkguFRx_T9OfBxZU0UIKQ**,set_108,Man,43,Master HBO/WO,Enigszins geinteresseerd,4. midden
7lkguFRx_T9Oqd-Y2pJt4Q**,set_101,Man,68,Master HBO/WO,Wel geinteresseerd,4. midden
7lkguFRx_T9OzY1CWSO0NA**,set_70,Vrouw,78,HAVO/VWO,Zeer geinteresseerd,4. midden
7lkguFRx_T9PC-RPShJSzQ**,set_10,Vrouw,25,Master HBO/WO,Zeer geinteresseerd,6. rechts
7lkguFRx_T9PEZV8wxjIGw**,set_88,Vrouw,56,VMBO,Enigszins geinteresseerd,6. rechts
7lkguFRx_T9PHIxw7Kq-Bg**,set_32,Man,36,Master HBO/WO,Zeer geinteresseerd,7. rechts
7lkguFRx_T9PIc0F_tOuSg**,set_46,Vrouw,36,MBO,Enigszins niet geinteresseerd,4. midden
7lkguFRx_T9PMky3mBYdTw**,set_122,Vrouw,57,VMBO,Enigszins geinteresseerd,4. midden
7lkguFRx_T9POwnOE4JtCQ**,set_89,Vrouw,29,Master HBO/WO,neutraal,1. links
7lkguFRx_T9PT8tU0HB9Rg**,set_37,Vrouw,19,HAVO/VWO,neutraal,4. midden
7lkguFRx_T9PdcpsSvz-tw**,set_74,Man,79,MBO,Enigszins geinteresseerd,3. links
7lkguFRx_T9Pgk8wQsaj_w**,set_8,Man,34,Bachelor HBO/WO,Zeer geinteresseerd,3. links
7lkguFRx_T9PmxLdBf5_PA**,set_84,Vrouw,33,Bachelor HBO/WO,Enigszins geinteresseerd,4. midden
7lkguFRx_T9Pzo2gYoETTg**,set_29,Man,49,Bachelor HBO/WO,Enigszins geinteresseerd,5. rechts
7lkguFRx_T9Q0-tMZ1Z5LQ**,set_54,Man,50,HAVO/VWO,Wel geinteresseerd,6. rechts
7lkguFRx_T9Q0N3STSMh0A**,set_111,Man,83,MBO,Wel geinteresseerd,7. rechts
7lkguFRx_T9Q8-IG1O_lBw**,set_98,Man,45,VMBO,Enigszins geinteresseerd,2. links
7lkguFRx_T9QA6PqYcjflA**,set_50,Man,77,Master HBO/WO,Zeer geinteresseerd,5. rechts
7lkguFRx_T9QATT_rsnAYA**,set_48,Man,61,HAVO/VWO,Enigszins geinteresseerd,6. rechts
7lkguFRx_T9QHAqqVQfURA**,set_102,Vrouw,67,MBO,Wel geinteresseerd,3. links
7lkguFRx_T9QJ2XqCWsZ_A**,set_73,Man,27,MBO,Zeer geinteresseerd,7. rechts
7lkguFRx_T9QgjpIVExeRQ**,set_29,Man,56,VMBO,Enigszins niet geinteresseerd,5. rechts
7lkguFRx_T9RMhIyrbSf8g**,set_78,Vrouw,26,MBO,Niet geintereseerd,7. rechts
7lkguFRx_T9RQJI-uH4Pxw**,set_34,Vrouw,25,MBO,Enigszins niet geinteresseerd,4. midden
7lkguFRx_T9Rk6JL-SQWNQ**,set_106,Vrouw,65,VMBO,neutraal,7. rechts
7lkguFRx_T9RpFFmNmDvpA**,set_51,Man,68,HAVO/VWO,Zeer geinteresseerd,2. links
7lkguFRx_T9RpsF3XkH6og**,set_101,Man,77,MBO,Wel geinteresseerd,6. rechts
7lkguFRx_T9RzP7gbbRZGg**,set_54,Man,76,Master HBO/WO,Wel geinteresseerd,7. rechts
7lkguFRx_T9S1mcZ9SpyfA**,set_38,Man,70,Master HBO/WO,neutraal,2. links
7lkguFRx_T9S7TQyAHnKGA**,set_7,Man,71,Master HBO/WO,Wel geinteresseerd,6. rechts
7lkguFRx_T9SCd4xUCpWjA**,set_119,Vrouw,37,MBO,Wel geinteresseerd,5. rechts
7lkguFRx_T9SN3nmDEMACg**,set_123,Vrouw,66,VMBO,Enigszins geinteresseerd,4. midden
7lkguFRx_T9SQ4BMHkqj2A**,set_6,Vrouw,32,MBO,Enigszins niet geinteresseerd,4. midden
7lkguFRx_T9SYEe2RZqCNA**,set_34,Vrouw,33,Bachelor HBO/WO,Wel geinteresseerd,5. rechts
7lkguFRx_T9S_pTipZWzpA**,set_82,Man,30,Master HBO/WO,neutraal,5. rechts
7lkguFRx_T9SfU4xQtHW-Q**,set_6,Vrouw,63,HAVO/VWO,Zeer geinteresseerd,3. links
7lkguFRx_T9Sfa9UI0X0qA**,set_50,Vrouw,31,MBO,Enigszins geinteresseerd,1. links
7lkguFRx_T9SkjLHB0DrWg**,set_53,Vrouw,61,Bachelor HBO/WO,Enigszins niet geinteresseerd,4. midden
7lkguFRx_T9SvSQh5GudXA**,set_82,Vrouw,24,MBO,Niet geintereseerd,5. rechts
7lkguFRx_T9T-AJkkfeOig**,set_47,Man,50,VMBO,Wel geinteresseerd,1. links
7lkguFRx_T9T0mDRD2c57g**,set_65,Man,80,Bachelor HBO/WO,Enigszins niet geinteresseerd,5. rechts
7lkguFRx_T9T2srSWKPxsQ**,set_69,Vrouw,36,MBO,Enigszins geinteresseerd,4. midden
7lkguFRx_T9T38ZkpP57jg**,set_101,Vrouw,76,VMBO,Wel geinteresseerd,4. midden
7lkguFRx_T9T3mzb3jlFmg**,set_50,Man,56,MBO,neutraal,4. midden
7lkguFRx_T9TBylwfbtwRg**,set_51,Man,32,MBO,Wel geinteresseerd,7. rechts
7lkguFRx_T9TPEkTiZVsHQ**,set_60,Man,69,VMBO,Enigszins geinteresseerd,5. rechts
7lkguFRx_T9TVZ1F0Lh50A**,set_55,Vrouw,46,MBO,neutraal,5. rechts
7lkguFRx_T9TdkRNscg9Xg**,set_27,Vrouw,29,MBO,Enigszins niet geinteresseerd,3. links
7lkguFRx_T9TkyjgpfNZug**,set_30,Vrouw,43,Bachelor HBO/WO,Enigszins geinteresseerd,3. links
7lkguFRx_T9U7wiRf2jWEw**,set_113,Vrouw,78,Master HBO/WO,Zeer geinteresseerd,2. links
7lkguFRx_T9U9-eXztrg_Q**,set_76,Vrouw,38,HAVO/VWO,Helemaal niet geinteresseerd,5. rechts
7lkguFRx_T9UIaEq9CCGRQ**,set_39,Vrouw,30,Bachelor HBO/WO,Enigszins geinteresseerd,5. rechts
7lkguFRx_T9UOLylsBn-vw**,set_23,Man,65,Bachelor HBO/WO,Wel geinteresseerd,6. rechts
7lkguFRx_T9UVvOoguLeGA**,set_99,Vrouw,76,MBO,Wel geinteresseerd,6. rechts
7lkguFRx_T9Ul45uR6893Q**,set_92,Vrouw,35,Master HBO/WO,Enigszins niet geinteresseerd,4. midden
7lkguFRx_T9VE0MpE388Rw**,set_10,Vrouw,39,MBO,Enigszins geinteresseerd,4. midden
7lkguFRx_T9VQ09Q3-YH4w**,set_39,Man,75,MBO,Enigszins geinteresseerd,2. links
7lkguFRx_T9VYP8LU6_7xQ**,set_10,Vrouw,86,HAVO/VWO,Zeer geinteresseerd,4. midden
7lkguFRx_T9VeiINX1xaLQ**,set_123,Vrouw,48,MBO,Wel geinteresseerd,4. midden
7lkguFRx_T9Vm8Krcb_xLg**,set_39,Vrouw,75,VMBO,Enigszins geinteresseerd,2. links
7lkguFRx_T9VqcMAyayIHQ**,set_87,Vrouw,39,Bachelor HBO/WO,Wel geinteresseerd,3. links
7lkguFRx_T9Vt0VARohnng**,set_79,Vrouw,32,MBO,Enigszins niet geinteresseerd,6. rechts
7lkguFRx_T9WAVGRPGwAxA**,set_122,Vrouw,31,MBO,Enigszins niet geinteresseerd,6. rechts
7lkguFRx_T9WAYPFGEOn-w**,set_86,Man,69,HAVO/VWO,neutraal,5. rechts
7lkguFRx_T9WYYm6u2s9LQ**,set_9,Vrouw,39,VMBO,Helemaal niet geinteresseerd,3. links
7lkguFRx_T9WdeF1xp70rw**,set_8,Vrouw,30,Bachelor HBO/WO,Wel geinteresseerd,2. links
7lkguFRx_T9WtUVYnCdytA**,set_106,Man,59,Master HBO/WO,Zeer geinteresseerd,4. midden
7lkguFRx_T9WvrFhWNn0nQ**,set_83,Vrouw,56,Bachelor HBO/WO,neutraal,4. midden
7lkguFRx_T9X00zTxjozfg**,set_11,Vrouw,21,MBO,neutraal,4. midden
7lkguFRx_T9X8SSElB9wgQ**,set_35,Man,55,MBO,Zeer geinteresseerd,4. midden
7lkguFRx_T9X9ADQ1MX7gA**,set_30,Vrouw,38,Bachelor HBO/WO,Zeer geinteresseerd,6. rechts
7lkguFRx_T9X9Z_sxpSpvg**,set_73,Man,59,Bachelor HBO/WO,Wel geinteresseerd,3. links
7lkguFRx_T9XJoVxgQHpNg**,set_54,Man,71,Bachelor HBO/WO,Helemaal niet geinteresseerd,2. links
7lkguFRx_T9XUv0z0Q1hCg**,set_49,Man,85,HAVO/VWO,Wel geinteresseerd,6. rechts
7lkguFRx_T9Y6BvDpIIuzg**,set_62,Man,55,MBO,Zeer geinteresseerd,4. midden
7lkguFRx_T9YEc4L6q8eIw**,set_90,Vrouw,58,Bachelor HBO/WO,Enigszins geinteresseerd,7. rechts
7lkguFRx_T9YI12jQUn9Sg**,set_91,Vrouw,73,HAVO/VWO,Wel geinteresseerd,1. links
7lkguFRx_T9YZlczTDYkIg**,set_36,Vrouw,37,Bachelor HBO/WO,Enigszins geinteresseerd,5. rechts
7lkguFRx_T9Y_-JbcX-Xkw**,set_33,Vrouw,46,MBO,Niet geintereseerd,3. links
7lkguFRx_T9YiLVtS-WcBw**,set_105,Vrouw,24,MBO,Wel geinteresseerd,5. rechts
7lkguFRx_T9YqE9iMjvy3w**,set_124,Vrouw,47,MBO,neutraal,6. rechts
7lkguFRx_T9Z-h3JcoZCSg**,set_30,Vrouw,69,Bachelor HBO/WO,Zeer geinteresseerd,7. rechts
7lkguFRx_T9Z-sDdeTcLWg**,set_26,Vrouw,75,Basisonderwijs,neutraal,4. midden
7lkguFRx_T9Z7ZvPGQpd0Q**,set_10,Vrouw,52,HAVO/VWO,Enigszins geinteresseerd,6. rechts
7lkguFRx_T9Z8NEvzQS9Pw**,set_19,Vrouw,48,Bachelor HBO/WO,Enigszins geinteresseerd,5. rechts
7lkguFRx_T9ZJRhV1qW_BQ**,set_122,Man,46,MBO,Enigszins niet geinteresseerd,5. rechts
7lkguFRx_T9ZXgbQMKnTnw**,set_2,Man,56,VMBO,neutraal,2. links
7lkguFRx_T9ZhrsRp_m6eQ**,set_46,Vrouw,62,MBO,Enigszins niet geinteresseerd,7. rechts
7lkguFRx_T9Zi1rHhd3iPQ**,set_37,Vrouw,54,MBO,neutraal,6. rechts
7lkguFRx_T9ZlZE6-MEAvA**,set_77,Vrouw,64,Master HBO/WO,Wel geinteresseerd,4. midden
7lkguFRx_T9_FzQU-yVkzQ**,set_90,Man,36,MBO,Wel geinteresseerd,5. rechts
7lkguFRx_T9_Hq2vslj1Dg**,set_44,Man,67,Basisonderwijs,Enigszins geinteresseerd,6. rechts
7lkguFRx_T9_IF9UyE0_bw**,set_24,Man,45,MBO,Enigszins geinteresseerd,4. midden
7lkguFRx_T9_QheZF7GPcA**,set_44,Vrouw,27,MBO,Zeer geinteresseerd,3. links
7lkguFRx_T9_SklbVGnDPA**,set_12,Vrouw,42,Bachelor HBO/WO,neutraal,4. midden
7lkguFRx_T9_Wrz1WMDMRQ**,set_57,Man,69,MBO,Enigszins geinteresseerd,2. links
7lkguFRx_T9_xoAmCgILog**,set_12,Vrouw,66,VMBO,Enigszins geinteresseerd,4. midden
7lkguFRx_T9_yTAOuy3Iww**,set_85,Vrouw,63,Bachelor HBO/WO,Wel geinteresseerd,5. rechts
7lkguFRx_T9a9nHm_HZejQ**,set_111,Vrouw,23,MBO,neutraal,7. rechts
7lkguFRx_T9aAb65gTOsAw**,set_88,Man,18,HAVO/VWO,Enigszins geinteresseerd,4. midden
7lkguFRx_T9aJCuMnourag**,set_17,Man,41,MBO,Zeer geinteresseerd,7. rechts
7lkguFRx_T9aKHkptcAgkA**,set_50,Vrouw,40,Bachelor HBO/WO,Enigszins geinteresseerd,4. midden
7lkguFRx_T9aQpWiiBy6rA**,set_1,Vrouw,41,Bachelor HBO/WO,neutraal,4. midden
7lkguFRx_T9ae5W-KdvVYQ**,set_37,Man,65,MBO,Zeer geinteresseerd,6. rechts
7lkguFRx_T9azi2gv_M8jg**,set_107,Man,72,Bachelor HBO/WO,Wel geinteresseerd,3. links
7lkguFRx_T9b0eG61l2noA**,set_39,Vrouw,51,Bachelor HBO/WO,Enigszins geinteresseerd,4. midden
7lkguFRx_T9b0pHuw_F9Gw**,set_3,Vrouw,27,MBO,Enigszins geinteresseerd,5. rechts
7lkguFRx_T9b5ufk3QvN4g**,set_83,Vrouw,67,VMBO,Enigszins geinteresseerd,5. rechts
7lkguFRx_T9bYd5wP7mJ-g**,set_71,Man,51,Master HBO/WO,Enigszins geinteresseerd,5. rechts
7lkguFRx_T9b_vB2cC74Rg**,set_115,Man,43,MBO,Wel geinteresseerd,6. rechts
7lkguFRx_T9batP841YDFA**,set_115,Vrouw,54,MBO,Helemaal niet geinteresseerd,4. midden
7lkguFRx_T9bdvEeOjHFYg**,set_123,Vrouw,27,Bachelor HBO/WO,Enigszins geinteresseerd,4. midden
7lkguFRx_T9biqmhbJzWqg**,set_25,Man,71,Bachelor HBO/WO,Zeer geinteresseerd,2. links
7lkguFRx_T9bjc8Z3ohpBg**,set_42,Man,53,MBO,Wel geinteresseerd,6. rechts
7lkguFRx_T9blKYUaQ0P3g**,set_47,Vrouw,29,Bachelor HBO/WO,Helemaal niet geinteresseerd,4. midden
7lkguFRx_T9bmeUWY_bKiA**,set_40,Man,66,MBO,Niet geintereseerd,6. rechts
7lkguFRx_T9bvuxiE0hGpg**,set_87,Vrouw,55,Master HBO/WO,Enigszins geinteresseerd,4. midden
7lkguFRx_T9c4g6PlEGWfQ**,set_16,Vrouw,27,MBO,Enigszins geinteresseerd,3. links
7lkguFRx_T9cFsma5gZUyA**,set_2,Vrouw,36,Bachelor HBO/WO,neutraal,4. midden
7lkguFRx_T9cGjGwIwUwvg**,set_57,Man,37,MBO,Wel geinteresseerd,5. rechts
7lkguFRx_T9cMRRKOpIGIg**,set_102,Vrouw,61,MBO,Enigszins geinteresseerd,5. rechts
7lkguFRx_T9cdlLSwUHgeg**,set_90,Man,67,MBO,Zeer geinteresseerd,3. links
7lkguFRx_T9cj1A9x_LRUA**,set_29,Man,076,HAVO/VWO,Enigszins geinteresseerd,5. rechts
7lkguFRx_T9cjfsC_YUdgw**,set_92,Vrouw,64,Master HBO/WO,Zeer geinteresseerd,4. midden
7lkguFRx_T9dHYbJvYE8PQ**,set_75,Vrouw,48,Bachelor HBO/WO,Zeer geinteresseerd,2. links
7lkguFRx_T9dRJdp_jwIoA**,set_62,Man,74,MBO,Wel geinteresseerd,2. links
7lkguFRx_T9dSKD-e5zCQw**,set_82,Vrouw,053,MBO,Wel geinteresseerd,4. midden
7lkguFRx_T9dUB5VfHyNiA**,set_36,Man,55,Bachelor HBO/WO,Wel geinteresseerd,4. midden
7lkguFRx_T9daIuX6CeZ9Q**,set_74,Vrouw,35,MBO,Enigszins niet geinteresseerd,4. midden
7lkguFRx_T9dbgRGpqUJFg**,set_15,Vrouw,70,VMBO,neutraal,4. midden
7lkguFRx_T9eBCEtSpH_xw**,set_27,Man,35,MBO,neutraal,4. midden
7lkguFRx_T9eKoA3lzeqsg**,set_112,Man,63,MBO,Enigszins niet geinteresseerd,5. rechts
7lkguFRx_T9eLT_XLpVugQ**,set_102,Vrouw,32,MBO,Wel geinteresseerd,4. midden
7lkguFRx_T9ebAajYzLPew**,set_117,Man,67,VMBO,Wel geinteresseerd,6. rechts
7lkguFRx_T9esMXCsNEnxg**,set_58,Man,69,MBO,Enigszins geinteresseerd,6. rechts
7lkguFRx_T9f-JcrP3wIGA**,set_64,Man,63,Master HBO/WO,Wel geinteresseerd,2. links
7lkguFRx_T9f0zqrTQDhng**,set_98,Man,63,MBO,Wel geinteresseerd,5. rechts
7lkguFRx_T9fGJvubacE6A**,set_77,Man,56,Master HBO/WO,Zeer geinteresseerd,2. links
7lkguFRx_T9fPc38yZu26w**,set_23,Vrouw,33,MBO,Enigszins geinteresseerd,4. midden
7lkguFRx_T9fPshzqjS83A**,set_122,Vrouw,57,Master HBO/WO,Enigszins geinteresseerd,2. links
7lkguFRx_T9fS917SxdgZg**,set_85,Vrouw,52,VMBO,Helemaal niet geinteresseerd,1. links
7lkguFRx_T9fTQ9ttebvHA**,set_84,Man,20,Bachelor HBO/WO,Zeer geinteresseerd,7. rechts
7lkguFRx_T9fVJZ5XGkarQ**,set_86,Vrouw,48,Bachelor HBO/WO,Enigszins geinteresseerd,3. links
7lkguFRx_T9fc7j_-VUpIw**,set_103,Vrouw,37,Master HBO/WO,Helemaal niet geinteresseerd,4. midden
7lkguFRx_T9fd_taV8Qpmw**,set_37,Man,62,Bachelor HBO/WO,Enigszins geinteresseerd,5. rechts
7lkguFRx_T9fpEeYuc9I4A**,set_123,Anders,65,VMBO,neutraal,3. links
7lkguFRx_T9fs1CzFYREnQ**,set_28,Man,63,HAVO/VWO,Enigszins niet geinteresseerd,3. links
7lkguFRx_T9fx6DHELaTWw**,set_17,Man,68,Master HBO/WO,Wel geinteresseerd,5. rechts
7lkguFRx_T9fyveQiFtBBw**,set_73,Man,33,Bachelor HBO/WO,Wel geinteresseerd,5. rechts
7lkguFRx_T9g1FTrgMj1lg**,set_47,Vrouw,34,MBO,neutraal,2. links
7lkguFRx_T9g9XKVx2RgJw**,set_68,Man,71,VMBO,neutraal,4. midden
7lkguFRx_T9gWlZRMCI4-g**,set_41,Vrouw,21,MBO,Enigszins niet geinteresseerd,4. midden
7lkguFRx_T9g_Akr6sr3EA**,set_14,Vrouw,59,HAVO/VWO,neutraal,4. midden
7lkguFRx_T9glT3_qXjWbA**,set_56,Man,60,MBO,Wel geinteresseerd,5. rechts
7lkguFRx_T9gw8AE378RSw**,set_53,Vrouw,36,MBO,Wel geinteresseerd,3. links
7lkguFRx_T9h11NpoSLx6Q**,set_11,Man,71,Basisonderwijs,Enigszins geinteresseerd,4. midden
7lkguFRx_T9hAyebjtt8Kw**,set_114,Vrouw,46,Master HBO/WO,Zeer geinteresseerd,2. links
7lkguFRx_T9hIT18vB1SiA**,set_43,Vrouw,36,MBO,neutraal,5. rechts
7lkguFRx_T9hMfhXGbyt1Q**,set_77,Vrouw,68,HAVO/VWO,Wel geinteresseerd,5. rechts
7lkguFRx_T9hQ_GR7NYHOA**,set_50,Man,36,Master HBO/WO,Wel geinteresseerd,6. rechts
7lkguFRx_T9hS73j2QMDNQ**,set_43,Man,68,VMBO,Wel geinteresseerd,7. rechts
7lkguFRx_T9hhwQ0A-exuA**,set_62,Vrouw,73,VMBO,Enigszins geinteresseerd,4. midden
7lkguFRx_T9iH-AFichzqg**,set_110,Vrouw,23,Bachelor HBO/WO,Enigszins geinteresseerd,6. rechts
7lkguFRx_T9iHo_ypVbAIQ**,set_116,Man,35,Master HBO/WO,Wel geinteresseerd,5. rechts
7lkguFRx_T9iTCRfRYGycQ**,set_48,Vrouw,45,HAVO/VWO,Wel geinteresseerd,7. rechts
7lkguFRx_T9iiSo-80KkhA**,set_110,Man,36,Master HBO/WO,Wel geinteresseerd,6. rechts
7lkguFRx_T9izGl2yqtaug**,set_61,Man,73,MBO,Wel geinteresseerd,1. links
7lkguFRx_T9j0iiowvrCqA**,set_92,Vrouw,66,HAVO/VWO,Wel geinteresseerd,3. links
7lkguFRx_T9j3HHa078N9g**,set_13,Man,037,MBO,Helemaal niet geinteresseerd,4. midden
7lkguFRx_T9j8Oi9cSWoRw**,set_21,Vrouw,57,Bachelor HBO/WO,Enigszins geinteresseerd,4. midden
7lkguFRx_T9jKNlHg_5Qxw**,set_60,Man,77,MBO,Wel geinteresseerd,3. links
7lkguFRx_T9jeR0tBLPIKA**,set_39,Man,32,Master HBO/WO,Enigszins geinteresseerd,5. rechts
7lkguFRx_T9k2WKijTCSMw**,set_3,Vrouw,46,MBO,Enigszins geinteresseerd,6. rechts
7lkguFRx_T9k58jsfa4pwQ**,set_104,Man,67,MBO,Enigszins niet geinteresseerd,5. rechts
7lkguFRx_T9kGwNi3Fw6mw**,set_78,Vrouw,19,VMBO,neutraal,4. midden
7lkguFRx_T9kVc0xmnKKGg**,set_42,Vrouw,43,MBO,neutraal,5. rechts
7lkguFRx_T9kgBoTf4szaQ**,set_4,Vrouw,54,Bachelor HBO/WO,neutraal,5. rechts
7lkguFRx_T9kkTASFHCHFw**,set_115,Vrouw,43,Bachelor HBO/WO,neutraal,4. midden
7lkguFRx_T9knBl_5iDLyg**,set_10,Man,60,MBO,Wel geinteresseerd,7. rechts
7lkguFRx_T9kpeV0q97mwA**,set_5,Vrouw,39,Bachelor HBO/WO,neutraal,2. links
7lkguFRx_T9kqn7LnW4Jzw**,set_47,Man,68,MBO,Zeer geinteresseerd,7. rechts
7lkguFRx_T9ky-cokrD1vw**,set_65,Man,60,Bachelor HBO/WO,Zeer geinteresseerd,3. links
7lkguFRx_T9kypEWZnkddA**,set_45,Man,50,Bachelor HBO/WO,Enigszins niet geinteresseerd,2. links
7lkguFRx_T9l70FbITUpag**,set_89,Vrouw,67,VMBO,Niet geintereseerd,5. rechts
7lkguFRx_T9lHQYJHJXPOA**,set_4,Vrouw,55,MBO,Enigszins niet geinteresseerd,4. midden
7lkguFRx_T9lI_6OgxMOJg**,set_115,Man,36,MBO,Enigszins geinteresseerd,5. rechts
7lkguFRx_T9lcLn9y6o5-A**,set_97,Man,51,Bachelor HBO/WO,Enigszins geinteresseerd,5. rechts
7lkguFRx_T9lguue754Mnw**,set_49,Vrouw,53,MBO,Enigszins geinteresseerd,5. rechts
7lkguFRx_T9lkrwr9jBGRA**,set_6,Vrouw,78,VMBO,Wel geinteresseerd,4. midden
7lkguFRx_T9lsrQ-daF26Q**,set_100,Anders,37,Bachelor HBO/WO,Enigszins geinteresseerd,4. midden
7lkguFRx_T9lyN7AqK1gCw**,set_52,Man,25,MBO,neutraal,5. rechts
7lkguFRx_T9lztGzJha8bA**,set_71,Vrouw,22,Bachelor HBO/WO,Enigszins geinteresseerd,3. links
7lkguFRx_T9m4agQ4vTVqg**,set_65,Vrouw,43,Bachelor HBO/WO,Enigszins niet geinteresseerd,4. midden
7lkguFRx_T9m6hXgyB5pew**,set_108,Man,73,VMBO,neutraal,3. links
7lkguFRx_T9mEgURm8ki5g**,set_28,Man,62,Bachelor HBO/WO,Enigszins geinteresseerd,5. rechts
7lkguFRx_T9mbwKi2MxQdg**,set_42,Vrouw,33,MBO,Zeer geinteresseerd,1. links
7lkguFRx_T9mrJ23w18k3g**,set_69,Vrouw,57,MBO,Helemaal niet geinteresseerd,4. midden
7lkguFRx_T9mumdWJk6vDA**,set_23,Vrouw,71,MBO,neutraal,4. midden
7lkguFRx_T9mvAqCO6TT9Q**,set_39,Man,63,MBO,Wel geinteresseerd,5. rechts
7lkguFRx_T9n2lJL1MI4XA**,set_118,Man,69,Bachelor HBO/WO,Enigszins geinteresseerd,5. rechts
7lkguFRx_T9n3Cr9Frv0wQ**,set_32,Man,70,Bachelor HBO/WO,Enigszins geinteresseerd,5. rechts
7lkguFRx_T9n8z18DwB7mA**,set_74,Man,65,MBO,Wel geinteresseerd,2. links
7lkguFRx_T9nGDwVmy_30w**,set_52,Vrouw,57,Bachelor HBO/WO,Wel geinteresseerd,4. midden
7lkguFRx_T9njMlecQbSeQ**,set_95,Man,42,MBO,Helemaal niet geinteresseerd,4. midden
7lkguFRx_T9njYMlp3_dqQ**,set_52,Man,38,HAVO/VWO,Enigszins geinteresseerd,5. rechts
7lkguFRx_T9nkLqTPSnjmw**,set_113,Vrouw,42,MBO,neutraal,4. midden
7lkguFRx_T9nmZ5EYnMVrQ**,set_21,Man,24,Bachelor HBO/WO,Wel geinteresseerd,6. rechts
7lkguFRx_T9npYJaze0NyA**,set_124,Vrouw,72,Bachelor HBO/WO,Enigszins geinteresseerd,5. rechts
7lkguFRx_T9o0NCxEP9cbw**,set_74,Man,61,Bachelor HBO/WO,Wel geinteresseerd,6. rechts
7lkguFRx_T9oAUDFOWRqbg**,set_111,Man,20,HAVO/VWO,Enigszins geinteresseerd,5. rechts
7lkguFRx_T9oT46lX01kPg**,set_75,Vrouw,64,Bachelor HBO/WO,Enigszins geinteresseerd,4. midden
7lkguFRx_T9odRJHUgegWg**,set_1,Man,38,Master HBO/WO,Enigszins geinteresseerd,1. links
7lkguFRx_T9odtW5taaiSw**,set_25,Vrouw,66,MBO,Wel geinteresseerd,4. midden
7lkguFRx_T9oi0kaH6NMnA**,set_65,Vrouw,58,Master HBO/WO,Enigszins geinteresseerd,6. rechts
7lkguFRx_T9op2r4ZbaBvw**,set_65,Man,68,Bachelor HBO/WO,Wel geinteresseerd,6. rechts
7lkguFRx_T9p-HH_RrAvcg**,set_50,Man,56,HAVO/VWO,Zeer geinteresseerd,4. midden
7lkguFRx_T9p-bWeniR4pQ**,set_23,Vrouw,30,Bachelor HBO/WO,Enigszins niet geinteresseerd,4. midden
7lkguFRx_T9p3IYJeBrndQ**,set_65,Man,58,Bachelor HBO/WO,Wel geinteresseerd,3. links
7lkguFRx_T9p4ZiIOJy5NA**,set_35,Vrouw,58,Master HBO/WO,Wel geinteresseerd,4. midden
7lkguFRx_T9p7CG4yurkYA**,set_22,Vrouw,66,MBO,Zeer geinteresseerd,5. rechts
7lkguFRx_T9pA3F9fM4ZBw**,set_124,Vrouw,82,HAVO/VWO,Enigszins geinteresseerd,6. rechts
7lkguFRx_T9pCVYNVxe6tA**,set_14,Vrouw,61,Bachelor HBO/WO,Enigszins geinteresseerd,4. midden
7lkguFRx_T9pDTab3YMQUw**,set_72,Vrouw,58,HAVO/VWO,Enigszins geinteresseerd,4. midden
7lkguFRx_T9pM25UbReUdw**,set_84,Man,63,HAVO/VWO,Enigszins niet geinteresseerd,5. rechts
7lkguFRx_T9pPTIQvTZ7rA**,set_62,Vrouw,64,VMBO,Helemaal niet geinteresseerd,4. midden
7lkguFRx_T9pb1m6cBsPLQ**,set_24,Man,73,Bachelor HBO/WO,Enigszins geinteresseerd,1. links
7lkguFRx_T9pdivmbJNJjQ**,set_85,Vrouw,51,HAVO/VWO,Wel geinteresseerd,5. rechts
7lkguFRx_T9pn5WKYU5sFw**,set_40,Man,51,MBO,Wel geinteresseerd,4. midden
7lkguFRx_T9pwQljcA1sqQ**,set_74,Vrouw,22,Master HBO/WO,Enigszins geinteresseerd,7. rechts
7lkguFRx_T9qMdCXMpPPVg**,set_77,Man,-79,Master HBO/WO,Zeer geinteresseerd,3. links
7lkguFRx_T9qPpa9APlt5Q**,set_71,Vrouw,48,Bachelor HBO/WO,Wel geinteresseerd,7. rechts
7lkguFRx_T9qfPyc-d-eAg**,set_110,Man,78,HAVO/VWO,Zeer geinteresseerd,5. rechts
7lkguFRx_T9qzrZBkqOeXw**,set_89,Man,64,Master HBO/WO,Zeer geinteresseerd,5. rechts
7lkguFRx_T9r-p6EnW4OOw**,set_109,Man,29,MBO,neutraal,7. rechts
7lkguFRx_T9r8Cc5zTnYhQ**,set_121,Vrouw,25,HAVO/VWO,Wel geinteresseerd,7. rechts
7lkguFRx_T9rNzDSydRWxw**,set_79,Man,53,Master HBO/WO,Wel geinteresseerd,2. links
7lkguFRx_T9r_2JZWIc4dA**,set_51,Man,85,MBO,Zeer geinteresseerd,5. rechts
7lkguFRx_T9rddBnnjqCdA**,set_124,Vrouw,35,HAVO/VWO,Enigszins geinteresseerd,6. rechts
7lkguFRx_T9rjO7sp4Lsvg**,set_105,Vrouw,43,MBO,Enigszins geinteresseerd,7. rechts
7lkguFRx_T9rrn5RCMYQOw**,set_11,Vrouw,24,Bachelor HBO/WO,Wel geinteresseerd,5. rechts
7lkguFRx_T9s6-ELWYrj1g**,set_60,Man,36,Master HBO/WO,Wel geinteresseerd,7. rechts
7lkguFRx_T9s6ywH4Q5m3A**,set_19,Vrouw,43,Bachelor HBO/WO,Enigszins geinteresseerd,3. links
7lkguFRx_T9s8RdhsdbdgQ**,set_60,Man,29,Master HBO/WO,Enigszins geinteresseerd,3. links
7lkguFRx_T9sPikkbNBizw**,set_39,Vrouw,42,MBO,Niet geintereseerd,6. rechts
7lkguFRx_T9sSdzBydwySw**,set_35,Vrouw,31,Bachelor HBO/WO,Wel geinteresseerd,6. rechts
7lkguFRx_T9sb9PGPCjNAw**,set_101,Man,71,VMBO,Enigszins geinteresseerd,4. midden
7lkguFRx_T9sn2vd3nmQtA**,set_70,Vrouw,42,Bachelor HBO/WO,Enigszins geinteresseerd,5. rechts
7lkguFRx_T9soGO8Fqt9rg**,set_37,Vrouw,36,MBO,Enigszins geinteresseerd,5. rechts
7lkguFRx_T9t40z0T7iVug**,set_122,Vrouw,26,Bachelor HBO/WO,Wel geinteresseerd,3. links
7lkguFRx_T9t6AU2gBm_NA**,set_103,Man,44,Bachelor HBO/WO,Enigszins geinteresseerd,4. midden
7lkguFRx_T9tAinxewuuKw**,set_56,Vrouw,62,Bachelor HBO/WO,Wel geinteresseerd,2. links
7lkguFRx_T9tIXMZJlTeCg**,set_75,Man,35,Bachelor HBO/WO,Wel geinteresseerd,6. rechts
7lkguFRx_T9tIhX8xYSTpA**,set_105,Man,45,Bachelor HBO/WO,Wel geinteresseerd,6. rechts
7lkguFRx_T9tgPk-Er5Kiw**,set_74,Man,53,MBO,Enigszins geinteresseerd,5. rechts
7lkguFRx_T9tu_0WBawD_w**,set_3,Vrouw,72,HAVO/VWO,Enigszins geinteresseerd,6. rechts
7lkguFRx_T9u8ZxLuC1zgg**,set_110,Vrouw,39,MBO,neutraal,4. midden
7lkguFRx_T9u9nGkD6lXsw**,set_100,Man,68,MBO,Wel geinteresseerd,5. rechts
7lkguFRx_T9uGbVBdF9pzg**,set_1,Vrouw,65,HAVO/VWO,Enigszins geinteresseerd,3. links
7lkguFRx_T9uMKYoxQDOmQ**,set_25,Vrouw,53,MBO,Niet geintereseerd,4. midden
7lkguFRx_T9uR1QxiiOf6Q**,set_114,Vrouw,51,MBO,Enigszins geinteresseerd,6. rechts
7lkguFRx_T9uYlO04XAR0Q**,set_51,Man,78,MBO,Wel geinteresseerd,4. midden
7lkguFRx_T9ubM4qa6AP3g**,set_77,Man,33,MBO,Enigszins geinteresseerd,4. midden
7lkguFRx_T9udTIq8G3-Qw**,set_105,Man,52,Master HBO/WO,Enigszins geinteresseerd,4. midden
7lkguFRx_T9uiDwz4eAzHw**,set_25,Vrouw,41,HAVO/VWO,Wel geinteresseerd,4. midden
7lkguFRx_T9ul2D_56d9JA**,set_76,Vrouw,31,Bachelor HBO/WO,Wel geinteresseerd,6. rechts
7lkguFRx_T9v-FDW_GPxCQ**,set_1,Vrouw,20,MBO,neutraal,3. links
7lkguFRx_T9v5jVt-pzfcg**,set_36,Man,71,Bachelor HBO/WO,Zeer geinteresseerd,3. links
7lkguFRx_T9vCjpwIxQqGg**,set_4,Vrouw,61,MBO,Enigszins niet geinteresseerd,4. midden
7lkguFRx_T9vD4ywZligww**,set_55,Man,40,Master HBO/WO,Enigszins geinteresseerd,5. rechts
7lkguFRx_T9vGOr_i1BtzQ**,set_30,Man,60,Bachelor HBO/WO,Wel geinteresseerd,2. links
7lkguFRx_T9vTkF5zpYUxQ**,set_22,Vrouw,62,MBO,Enigszins geinteresseerd,5. rechts
7lkguFRx_T9vi2jxvH6qDw**,set_113,Vrouw,54,Master HBO/WO,Enigszins geinteresseerd,2. links
7lkguFRx_T9vlLYC94qr-w**,set_17,Man,35,Master HBO/WO,Wel geinteresseerd,7. rechts
7lkguFRx_T9vt9PddZUPKg**,set_13,Man,72,Bachelor HBO/WO,Wel geinteresseerd,5. rechts
7lkguFRx_T9wJPmtX3000A**,set_33,Vrouw,053,MBO,Zeer geinteresseerd,7. rechts
7lkguFRx_T9wV_P-UWUZ4w**,set_90,Vrouw,25,Bachelor HBO/WO,neutraal,4. midden
7lkguFRx_T9wXDEFO48WIg**,set_114,Man,58,MBO,neutraal,4. midden
7lkguFRx_T9wa8IRLw67TQ**,set_38,Man,68,Bachelor HBO/WO,Enigszins geinteresseerd,3. links
7lkguFRx_T9wadtNr69D1w**,set_7,Man,70,Basisonderwijs,neutraal,4. midden
7lkguFRx_T9wf2Enhy-nUA**,set_109,Vrouw,76,Bachelor HBO/WO,Zeer geinteresseerd,4. midden
7lkguFRx_T9wfSpGPNZsqw**,set_86,Man,51,MBO,Wel geinteresseerd,3. links
7lkguFRx_T9x3tL95a9f5g**,set_106,Man,72,Bachelor HBO/WO,Wel geinteresseerd,5. rechts
7lkguFRx_T9xDJ-EXHpprA**,set_106,Vrouw,25,VMBO,Zeer geinteresseerd,3. links
7lkguFRx_T9xGt88zNO8xA**,set_50,Man,59,MBO,Enigszins geinteresseerd,7. rechts
7lkguFRx_T9xM1nRR1LmzQ**,set_89,Vrouw,030,Master HBO/WO,neutraal,6. rechts
7lkguFRx_T9xOl-N8AsYeQ**,set_101,Vrouw,48,Bachelor HBO/WO,Zeer geinteresseerd,4. midden
7lkguFRx_T9xPO-wPugL-g**,set_32,Vrouw,36,HAVO/VWO,Enigszins geinteresseerd,5. rechts
7lkguFRx_T9xUr4Bdm80oQ**,set_77,Vrouw,32,Master HBO/WO,Enigszins geinteresseerd,4. midden
7lkguFRx_T9xanomf2_SiQ**,set_42,Vrouw,21,HAVO/VWO,Enigszins geinteresseerd,3. links
7lkguFRx_T9xi3aiS-DXiw**,set_105,Man,50,MBO,Zeer geinteresseerd,4. midden
7lkguFRx_T9xqk-2DRQwKg**,set_38,Vrouw,59,VMBO,Helemaal niet geinteresseerd,4. midden
7lkguFRx_T9xwDpZJMtW6Q**,set_78,Vrouw,45,MBO,Enigszins niet geinteresseerd,4. midden
7lkguFRx_T9yi8PQZLiStw**,set_28,Man,30,Bachelor HBO/WO,Zeer geinteresseerd,6. rechts
7lkguFRx_T9yv-e1ch3R9w**,set_56,Vrouw,20,HAVO/VWO,Wel geinteresseerd,1. links
7lkguFRx_T9z1gyvNhcMuQ**,set_66,Vrouw,22,Bachelor HBO/WO,Zeer geinteresseerd,1. links
7lkguFRx_T9zMOLdxBk2aA**,set_9,Vrouw,25,Bachelor HBO/WO,Wel geinteresseerd,5. rechts
7lkguFRx_T9zUxIWjAavuQ**,set_28,Vrouw,62,HAVO/VWO,Enigszins geinteresseerd,2. links
7lkguFRx_T9zbWNftFgxOg**,set_5,Vrouw,30,VMBO,Zeer geinteresseerd,3. links
7lkguFRx_T9ze1im1pHggQ**,set_113,Man,75,Master HBO/WO,Zeer geinteresseerd,4. midden
7lkguFRx_T9znlx-n2Cnqg**,set_25,Vrouw,26,Bachelor HBO/WO,Enigszins geinteresseerd,4. midden
7lkguFRx_T9zpTasecE7zg**,set_66,Vrouw,21,HAVO/VWO,Wel geinteresseerd,2. links
7lkguFRx_T9zwaO_WXiERw**,set_114,Vrouw,47,Bachelor HBO/WO,Zeer geinteresseerd,3. links
7lkguFRx_T_-0f-1WUEzlw**,set_64,Vrouw,40,Bachelor HBO/WO,Zeer geinteresseerd,4. midden
7lkguFRx_T_-BJANauDeFA**,set_81,Vrouw,34,Bachelor HBO/WO,Wel geinteresseerd,6. rechts
7lkguFRx_T_-Jn4BZ8zNJg**,set_54,Vrouw,53,VMBO,Enigszins geinteresseerd,3. links
7lkguFRx_T_-OZDYAaG3xA**,set_102,Man,71,Master HBO/WO,neutraal,5. rechts
7lkguFRx_T_-UeHtfYc-6w**,set_75,Vrouw,48,Bachelor HBO/WO,Wel geinteresseerd,4. midden
7lkguFRx_T_-aFMBZU_aCg**,set_38,Man,74,Master HBO/WO,Zeer geinteresseerd,3. links
7lkguFRx_T_-htpky9Z91g**,set_17,Vrouw,58,MBO,Wel geinteresseerd,5. rechts
7lkguFRx_T_-q4qmAxdlrg**,set_116,Vrouw,38,MBO,Niet geintereseerd,4. midden
7lkguFRx_T_-s-Md1ACSIQ**,set_65,Vrouw,67,Bachelor HBO/WO,Enigszins geinteresseerd,5. rechts
7lkguFRx_T_091LGqqdoMw**,set_67,Vrouw,30,Bachelor HBO/WO,Wel geinteresseerd,2. links
7lkguFRx_T_0E8Seo6X10Q**,set_93,Vrouw,30,MBO,neutraal,6. rechts
7lkguFRx_T_0bGIf_w2xYg**,set_84,Vrouw,50,Bachelor HBO/WO,Wel geinteresseerd,5. rechts
7lkguFRx_T_0x6FUE5WdBw**,set_4,Vrouw,27,MBO,Niet geintereseerd,3. links
7lkguFRx_T_10CH2zVjA_w**,set_11,Man,43,MBO,Zeer geinteresseerd,6. rechts
7lkguFRx_T_10mFV40wNOA**,set_54,Man,53,VMBO,Enigszins geinteresseerd,5. rechts
7lkguFRx_T_17Pe0nnchrA**,set_65,Man,53,MBO,Enigszins geinteresseerd,4. midden
7lkguFRx_T_1FH9ksTV4yg**,set_10,Vrouw,69,Bachelor HBO/WO,Zeer geinteresseerd,5. rechts
7lkguFRx_T_1QeTwqFIIag**,set_53,Man,29,VMBO,Enigszins geinteresseerd,5. rechts
7lkguFRx_T_1QlLk4eKN9w**,set_57,Vrouw,45,MBO,Wel geinteresseerd,4. midden
7lkguFRx_T_1SmSAfvjd_w**,set_62,Man,48,Master HBO/WO,Wel geinteresseerd,2. links
7lkguFRx_T_1b0z8OZjxtQ**,set_44,Vrouw,28,Bachelor HBO/WO,Enigszins geinteresseerd,5. rechts
7lkguFRx_T_1boKtdTJdpQ**,set_109,Vrouw,32,Bachelor HBO/WO,Enigszins geinteresseerd,5. rechts
7lkguFRx_T_1fJJJU0_K7Q**,set_24,Vrouw,51,Bachelor HBO/WO,Niet geintereseerd,5. rechts
7lkguFRx_T_1uRQ_l-7jlQ**,set_60,Vrouw,69,HAVO/VWO,Enigszins niet geinteresseerd,4. midden
7lkguFRx_T_1zS9KGgTlUw**,set_33,Man,62,Bachelor HBO/WO,Zeer geinteresseerd,6. rechts
7lkguFRx_T_24bo1-8HGlw**,set_123,Man,27,MBO,neutraal,5. rechts
7lkguFRx_T_253V-yVo98w**,set_30,Vrouw,18,HAVO/VWO,Wel geinteresseerd,2. links
7lkguFRx_T_2E97Z1NLfkA**,set_6,Vrouw,34,Bachelor HBO/WO,Enigszins niet geinteresseerd,5. rechts
7lkguFRx_T_2Gw61OVH2mA**,set_109,Vrouw,69,VMBO,Enigszins geinteresseerd,3. links
7lkguFRx_T_2H5iy91ygag**,set_93,Vrouw,67,Bachelor HBO/WO,neutraal,3. links
7lkguFRx_T_2NBrlEBFIMw**,set_33,Man,61,Bachelor HBO/WO,Wel geinteresseerd,6. rechts
7lkguFRx_T_2XOIMiUyCXA**,set_104,Vrouw,40,Master HBO/WO,Wel geinteresseerd,6. rechts
7lkguFRx_T_2j5jRqgV71A**,set_114,Man,78,Master HBO/WO,Zeer geinteresseerd,5. rechts
7lkguFRx_T_2uou6NQoszg**,set_13,Vrouw,21,VMBO,Enigszins geinteresseerd,5. rechts
7lkguFRx_T_2vPs_FxVkFQ**,set_12,Vrouw,35,Bachelor HBO/WO,Wel geinteresseerd,3. links
7lkguFRx_T_36feEeCDbgA**,set_24,Vrouw,41,Master HBO/WO,neutraal,5. rechts
7lkguFRx_T_3BOiTAA-ejg**,set_94,Man,69,MBO,Zeer geinteresseerd,2. links
7lkguFRx_T_3CQnt_9npwg**,set_102,Vrouw,31,Master HBO/WO,Enigszins geinteresseerd,3. links
7lkguFRx_T_3KYyvN6OAIA**,set_16,Vrouw,57,Master HBO/WO,Wel geinteresseerd,5. rechts
7lkguFRx_T_3awvJG57xPQ**,set_29,Vrouw,67,Bachelor HBO/WO,Zeer geinteresseerd,2. links
7lkguFRx_T_3g9SfrGoDuw**,set_123,Vrouw,74,VMBO,Enigszins geinteresseerd,6. rechts
7lkguFRx_T_3mddul9CfaQ**,set_73,Man,69,Bachelor HBO/WO,Zeer geinteresseerd,2. links
7lkguFRx_T_3wfNk7OE5RQ**,set_55,Vrouw,58,MBO,Enigszins geinteresseerd,3. links
7lkguFRx_T_4-V2k7sDEBw**,set_29,Vrouw,58,HAVO/VWO,neutraal,5. rechts
7lkguFRx_T_4J_whTRi0EQ**,set_87,Man,77,Master HBO/WO,Wel geinteresseerd,2. links
7lkguFRx_T_4TWpsabcHHQ**,set_41,Man,23,VMBO,Wel geinteresseerd,6. rechts
7lkguFRx_T_4UcIEzYP5Vw**,set_21,Vrouw,42,HAVO/VWO,Enigszins geinteresseerd,7. rechts
7lkguFRx_T_4XTnnIB8I7w**,set_42,Man,31,Basisonderwijs,neutraal,4. midden
7lkguFRx_T_4rbIMbRXPZw**,set_5,Vrouw,59,HAVO/VWO,Niet geintereseerd,4. midden
7lkguFRx_T_5BrBbGrIt8w**,set_77,Man,43,Bachelor HBO/WO,Niet geintereseerd,4. midden
7lkguFRx_T_5CzRIUdfaQw**,set_68,Man,68,Bachelor HBO/WO,Wel geinteresseerd,4. midden
7lkguFRx_T_5RYSxCZOY6g**,set_54,Man,42,HAVO/VWO,Wel geinteresseerd,6. rechts
7lkguFRx_T_5TqF53uviSQ**,set_40,Vrouw,72,HAVO/VWO,Zeer geinteresseerd,3. links
7lkguFRx_T_5a8sgVyEr4Q**,set_35,Vrouw,72,VMBO,Enigszins geinteresseerd,3. links
7lkguFRx_T_5eH0ZYmpWQw**,set_73,Man,72,HAVO/VWO,Enigszins geinteresseerd,6. rechts
7lkguFRx_T_62j6a-ijQ6g**,set_14,Man,66,MBO,Zeer geinteresseerd,4. midden
7lkguFRx_T_67P-NmByltA**,set_22,Man,21,Bachelor HBO/WO,Enigszins geinteresseerd,5. rechts
7lkguFRx_T_6II9MMe9amA**,set_101,Vrouw,72,VMBO,Enigszins geinteresseerd,4. midden
7lkguFRx_T_6ISLlunj5wA**,set_92,Man,75,VMBO,Zeer geinteresseerd,7. rechts
7lkguFRx_T_6THPEzrcxIA**,set_72,Vrouw,45,Bachelor HBO/WO,Zeer geinteresseerd,5. rechts
7lkguFRx_T_6V2UWJbggZw**,set_34,Man,26,MBO,Wel geinteresseerd,4. midden
7lkguFRx_T_6fm3yWOH5zg**,set_111,Vrouw,60,MBO,Enigszins geinteresseerd,3. links
7lkguFRx_T_71Z5k5uJ-KA**,set_36,Man,36,Master HBO/WO,Wel geinteresseerd,7. rechts
7lkguFRx_T_729Iy0YU-_A**,set_18,Man,80,Bachelor HBO/WO,Wel geinteresseerd,6. rechts
7lkguFRx_T_738oJBrI3wA**,set_15,Vrouw,66,MBO,Enigszins geinteresseerd,4. midden
7lkguFRx_T_76vG1VanNeQ**,set_66,Man,84,MBO,Enigszins niet geinteresseerd,5. rechts
7lkguFRx_T_78_3f4aVPWw**,set_64,Man,43,VMBO,Enigszins geinteresseerd,6. rechts
7lkguFRx_T_7Ij9gtowYSg**,set_66,Man,67,Bachelor HBO/WO,Zeer geinteresseerd,6. rechts
7lkguFRx_T_7QqVwECPZlw**,set_44,Man,24,MBO,Enigszins niet geinteresseerd,6. rechts
7lkguFRx_T_7WTqcSxysPA**,set_62,Vrouw,30,Bachelor HBO/WO,Enigszins geinteresseerd,4. midden
7lkguFRx_T_7dukMkqYCwQ**,set_86,Vrouw,48,MBO,neutraal,5. rechts
7lkguFRx_T_7qvo33qM5tQ**,set_116,Man,57,HAVO/VWO,Zeer geinteresseerd,2. links
7lkguFRx_T_7td10anhNjQ**,set_72,Vrouw,39,Master HBO/WO,neutraal,5. rechts
7lkguFRx_T_8-NHblhO4pA**,set_53,Vrouw,36,Bachelor HBO/WO,Enigszins geinteresseerd,5. rechts
7lkguFRx_T_80oHr59XbcA**,set_33,Man,43,Bachelor HBO/WO,Zeer geinteresseerd,2. links
7lkguFRx_T_8YL2gXV1Snw**,set_37,Man,33,HAVO/VWO,Enigszins geinteresseerd,6. rechts
7lkguFRx_T_8YlpJJc4dqQ**,set_63,Vrouw,041,Bachelor HBO/WO,neutraal,4. midden
7lkguFRx_T_8gsU0p4Ow-g**,set_94,Man,69,MBO,Wel geinteresseerd,3. links
7lkguFRx_T_8mhhOrcBwVw**,set_41,Man,63,Master HBO/WO,Wel geinteresseerd,3. links
7lkguFRx_T_8u0JByj9paQ**,set_109,Man,39,Master HBO/WO,Zeer geinteresseerd,7. rechts
7lkguFRx_T_8uo_M7Yf3jw**,set_30,Vrouw,63,VMBO,neutraal,4. midden
7lkguFRx_T_9-c9YtFmQCw**,set_107,Vrouw,35,Bachelor HBO/WO,Wel geinteresseerd,5. rechts
7lkguFRx_T_90PhRqIJdzw**,set_62,Vrouw,43,HAVO/VWO,Wel geinteresseerd,6. rechts
7lkguFRx_T_9CxAUn8u2MA**,set_59,Man,42,VMBO,Enigszins geinteresseerd,4. midden
7lkguFRx_T_9KuG_9OAN5g**,set_24,Vrouw,69,HAVO/VWO,Enigszins geinteresseerd,6. rechts
7lkguFRx_T_9Ss9OUhFq1A**,set_65,Man,34,MBO,Wel geinteresseerd,6. rechts
7lkguFRx_T_9ZmJ8G-rr4g**,set_108,Vrouw,19,HAVO/VWO,Wel geinteresseerd,2. links
7lkguFRx_T_9iYeIwbw5Rg**,set_37,Man,68,HAVO/VWO,Zeer geinteresseerd,6. rechts
7lkguFRx_T_9rKxaLzlspQ**,set_28,Vrouw,56,HAVO/VWO,Enigszins geinteresseerd,6. rechts
7lkguFRx_T_9wL2xwMirIQ**,set_17,Man,74,VMBO,Wel geinteresseerd,6. rechts
7lkguFRx_T_AKAs8Smwbhg**,set_98,Vrouw,57,HAVO/VWO,Wel geinteresseerd,5. rechts
7lkguFRx_T_Aohr3W4vewA**,set_40,Vrouw,75,Bachelor HBO/WO,Wel geinteresseerd,2. links
7lkguFRx_T_Aq4GavJw_Bw**,set_40,Vrouw,58,HAVO/VWO,Enigszins geinteresseerd,3. links
7lkguFRx_T_Atxcy81KFlQ**,set_47,Vrouw,31,MBO,Enigszins geinteresseerd,4. midden
7lkguFRx_T_BRoZnJZUErg**,set_10,Man,60,Master HBO/WO,Enigszins geinteresseerd,2. links
7lkguFRx_T_B_vypUsoa1g**,set_72,Vrouw,46,Bachelor HBO/WO,Wel geinteresseerd,3. links
7lkguFRx_T_BkZH5SGd2OA**,set_5,Vrouw,71,Master HBO/WO,Wel geinteresseerd,7. rechts
7lkguFRx_T_CENd4FTOqQg**,set_107,Man,68,Bachelor HBO/WO,Enigszins geinteresseerd,5. rechts
7lkguFRx_T_CRJ4xv-e46g**,set_90,Vrouw,37,MBO,Wel geinteresseerd,4. midden
7lkguFRx_T_CUOsMuvfuIQ**,set_27,Vrouw,59,HAVO/VWO,Helemaal niet geinteresseerd,4. midden
7lkguFRx_T_CWL4No3djrA**,set_105,Vrouw,59,MBO,Enigszins geinteresseerd,4. midden
7lkguFRx_T_CoJ6xJunDzw**,set_69,Man,63,Bachelor HBO/WO,Zeer geinteresseerd,3. links
7lkguFRx_T_D0Kkufr18ag**,set_103,Vrouw,55,MBO,neutraal,4. midden
7lkguFRx_T_DHGfaQAicfw**,set_95,Vrouw,56,MBO,Wel geinteresseerd,6. rechts
7lkguFRx_T_DR8Ho2ibaBA**,set_48,Vrouw,31,MBO,Wel geinteresseerd,1. links
7lkguFRx_T_DV4e6KQDu1A**,set_9,Man,73,Bachelor HBO/WO,Zeer geinteresseerd,2. links
7lkguFRx_T_DaOSkjKS7gQ**,set_65,Man,64,MBO,Helemaal niet geinteresseerd,4. midden
7lkguFRx_T_DaVPHizvgFQ**,set_106,Vrouw,54,Bachelor HBO/WO,Enigszins geinteresseerd,4. midden
7lkguFRx_T_DzAJSjHhasA**,set_109,Man,33,Master HBO/WO,neutraal,6. rechts
7lkguFRx_T_E7mTTFjWMkg**,set_55,Man,77,Bachelor HBO/WO,Wel geinteresseerd,3. links
7lkguFRx_T_E8GU4CNAmsg**,set_64,Man,54,VMBO,Enigszins geinteresseerd,6. rechts
7lkguFRx_T_EAZ1D1rIeqQ**,set_27,Vrouw,28,Bachelor HBO/WO,Enigszins geinteresseerd,4. midden
7lkguFRx_T_EBTKgjyNaaA**,set_90,Vrouw,67,Bachelor HBO/WO,Enigszins geinteresseerd,3. links
7lkguFRx_T_ECvLOWx16Hg**,set_76,Vrouw,32,Master HBO/WO,Zeer geinteresseerd,7. rechts
7lkguFRx_T_ED6oYDW3wIQ**,set_103,Man,61,HAVO/VWO,Enigszins geinteresseerd,5. rechts
7lkguFRx_T_EGkzwGh6AHQ**,set_92,Vrouw,63,HAVO/VWO,Zeer geinteresseerd,5. rechts
7lkguFRx_T_EOajD5G4pAg**,set_110,Vrouw,27,Master HBO/WO,Niet geintereseerd,5. rechts
7lkguFRx_T_ETS5b5AlYZg**,set_68,Man,73,Master HBO/WO,Enigszins geinteresseerd,4. midden
7lkguFRx_T_E_e9qjvLBLw**,set_25,Man,54,MBO,Wel geinteresseerd,7. rechts
7lkguFRx_T_EbVePeVWs9g**,set_113,Vrouw,44,MBO,Zeer geinteresseerd,7. rechts
7lkguFRx_T_EdwkloUhUcQ**,set_46,Vrouw,62,VMBO,neutraal,3. links
7lkguFRx_T_EpUSgAvaxvQ**,set_109,Man,53,HAVO/VWO,Wel geinteresseerd,1. links
7lkguFRx_T_EsXE3kHlcwg**,set_18,Vrouw,66,MBO,Enigszins geinteresseerd,4. midden
7lkguFRx_T_F6Nts1cE7CQ**,set_39,Vrouw,51,MBO,neutraal,6. rechts
7lkguFRx_T_FAfxuPGGS1g**,set_64,Man,35,Bachelor HBO/WO,Zeer geinteresseerd,7. rechts
7lkguFRx_T_FAlpLnQDSuw**,set_58,Man,21,Bachelor HBO/WO,Niet geintereseerd,2. links
7lkguFRx_T_FQlJR7D-TPA**,set_80,Vrouw,54,MBO,Enigszins geinteresseerd,4. midden
7lkguFRx_T_FSMf3yp8JHg**,set_94,Vrouw,67,HAVO/VWO,Wel geinteresseerd,3. links
7lkguFRx_T_FTEXaRuEuuQ**,set_27,Vrouw,52,MBO,Wel geinteresseerd,5. rechts
7lkguFRx_T_FUKf-ycjsSA**,set_115,Vrouw,49,Master HBO/WO,Wel geinteresseerd,2. links
7lkguFRx_T_FUNQR2RIFSw**,set_52,Man,64,Bachelor HBO/WO,Zeer geinteresseerd,3. links
7lkguFRx_T_FokrlfTVqMg**,set_39,Vrouw,20,HAVO/VWO,Wel geinteresseerd,3. links
7lkguFRx_T_FvqVhd2ZbsA**,set_56,Man,62,MBO,Zeer geinteresseerd,4. midden
7lkguFRx_T_Fwg5JaZ21sQ**,set_113,Man,36,Bachelor HBO/WO,Zeer geinteresseerd,6. rechts
7lkguFRx_T_G2GzU7lGsxA**,set_17,Man,85,HAVO/VWO,Zeer geinteresseerd,2. links
7lkguFRx_T_G3j7dNEWgrQ**,set_122,Man,71,HAVO/VWO,Enigszins geinteresseerd,5. rechts
7lkguFRx_T_G73Tnoy0dgw**,set_8,Man,69,MBO,Enigszins geinteresseerd,5. rechts
7lkguFRx_T_GKoOCp699ow**,set_35,Vrouw,40,Master HBO/WO,Wel geinteresseerd,4. midden
7lkguFRx_T_GKyNx6vkv1g**,set_3,Vrouw,50,Bachelor HBO/WO,Niet geintereseerd,3. links
7lkguFRx_T_GLJRNnzrGwQ**,set_85,Man,66,MBO,Zeer geinteresseerd,4. midden
7lkguFRx_T_GR2d5-Hhxbg**,set_102,Man,62,MBO,Zeer geinteresseerd,3. links
7lkguFRx_T_GW3hnvC5kzQ**,set_122,Vrouw,31,HAVO/VWO,Enigszins geinteresseerd,5. rechts
7lkguFRx_T_GbngofKDRTQ**,set_91,Vrouw,039,HAVO/VWO,Helemaal niet geinteresseerd,4. midden
7lkguFRx_T_GeMdbNLIUIw**,set_16,Vrouw,80,HAVO/VWO,Enigszins geinteresseerd,5. rechts
7lkguFRx_T_GjDmci-Gb0w**,set_91,Vrouw,59,HAVO/VWO,Enigszins geinteresseerd,3. links
7lkguFRx_T_Gm8fgZiLOJg**,set_111,Vrouw,38,MBO,Helemaal niet geinteresseerd,6. rechts
7lkguFRx_T_Gri9DznOxoA**,set_18,Vrouw,50,HAVO/VWO,Wel geinteresseerd,6. rechts
7lkguFRx_T_GuFC1JK0wrw**,set_123,Vrouw,31,MBO,Helemaal niet geinteresseerd,4. midden
7lkguFRx_T_H2wpepxKHPA**,set_118,Vrouw,53,MBO,Enigszins geinteresseerd,6. rechts
7lkguFRx_T_H6g0sOOwbew**,set_42,Man,32,Bachelor HBO/WO,Enigszins geinteresseerd,2. links
7lkguFRx_T_HDK0fMTyKRw**,set_91,Man,20,Bachelor HBO/WO,Niet geintereseerd,4. midden
7lkguFRx_T_HI0Zy8WBuZQ**,set_102,Vrouw,32,Bachelor HBO/WO,neutraal,5. rechts
7lkguFRx_T_HK-7tKvnGKA**,set_111,Vrouw,25,VMBO,neutraal,4. midden
7lkguFRx_T_HU825FaPeew**,set_34,Vrouw,52,MBO,Enigszins geinteresseerd,6. rechts
7lkguFRx_T_HZzHeHNY-Ew**,set_118,Man,51,VMBO,Wel geinteresseerd,6. rechts
7lkguFRx_T_HhW2Uj0YGWQ**,set_114,Vrouw,056,MBO,neutraal,4. midden
7lkguFRx_T_HmjMgxaVfEw**,set_57,Vrouw,33,MBO,Enigszins geinteresseerd,6. rechts
7lkguFRx_T_HnhC9fBZ82A**,set_44,Man,83,Bachelor HBO/WO,neutraal,5. rechts
7lkguFRx_T_HoefYlf-8fg**,set_51,Man,65,HAVO/VWO,Wel geinteresseerd,6. rechts
7lkguFRx_T_Hx2TYxAg0pg**,set_119,Vrouw,56,Master HBO/WO,Zeer geinteresseerd,2. links
7lkguFRx_T_Hy6WaKFLsMQ**,set_44,Man,59,MBO,Zeer geinteresseerd,7. rechts
7lkguFRx_T_IQbARwB8ndQ**,set_32,Man,53,MBO,Enigszins niet geinteresseerd,5. rechts
7lkguFRx_T_ITVJ7gwmm4g**,set_37,Vrouw,35,MBO,neutraal,7. rechts
7lkguFRx_T_ITsQTOtMVWg**,set_68,Man,55,Bachelor HBO/WO,Wel geinteresseerd,4. midden
7lkguFRx_T_IWBhwDLjqdA**,set_59,Vrouw,59,VMBO,Wel geinteresseerd,4. midden
7lkguFRx_T_Id1YMJl2VPA**,set_78,Man,61,Master HBO/WO,Wel geinteresseerd,6. rechts
7lkguFRx_T_Ihck0dswKVw**,set_87,Vrouw,47,MBO,Helemaal niet geinteresseerd,7. rechts
7lkguFRx_T_IomBEOkJ-Hw**,set_19,Vrouw,70,VMBO,Wel geinteresseerd,5. rechts
7lkguFRx_T_IriPEsLNL_A**,set_12,Vrouw,32,Bachelor HBO/WO,Enigszins geinteresseerd,6. rechts
7lkguFRx_T_Iz_rCWW-fAQ**,set_47,Man,67,Bachelor HBO/WO,Enigszins geinteresseerd,6. rechts
7lkguFRx_T_J-x_h7qcOTA**,set_34,Man,73,VMBO,Zeer geinteresseerd,5. rechts
7lkguFRx_T_J8HdxMxN-Aw**,set_7,Vrouw,33,MBO,Enigszins geinteresseerd,6. rechts
7lkguFRx_T_JOwCWFxNEBQ**,set_110,Vrouw,43,Bachelor HBO/WO,Enigszins geinteresseerd,4. midden
7lkguFRx_T_JUd4g-uNuDg**,set_92,Vrouw,34,Master HBO/WO,Enigszins geinteresseerd,4. midden
7lkguFRx_T_JsqZqkclEAA**,set_63,Vrouw,40,Bachelor HBO/WO,Enigszins geinteresseerd,5. rechts
7lkguFRx_T_Jw4lG7TSaog**,set_2,Man,54,Bachelor HBO/WO,Wel geinteresseerd,6. rechts
7lkguFRx_T_K-51h7eeD-A**,set_11,Man,73,VMBO,Wel geinteresseerd,3. links
7lkguFRx_T_K1Nz6-8HSGQ**,set_85,Man,59,MBO,Enigszins niet geinteresseerd,3. links
7lkguFRx_T_K3Se7YEnG4g**,set_4,Vrouw,033,HAVO/VWO,Wel geinteresseerd,5. rechts
7lkguFRx_T_K3Se7YEnG4g**,set_5,Vrouw,030,Master HBO/WO,Wel geinteresseerd,7. rechts
7lkguFRx_T_K54uQY-9CLg**,set_121,Man,65,VMBO,Wel geinteresseerd,3. links
7lkguFRx_T_K7SUR_mUOrA**,set_59,Man,69,Master HBO/WO,Wel geinteresseerd,5. rechts
7lkguFRx_T_KGA_fjNlEzg**,set_104,Man,71,VMBO,Wel geinteresseerd,5. rechts
7lkguFRx_T_KY-D8yYqpXg**,set_52,Vrouw,44,MBO,Wel geinteresseerd,5. rechts
7lkguFRx_T_Kiirn_ASBVA**,set_10,Vrouw,31,Bachelor HBO/WO,Zeer geinteresseerd,6. rechts
7lkguFRx_T_KkiAZ8t7cTA**,set_74,Man,69,Bachelor HBO/WO,Wel geinteresseerd,4. midden
7lkguFRx_T_Km3m1NnFCbw**,set_43,Vrouw,67,HAVO/VWO,Wel geinteresseerd,4. midden
7lkguFRx_T_KqeFHE9N00w**,set_96,Vrouw,32,Bachelor HBO/WO,neutraal,4. midden
7lkguFRx_T_Kuur6yCzi5g**,set_101,Vrouw,52,HAVO/VWO,Enigszins geinteresseerd,4. midden
7lkguFRx_T_L44UOJDw9uw**,set_74,Man,42,VMBO,Enigszins geinteresseerd,4. midden
7lkguFRx_T_LP_Ql2axB4w**,set_74,Vrouw,57,HAVO/VWO,neutraal,4. midden
7lkguFRx_T_LVN46LLb5Mw**,set_18,Vrouw,41,MBO,Wel geinteresseerd,4. midden
7lkguFRx_T_LePN8xIzpnw**,set_46,Man,37,Master HBO/WO,Zeer geinteresseerd,3. links
7lkguFRx_T_Lict29BRS-g**,set_75,Vrouw,55,HAVO/VWO,Enigszins geinteresseerd,5. rechts
7lkguFRx_T_LnPViLtAJLQ**,set_111,Man,22,HAVO/VWO,Wel geinteresseerd,5. rechts
7lkguFRx_T_Lu3GPxFGAGQ**,set_1,Man,79,VMBO,Zeer geinteresseerd,5. rechts
7lkguFRx_T_LvJZM3jlClQ**,set_6,Vrouw,64,Bachelor HBO/WO,Enigszins geinteresseerd,3. links
7lkguFRx_T_M4fmg8FQohA**,set_78,Man,65,Basisonderwijs,neutraal,3. links
7lkguFRx_T_MBcsnabEkkQ**,set_48,Vrouw,19,Bachelor HBO/WO,Wel geinteresseerd,1. links
7lkguFRx_T_MO6InhXaS4w**,set_34,Vrouw,65,VMBO,Wel geinteresseerd,4. midden
7lkguFRx_T_MOgmYkDDYcw**,set_1,Man,73,Bachelor HBO/WO,Zeer geinteresseerd,2. links
7lkguFRx_T_MVOdrR_zLPg**,set_67,Vrouw,50,MBO,Enigszins geinteresseerd,6. rechts
7lkguFRx_T_Mm5RIQYLZBw**,set_123,Man,20,Bachelor HBO/WO,Enigszins geinteresseerd,6. rechts
7lkguFRx_T_MoFhodoA2-w**,set_86,Vrouw,67,VMBO,Enigszins geinteresseerd,5. rechts
7lkguFRx_T_N0RKk6zoL0w**,set_61,Man,77,MBO,Enigszins niet geinteresseerd,4. midden
7lkguFRx_T_N0Z9o0VncHw**,set_88,Vrouw,22,HAVO/VWO,Enigszins geinteresseerd,3. links
7lkguFRx_T_NFQjpD5PudQ**,set_79,Vrouw,73,VMBO,Wel geinteresseerd,3. links
7lkguFRx_T_NGJYd2IaRsA**,set_18,Vrouw,72,VMBO,Enigszins geinteresseerd,4. midden
7lkguFRx_T_NMxutIEh9vw**,set_19,Vrouw,78,MBO,Wel geinteresseerd,7. rechts
7lkguFRx_T_NQ1x4OEW4XQ**,set_44,Man,70,Bachelor HBO/WO,Zeer geinteresseerd,3. links
7lkguFRx_T_NWr_KeViZwQ**,set_82,Vrouw,41,Master HBO/WO,Enigszins geinteresseerd,6. rechts
7lkguFRx_T_NtawrtU9bHA**,set_18,Man,55,Master HBO/WO,Enigszins niet geinteresseerd,3. links
7lkguFRx_T_OCqcvjZy3hw**,set_41,Vrouw,23,Bachelor HBO/WO,Enigszins niet geinteresseerd,2. links
7lkguFRx_T_ODyvfmXiV2A**,set_18,Man,73,Bachelor HBO/WO,Wel geinteresseerd,2. links
7lkguFRx_T_OM-noWtpLew**,set_69,Man,48,MBO,Wel geinteresseerd,4. midden
7lkguFRx_T_OZYEkP3fyVA**,set_53,Man,63,Bachelor HBO/WO,Enigszins geinteresseerd,6. rechts
7lkguFRx_T_Oe9DO2DteSA**,set_63,Man,65,MBO,Wel geinteresseerd,4. midden
7lkguFRx_T_P1FKM9C3SfQ**,set_99,Man,39,Master HBO/WO,Zeer geinteresseerd,6. rechts
7lkguFRx_T_P6OLKj9yB6w**,set_26,Vrouw,60,MBO,Enigszins niet geinteresseerd,4. midden
7lkguFRx_T_PWMfjxZbFgg**,set_98,Vrouw,78,HAVO/VWO,Wel geinteresseerd,4. midden
7lkguFRx_T_PXWi_7Oadmg**,set_39,Man,38,VMBO,Wel geinteresseerd,6. rechts
7lkguFRx_T_PYW7gZOmNDQ**,set_88,Vrouw,45,Master HBO/WO,Wel geinteresseerd,2. links
7lkguFRx_T_PZKJHrfMGew**,set_62,Vrouw,34,MBO,Niet geintereseerd,4. midden
7lkguFRx_T_PfKOJFqB28g**,set_20,Vrouw,67,MBO,Enigszins geinteresseerd,4. midden
7lkguFRx_T_PikE-nhMpmQ**,set_71,Man,71,Bachelor HBO/WO,Zeer geinteresseerd,5. rechts
7lkguFRx_T_Pizgy0OsCrg**,set_21,Man,59,MBO,Wel geinteresseerd,6. rechts
7lkguFRx_T_PuEtBw8PCOA**,set_13,Vrouw,40,MBO,Enigszins niet geinteresseerd,4. midden
7lkguFRx_T_Pvc_dt_FsPw**,set_26,Vrouw,62,Master HBO/WO,Wel geinteresseerd,3. links
7lkguFRx_T_PwiYIBTabBQ**,set_91,Vrouw,36,Master HBO/WO,Enigszins geinteresseerd,6. rechts
7lkguFRx_T_Q0lDWDdbX5A**,set_69,Vrouw,48,Bachelor HBO/WO,Wel geinteresseerd,6. rechts
7lkguFRx_T_Q1efS-TfVHA**,set_57,Vrouw,28,Bachelor HBO/WO,Enigszins geinteresseerd,4. midden
7lkguFRx_T_Q9WSZFSGvlg**,set_99,Vrouw,48,MBO,neutraal,3. links
7lkguFRx_T_QM-Wn7ufTXA**,set_89,Vrouw,33,HAVO/VWO,Enigszins geinteresseerd,5. rechts
7lkguFRx_T_QZDft9iqYZw**,set_10,Man,67,MBO,Zeer geinteresseerd,7. rechts
7lkguFRx_T_QfuDPtWorGg**,set_99,Vrouw,26,Bachelor HBO/WO,Wel geinteresseerd,4. midden
7lkguFRx_T_QkQAjXgp2sQ**,set_123,Vrouw,73,Bachelor HBO/WO,Enigszins geinteresseerd,4. midden
7lkguFRx_T_QkzpxK9Ipeg**,set_56,Man,73,Master HBO/WO,Zeer geinteresseerd,3. links
7lkguFRx_T_Qlm-TcZvoyA**,set_95,Man,57,MBO,Wel geinteresseerd,5. rechts
7lkguFRx_T_QqZ5futZhyg**,set_12,Man,68,Bachelor HBO/WO,Wel geinteresseerd,6. rechts
7lkguFRx_T_Qu_nebJvejQ**,set_3,Vrouw,60,VMBO,Helemaal niet geinteresseerd,4. midden
7lkguFRx_T_QyN7gVRS48A**,set_14,Vrouw,28,Bachelor HBO/WO,Enigszins niet geinteresseerd,5. rechts
7lkguFRx_T_R3HQUIl8C8g**,set_31,Vrouw,32,Bachelor HBO/WO,neutraal,5. rechts
7lkguFRx_T_R7-Yyfho7Ow**,set_61,Vrouw,51,Bachelor HBO/WO,neutraal,5. rechts
7lkguFRx_T_RMUgFmBBQNQ**,set_15,Vrouw,38,Bachelor HBO/WO,neutraal,5. rechts
7lkguFRx_T_Rj028WLuBZA**,set_103,Vrouw,44,HAVO/VWO,Wel geinteresseerd,4. midden
7lkguFRx_T_RpnG5X6Pa7Q**,set_19,Man,76,HAVO/VWO,Zeer geinteresseerd,6. rechts
7lkguFRx_T_Rs-kwrHb_FQ**,set_67,Vrouw,71,MBO,Zeer geinteresseerd,7. rechts
7lkguFRx_T_S8hSzBrg4uA**,set_49,Vrouw,31,Bachelor HBO/WO,neutraal,6. rechts
7lkguFRx_T_S9K926bVF4Q**,set_59,Vrouw,44,MBO,Enigszins niet geinteresseerd,6. rechts
7lkguFRx_T_SCd92MU221g**,set_120,Vrouw,32,MBO,Niet geintereseerd,4. midden
7lkguFRx_T_SY2pfOfFujw**,set_19,Vrouw,36,VMBO,neutraal,4. midden
7lkguFRx_T_Sb6mFG5bvxg**,set_48,Man,70,HAVO/VWO,Wel geinteresseerd,5. rechts
7lkguFRx_T_Ss-hRMH17jA**,set_47,Man,66,Bachelor HBO/WO,Wel geinteresseerd,2. links
7lkguFRx_T_SsmWiq8xw3g**,set_67,Man,56,VMBO,neutraal,5. rechts
7lkguFRx_T_SteBH_iCX1w**,set_15,Vrouw,46,Bachelor HBO/WO,Wel geinteresseerd,4. midden
7lkguFRx_T_TLdS3-98PiQ**,set_10,Vrouw,20,HAVO/VWO,Wel geinteresseerd,5. rechts
7lkguFRx_T_TQlJNIF37bg**,set_65,Vrouw,53,MBO,Enigszins geinteresseerd,4. midden
7lkguFRx_T_TYRGRD5P2_Q**,set_103,Vrouw,46,Bachelor HBO/WO,Enigszins geinteresseerd,5. rechts
7lkguFRx_T_ThrJ8XYhEJg**,set_78,Vrouw,70,MBO,Zeer geinteresseerd,4. midden
7lkguFRx_T_TnurPBPRb0A**,set_124,Vrouw,62,VMBO,Zeer geinteresseerd,6. rechts
7lkguFRx_T_TqqfSLZIb9g**,set_91,Vrouw,63,VMBO,Enigszins geinteresseerd,4. midden
7lkguFRx_T_TsZzfX_jEwA**,set_20,Vrouw,42,Master HBO/WO,Enigszins geinteresseerd,4. midden
7lkguFRx_T_U8h0c1PQqbg**,set_2,Man,18,HAVO/VWO,Wel geinteresseerd,5. rechts
7lkguFRx_T_UFra9HC3LFg**,set_102,Vrouw,66,VMBO,Enigszins geinteresseerd,6. rechts
7lkguFRx_T_UKxnmasbKYw**,set_87,Vrouw,52,MBO,Enigszins geinteresseerd,3. links
7lkguFRx_T_Ub5TTnMZa3g**,set_104,Vrouw,44,Bachelor HBO/WO,Enigszins geinteresseerd,5. rechts
7lkguFRx_T_UiLFTNU8ynw**,set_18,Man,49,MBO,neutraal,7. rechts
7lkguFRx_T_UomcLa3SI7Q**,set_12,Vrouw,17,HAVO/VWO,Enigszins niet geinteresseerd,4. midden
7lkguFRx_T_UtNTKqwJXHg**,set_9,Vrouw,39,Bachelor HBO/WO,Niet geintereseerd,1. links
7lkguFRx_T_VBHnB7YFcjA**,set_26,Man,36,HAVO/VWO,Zeer geinteresseerd,6. rechts
7lkguFRx_T_VErZ930m64g**,set_118,Vrouw,81,Bachelor HBO/WO,Wel geinteresseerd,2. links
7lkguFRx_T_VFcgzqBNbIA**,set_19,Man,76,Master HBO/WO,Wel geinteresseerd,5. rechts
7lkguFRx_T_VG00-yEn6qA**,set_99,Vrouw,66,VMBO,Enigszins geinteresseerd,4. midden
7lkguFRx_T_VIpPm2AtEgg**,set_107,Man,45,MBO,Zeer geinteresseerd,1. links
7lkguFRx_T_VeGF_yrDIuw**,set_26,Man,76,MBO,Enigszins geinteresseerd,4. midden
7lkguFRx_T_VeSlAxBxBbw**,set_6,Vrouw,31,Bachelor HBO/WO,Wel geinteresseerd,5. rechts
7lkguFRx_T_VlEvIo_71Uw**,set_110,Vrouw,26,Master HBO/WO,Enigszins niet geinteresseerd,3. links
7lkguFRx_T_VygD_g7AsEg**,set_86,Man,70,MBO,Enigszins geinteresseerd,6. rechts
7lkguFRx_T_W2opbNkaJTQ**,set_88,Man,78,VMBO,Zeer geinteresseerd,7. rechts
7lkguFRx_T_W3G_UH_6eiw**,set_45,Man,39,Master HBO/WO,Zeer geinteresseerd,7. rechts
7lkguFRx_T_W6Pzp6c4y6g**,set_94,Vrouw,47,Bachelor HBO/WO,Wel geinteresseerd,3. links
7lkguFRx_T_WC8lFc4gnLg**,set_70,Vrouw,27,MBO,neutraal,6. rechts
7lkguFRx_T_WQgUlcEoP7Q**,set_95,Vrouw,30,Bachelor HBO/WO,Enigszins niet geinteresseerd,5. rechts
7lkguFRx_T_WfIYGCPK9ig**,set_96,Man,73,Bachelor HBO/WO,neutraal,4. midden
7lkguFRx_T_Wg8Yth_5C_Q**,set_24,Man,70,Bachelor HBO/WO,Wel geinteresseerd,2. links
7lkguFRx_T_XIqqywxHl3A**,set_19,Man,65,MBO,Wel geinteresseerd,5. rechts
7lkguFRx_T_XTkfbCzaBhg**,set_56,Vrouw,27,MBO,Enigszins niet geinteresseerd,2. links
7lkguFRx_T_Xdv0s7HoVyw**,set_102,Man,25,Bachelor HBO/WO,Zeer geinteresseerd,7. rechts
7lkguFRx_T_Xn-W4ut7DJQ**,set_40,Man,19,VMBO,Enigszins geinteresseerd,5. rechts
7lkguFRx_T_XqbA-oRQyAg**,set_68,Man,47,Master HBO/WO,Wel geinteresseerd,6. rechts
7lkguFRx_T_XwhynD-_AjA**,set_84,Vrouw,55,Master HBO/WO,neutraal,3. links
7lkguFRx_T_XzlOB2OyNGA**,set_86,Man,50,Bachelor HBO/WO,Wel geinteresseerd,3. links
7lkguFRx_T_Y13U25Re91A**,set_85,Vrouw,27,MBO,Wel geinteresseerd,5. rechts
7lkguFRx_T_YBbBkqmnd2g**,set_40,Man,49,Bachelor HBO/WO,Wel geinteresseerd,2. links
7lkguFRx_T_YDY9tm1qHYw**,set_91,Vrouw,57,VMBO,Wel geinteresseerd,4. midden
7lkguFRx_T_YGu9O-p6V2A**,set_7,Man,77,Master HBO/WO,Wel geinteresseerd,2. links
7lkguFRx_T_Y_azQit1pQw**,set_119,Man,79,VMBO,Wel geinteresseerd,6. rechts
7lkguFRx_T_Ye3IiME2khg**,set_12,Vrouw,18,HAVO/VWO,neutraal,5. rechts
7lkguFRx_T_YrmKEuh3e5w**,set_25,Vrouw,44,Master HBO/WO,Niet geintereseerd,6. rechts
7lkguFRx_T_Ys5MAvEGWhA**,set_41,Man,72,MBO,Wel geinteresseerd,6. rechts
7lkguFRx_T_Yyd5PXWy_Kg**,set_4,Vrouw,67,MBO,Enigszins geinteresseerd,5. rechts
7lkguFRx_T_Z3nN9dtnJLQ**,set_24,Vrouw,68,VMBO,neutraal,1. links
7lkguFRx_T_Z5luYLd-Gnw**,set_67,Man,46,MBO,Enigszins geinteresseerd,6. rechts
7lkguFRx_T_ZBNmvkZYrgg**,set_115,Vrouw,54,Master HBO/WO,Wel geinteresseerd,3. links
7lkguFRx_T_ZFlWBd6EjuA**,set_24,Man,31,MBO,Helemaal niet geinteresseerd,7. rechts
7lkguFRx_T_ZGzwCGMaM3A**,set_75,Man,58,Bachelor HBO/WO,Enigszins geinteresseerd,7. rechts
7lkguFRx_T_ZHqyuqtApEQ**,set_102,Vrouw,67,HAVO/VWO,Zeer geinteresseerd,5. rechts
7lkguFRx_T_ZL7VHqT-qBQ**,set_13,Man,31,Bachelor HBO/WO,Enigszins geinteresseerd,5. rechts
7lkguFRx_T_ZRgIPbdI4rQ**,set_66,Vrouw,69,HAVO/VWO,Wel geinteresseerd,5. rechts
7lkguFRx_T_ZXsyupgC78A**,set_25,Vrouw,46,Bachelor HBO/WO,neutraal,5. rechts
7lkguFRx_T_ZarsG9Y_VPA**,set_89,Vrouw,54,VMBO,Enigszins niet geinteresseerd,3. links
7lkguFRx_T_ZbIj-bBjwuA**,set_70,Man,25,MBO,Wel geinteresseerd,6. rechts
7lkguFRx_T_ZdyYNXFyCzQ**,set_37,Vrouw,30,MBO,Niet geintereseerd,4. midden
7lkguFRx_T_ZowfdJDYBfA**,set_39,Vrouw,33,MBO,Enigszins geinteresseerd,2. links
7lkguFRx_T_ZqfbRuzxxrw**,set_81,Vrouw,30,Bachelor HBO/WO,Enigszins niet geinteresseerd,4. midden
7lkguFRx_T_ZuY6XYP7Gqg**,set_99,Vrouw,53,Bachelor HBO/WO,Wel geinteresseerd,6. rechts
7lkguFRx_T_ZvbYmLRF9lA**,set_113,Vrouw,42,MBO,Enigszins geinteresseerd,7. rechts
7lkguFRx_T__4NquR-taPA**,set_9,Vrouw,63,MBO,Enigszins geinteresseerd,5. rechts
7lkguFRx_T__8m1VDWARdQ**,set_58,Vrouw,32,HAVO/VWO,neutraal,4. midden
7lkguFRx_T__CTnOobJPTg**,set_45,Man,40,HAVO/VWO,Zeer geinteresseerd,7. rechts
7lkguFRx_T__MVJwlBVXew**,set_110,Vrouw,78,MBO,Zeer geinteresseerd,4. midden
7lkguFRx_T__PN_B1ATmWQ**,set_22,Vrouw,36,Bachelor HBO/WO,Enigszins geinteresseerd,5. rechts
7lkguFRx_T__Qj-PLv-nXA**,set_109,Man,35,VMBO,Niet geintereseerd,4. midden
7lkguFRx_T__dUnlZrPRYw**,set_40,Vrouw,40,Master HBO/WO,Zeer geinteresseerd,4. midden
7lkguFRx_T__eYlEz0wVbQ**,set_103,Man,68,MBO,Zeer geinteresseerd,5. rechts
7lkguFRx_T__f5kAoAsvjw**,set_77,Man,73,Bachelor HBO/WO,Wel geinteresseerd,5. rechts
7lkguFRx_T__iX_dYx60tw**,set_107,Vrouw,56,MBO,neutraal,4. midden
7lkguFRx_T__pz7Hr0j6lQ**,set_40,Vrouw,61,Bachelor HBO/WO,Wel geinteresseerd,5. rechts
7lkguFRx_T__yQtGlKrzFQ**,set_92,Vrouw,57,HAVO/VWO,Wel geinteresseerd,5. rechts
7lkguFRx_T_a8sWJRPIOYw**,set_55,Vrouw,56,VMBO,neutraal,5. rechts
7lkguFRx_T_aJV8wsGF1Qg**,set_56,Man,60,Master HBO/WO,Zeer geinteresseerd,6. rechts
7lkguFRx_T_aJyilXOJg5Q**,set_64,Vrouw,54,Bachelor HBO/WO,Wel geinteresseerd,4. midden
7lkguFRx_T_aXldWP4TbrA**,set_47,Man,24,Bachelor HBO/WO,Wel geinteresseerd,4. midden
7lkguFRx_T_aaR106xkeBA**,set_9,Vrouw,20,HAVO/VWO,Enigszins geinteresseerd,4. midden
7lkguFRx_T_amRjEOBqsOg**,set_31,Man,49,HAVO/VWO,Zeer geinteresseerd,6. rechts
7lkguFRx_T_amY_5xM8LDw**,set_2,Vrouw,24,Bachelor HBO/WO,Zeer geinteresseerd,5. rechts
7lkguFRx_T_awsn54JoxzA**,set_32,Vrouw,25,Bachelor HBO/WO,neutraal,3. links
7lkguFRx_T_azjUxle2VKw**,set_50,Vrouw,53,MBO,neutraal,6. rechts
7lkguFRx_T_bMy-xZfKPjQ**,set_98,Vrouw,32,MBO,Enigszins geinteresseerd,7. rechts
7lkguFRx_T_bNS871eGYYQ**,set_52,Man,61,Basisonderwijs,Wel geinteresseerd,4. midden
7lkguFRx_T_bOn0flxOLCQ**,set_30,Vrouw,67,VMBO,Wel geinteresseerd,4. midden
7lkguFRx_T_bQTBypYikfA**,set_79,Man,41,HAVO/VWO,Wel geinteresseerd,6. rechts
7lkguFRx_T_bd2aVCVFjnQ**,set_17,Vrouw,21,MBO,neutraal,5. rechts
7lkguFRx_T_bjKs1CzgInw**,set_110,Man,36,Bachelor HBO/WO,Enigszins niet geinteresseerd,4. midden
7lkguFRx_T_bsKO6bcLW6A**,set_76,Man,57,MBO,Zeer geinteresseerd,7. rechts
7lkguFRx_T_bxiWTOCzC3Q**,set_11,Vrouw,67,MBO,Wel geinteresseerd,5. rechts
7lkguFRx_T_c2Lo8W4HlSQ**,set_110,Man,46,MBO,Zeer geinteresseerd,4. midden
7lkguFRx_T_cAR6QjJnEiQ**,set_93,Vrouw,64,MBO,Helemaal niet geinteresseerd,4. midden
7lkguFRx_T_cAqShlatqVQ**,set_43,Vrouw,32,MBO,Enigszins geinteresseerd,3. links
7lkguFRx_T_cG5Jv2JvqWQ**,set_44,Man,63,MBO,neutraal,4. midden
7lkguFRx_T_cQR3xnFgYag**,set_120,Man,55,Bachelor HBO/WO,Enigszins geinteresseerd,3. links
7lkguFRx_T_cjc7gK33sTA**,set_75,Vrouw,73,Bachelor HBO/WO,Zeer geinteresseerd,4. midden
7lkguFRx_T_czMwFPrODvQ**,set_112,Man,85,Bachelor HBO/WO,Zeer geinteresseerd,2. links
7lkguFRx_T_d03Ibf2YajA**,set_84,Man,77,VMBO,Zeer geinteresseerd,6. rechts
7lkguFRx_T_dGUfa22lN2g**,set_119,Man,67,Master HBO/WO,Zeer geinteresseerd,4. midden
7lkguFRx_T_dHE10aPfLUQ**,set_4,Man,26,MBO,Wel geinteresseerd,5. rechts
7lkguFRx_T_dOeN-8nUt9Q**,set_82,Vrouw,42,Master HBO/WO,Enigszins geinteresseerd,3. links
7lkguFRx_T_dVULWjKB4NQ**,set_97,Man,77,Bachelor HBO/WO,Wel geinteresseerd,5. rechts
7lkguFRx_T_dYGcw7Dd_Bg**,set_39,Man,38,Master HBO/WO,neutraal,2. links
7lkguFRx_T_de-LSJ8st8g**,set_16,Man,70,VMBO,Enigszins geinteresseerd,4. midden
7lkguFRx_T_dgcDTBwl3XA**,set_81,Vrouw,24,HAVO/VWO,Enigszins niet geinteresseerd,2. links
7lkguFRx_T_dnVlgqOTQcQ**,set_19,Man,83,HAVO/VWO,Zeer geinteresseerd,3. links
7lkguFRx_T_dvHOH4zmGVw**,set_21,Vrouw,32,Bachelor HBO/WO,neutraal,4. midden
7lkguFRx_T_dyp0D1g5sdg**,set_82,Man,71,Bachelor HBO/WO,Wel geinteresseerd,6. rechts
7lkguFRx_T_e5ZarNGRyTA**,set_93,Man,76,VMBO,Enigszins geinteresseerd,2. links
7lkguFRx_T_e5q8PnivkqA**,set_58,Man,46,MBO,Wel geinteresseerd,6. rechts
7lkguFRx_T_e7NJdfkQMfQ**,set_86,Vrouw,35,HAVO/VWO,Wel geinteresseerd,7. rechts
7lkguFRx_T_eAGP9STkMcw**,set_79,Man,36,Master HBO/WO,Wel geinteresseerd,6. rechts
7lkguFRx_T_eAv23ED9Zng**,set_112,Vrouw,49,MBO,Enigszins geinteresseerd,4. midden
7lkguFRx_T_eaAoZBeDpYw**,set_104,Vrouw,66,MBO,Wel geinteresseerd,4. midden
7lkguFRx_T_ebZENVC4wgw**,set_70,Man,75,Bachelor HBO/WO,Zeer geinteresseerd,6. rechts
7lkguFRx_T_eckxhk7EIeA**,set_1,Man,63,Master HBO/WO,Wel geinteresseerd,6. rechts
7lkguFRx_T_eh9_RlE4HIw**,set_22,Vrouw,48,Bachelor HBO/WO,Enigszins geinteresseerd,2. links
7lkguFRx_T_esacFC-LcCw**,set_85,Man,75,MBO,Enigszins niet geinteresseerd,4. midden
7lkguFRx_T_f3Gjrx3oAPw**,set_67,Man,62,Bachelor HBO/WO,Wel geinteresseerd,6. rechts
7lkguFRx_T_fC1Rtr3Dlsw**,set_17,Man,49,VMBO,Helemaal niet geinteresseerd,3. links
7lkguFRx_T_fMGb2bp3JvA**,set_14,Vrouw,43,MBO,Enigszins geinteresseerd,7. rechts
7lkguFRx_T_fSL_YCn1iiw**,set_113,Man,57,Bachelor HBO/WO,neutraal,5. rechts
7lkguFRx_T_fV27SqHTclw**,set_64,Man,80,Bachelor HBO/WO,Zeer geinteresseerd,6. rechts
7lkguFRx_T_fVB_vPUiGcg**,set_110,Man,49,Bachelor HBO/WO,Niet geintereseerd,3. links
7lkguFRx_T_f_ErIa_w6Yg**,set_103,Vrouw,59,HAVO/VWO,Enigszins geinteresseerd,5. rechts
7lkguFRx_T_fcZ_6j-oiiw**,set_11,Man,46,HAVO/VWO,neutraal,4. midden
7lkguFRx_T_fj0cnw61qsg**,set_97,Vrouw,55,MBO,neutraal,4. midden
7lkguFRx_T_fuA8MeWfIOg**,set_60,Man,58,Master HBO/WO,Zeer geinteresseerd,6. rechts
7lkguFRx_T_fxXNejgoBKQ**,set_5,Vrouw,70,VMBO,Enigszins geinteresseerd,6. rechts
7lkguFRx_T_g0J-traMOxw**,set_117,Vrouw,43,VMBO,Helemaal niet geinteresseerd,1. links
7lkguFRx_T_gFLCVbvQfCA**,set_95,Man,45,Bachelor HBO/WO,Enigszins niet geinteresseerd,3. links
7lkguFRx_T_gJbk4X_I7rQ**,set_22,Vrouw,32,MBO,Enigszins niet geinteresseerd,4. midden
7lkguFRx_T_gPIlnT26S2g**,set_107,Vrouw,66,HAVO/VWO,Enigszins geinteresseerd,5. rechts
7lkguFRx_T_gUPJTKZVpjA**,set_50,Vrouw,52,VMBO,Enigszins geinteresseerd,6. rechts
7lkguFRx_T_ggUSiIA_1IQ**,set_124,Vrouw,35,Master HBO/WO,neutraal,5. rechts
7lkguFRx_T_glCBBIUS2EA**,set_75,Vrouw,69,MBO,Wel geinteresseerd,5. rechts
7lkguFRx_T_guF_0UXiaJw**,set_3,Vrouw,54,VMBO,Enigszins geinteresseerd,6. rechts
7lkguFRx_T_gvB5ISypeVw**,set_105,Vrouw,57,VMBO,neutraal,6. rechts
7lkguFRx_T_hBzmG-REp-Q**,set_43,Man,31,MBO,Wel geinteresseerd,6. rechts
7lkguFRx_T_hLzm7-jzsLw**,set_16,Man,64,HAVO/VWO,Zeer geinteresseerd,6. rechts
7lkguFRx_T_hdzXyCaBdNg**,set_29,Man,45,HAVO/VWO,Wel geinteresseerd,5. rechts
7lkguFRx_T_hl989jPwZ_w**,set_87,Man,74,Master HBO/WO,Wel geinteresseerd,2. links
7lkguFRx_T_hrejH_y74KA**,set_25,Vrouw,32,MBO,Enigszins geinteresseerd,4. midden
7lkguFRx_T_husMfpR2-Uw**,set_98,Man,56,MBO,Wel geinteresseerd,4. midden
7lkguFRx_T_hw0NAvFFjIw**,set_33,Vrouw,22,VMBO,Niet geintereseerd,5. rechts
7lkguFRx_T_i0D42MQzL_A**,set_57,Vrouw,30,Master HBO/WO,Wel geinteresseerd,3. links
7lkguFRx_T_i8-SYSJO58g**,set_64,Man,51,MBO,neutraal,7. rechts
7lkguFRx_T_ib2k6KTNXzw**,set_82,Vrouw,18,VMBO,Enigszins geinteresseerd,4. midden
7lkguFRx_T_ibnUJEC9vxA**,set_90,Vrouw,30,Master HBO/WO,Niet geintereseerd,2. links
7lkguFRx_T_ieLQAVHqH2Q**,set_23,Vrouw,32,Master HBO/WO,Wel geinteresseerd,3. links
7lkguFRx_T_igSimKcF0aQ**,set_64,Man,72,Master HBO/WO,Zeer geinteresseerd,3. links
7lkguFRx_T_il0_P4Fw3tw**,set_95,Vrouw,55,MBO,Wel geinteresseerd,6. rechts
7lkguFRx_T_ipuODS1wL4A**,set_61,Man,39,Bachelor HBO/WO,Enigszins geinteresseerd,6. rechts
7lkguFRx_T_iyv3a_SOMZA**,set_91,Vrouw,61,MBO,neutraal,4. midden
7lkguFRx_T_j0UvObyUmgw**,set_108,Vrouw,38,MBO,Enigszins geinteresseerd,6. rechts
7lkguFRx_T_j61oyZQ5cug**,set_101,Vrouw,67,Basisonderwijs,Wel geinteresseerd,6. rechts
7lkguFRx_T_jBQ1feE3dag**,set_8,Man,58,HAVO/VWO,neutraal,4. midden
7lkguFRx_T_jQVuZJ1cSPw**,set_74,Vrouw,46,Master HBO/WO,Enigszins geinteresseerd,4. midden
7lkguFRx_T_jXyWBJY-dmw**,set_34,Man,68,Bachelor HBO/WO,Wel geinteresseerd,4. midden
7lkguFRx_T_jZh_e6sQHcQ**,set_60,Man,62,VMBO,Wel geinteresseerd,2. links
7lkguFRx_T_j_iLopY7Q0A**,set_2,Vrouw,37,Master HBO/WO,Wel geinteresseerd,5. rechts
7lkguFRx_T_jfZFdD4bLzA**,set_112,Vrouw,57,MBO,Niet geintereseerd,6. rechts
7lkguFRx_T_jh7FvXhcOeg**,set_20,Vrouw,28,Bachelor HBO/WO,Wel geinteresseerd,5. rechts
7lkguFRx_T_jn-DjLSMwrA**,set_49,Vrouw,74,VMBO,Wel geinteresseerd,6. rechts
7lkguFRx_T_jnbgmxedu4g**,set_50,Man,57,MBO,Zeer geinteresseerd,1. links
7lkguFRx_T_kECzcknBhGw**,set_94,Vrouw,52,Bachelor HBO/WO,Enigszins geinteresseerd,3. links
7lkguFRx_T_kEPv3gtELgA**,set_15,Vrouw,34,VMBO,Helemaal niet geinteresseerd,4. midden
7lkguFRx_T_kG3uaniHrpw**,set_101,Man,041,Bachelor HBO/WO,neutraal,3. links
7lkguFRx_T_kRRrd1xwHlA**,set_120,Vrouw,69,VMBO,Enigszins geinteresseerd,6. rechts
7lkguFRx_T_kZiKpKQStEw**,set_30,Vrouw,31,MBO,Enigszins geinteresseerd,7. rechts
7lkguFRx_T_ki60ERBsCNA**,set_97,Man,73,VMBO,Enigszins geinteresseerd,6. rechts
7lkguFRx_T_l8iM16IVFbg**,set_117,Man,72,MBO,Wel geinteresseerd,2. links
7lkguFRx_T_lCUdQdv4b0Q**,set_85,Man,58,MBO,Wel geinteresseerd,3. links
7lkguFRx_T_lPJEbm-Nmwg**,set_118,Vrouw,21,Basisonderwijs,Enigszins geinteresseerd,5. rechts
7lkguFRx_T_lV9a9RNQPSA**,set_10,Man,50,MBO,Wel geinteresseerd,5. rechts
7lkguFRx_T_m4ks9qBqa2Q**,set_63,Vrouw,50,Master HBO/WO,Wel geinteresseerd,5. rechts
7lkguFRx_T_mASFpFgGZkw**,set_113,Vrouw,64,MBO,neutraal,4. midden
7lkguFRx_T_mF6qm1nuf4w**,set_108,Man,61,Master HBO/WO,Enigszins geinteresseerd,3. links
7lkguFRx_T_mOQRuiC3SaQ**,set_79,Man,50,VMBO,Wel geinteresseerd,4. midden
7lkguFRx_T_mXMQS4fNhyQ**,set_111,Man,63,VMBO,Wel geinteresseerd,7. rechts
7lkguFRx_T_mdPB_kCaBlA**,set_118,Vrouw,54,MBO,Enigszins niet geinteresseerd,4. midden
7lkguFRx_T_n4Ck19vOrqQ**,set_20,Vrouw,26,MBO,Enigszins geinteresseerd,4. midden
7lkguFRx_T_nAmWS0NFUyg**,set_76,Vrouw,34,Bachelor HBO/WO,Enigszins geinteresseerd,6. rechts
7lkguFRx_T_nB2XpIgM3zA**,set_89,Man,69,Basisonderwijs,Wel geinteresseerd,6. rechts
7lkguFRx_T_nC9TbMFlg-g**,set_55,Vrouw,59,MBO,Wel geinteresseerd,5. rechts
7lkguFRx_T_nKcqeVfboqA**,set_91,Man,61,HAVO/VWO,Enigszins niet geinteresseerd,3. links
7lkguFRx_T_nUBPXvz2ifw**,set_42,Vrouw,58,MBO,Enigszins niet geinteresseerd,5. rechts
7lkguFRx_T_nX215IYJl1w**,set_92,Vrouw,53,Bachelor HBO/WO,Wel geinteresseerd,5. rechts
7lkguFRx_T_nXQC2kx6EGQ**,set_124,Man,80,MBO,Wel geinteresseerd,4. midden
7lkguFRx_T_n_SYa6JfDgQ**,set_48,Vrouw,19,Basisonderwijs,neutraal,5. rechts
7lkguFRx_T_nw4vNg7p_Pw**,set_117,Man,58,HAVO/VWO,neutraal,3. links
7lkguFRx_T_nzYG2s_p2ug**,set_99,Vrouw,51,MBO,Wel geinteresseerd,6. rechts
7lkguFRx_T_o9ELXqPPFbA**,set_99,Vrouw,66,VMBO,Enigszins geinteresseerd,2. links
7lkguFRx_T_oC1fFJrbOgw**,set_83,Vrouw,67,VMBO,Enigszins geinteresseerd,3. links
7lkguFRx_T_oJVJ17SJMwA**,set_26,Man,45,MBO,Wel geinteresseerd,6. rechts
7lkguFRx_T_oYyOWS4AEuQ**,set_113,Man,54,Master HBO/WO,Wel geinteresseerd,6. rechts
7lkguFRx_T_o_niHcMUQpQ**,set_95,Man,67,Master HBO/WO,Enigszins geinteresseerd,4. midden
7lkguFRx_T_ogUITFx2ahA**,set_114,Vrouw,38,Master HBO/WO,Enigszins geinteresseerd,6. rechts
7lkguFRx_T_oioWCg-vmOg**,set_10,Man,62,MBO,Enigszins geinteresseerd,6. rechts
7lkguFRx_T_okXwBWt_zYQ**,set_9,Vrouw,54,Bachelor HBO/WO,Wel geinteresseerd,2. links
7lkguFRx_T_ol-rbmDvvmA**,set_9,Vrouw,049,Master HBO/WO,Enigszins geinteresseerd,5. rechts
7lkguFRx_T_p6eB88DMUNg**,set_66,Vrouw,36,Bachelor HBO/WO,neutraal,1. links
7lkguFRx_T_p7j3xbgdcDw**,set_120,Vrouw,54,MBO,Enigszins geinteresseerd,1. links
7lkguFRx_T_pOWSPVGK3Mg**,set_73,Man,57,HAVO/VWO,neutraal,3. links
7lkguFRx_T_pmPEP77v6wA**,set_103,Man,77,Master HBO/WO,Zeer geinteresseerd,3. links
7lkguFRx_T_q0l5Pxhb5iQ**,set_71,Vrouw,50,MBO,Enigszins niet geinteresseerd,4. midden
7lkguFRx_T_q1v2RhZtU9Q**,set_76,Man,36,Master HBO/WO,Zeer geinteresseerd,7. rechts
7lkguFRx_T_q39sJl4k-qw**,set_4,Vrouw,78,Bachelor HBO/WO,Wel geinteresseerd,3. links
7lkguFRx_T_q4OXrtuMSeA**,set_121,Vrouw,21,HAVO/VWO,neutraal,2. links
7lkguFRx_T_q7a46gkAcfA**,set_74,Man,28,Master HBO/WO,Wel geinteresseerd,5. rechts
7lkguFRx_T_q89EMD2nSbg**,set_55,Man,21,Bachelor HBO/WO,Wel geinteresseerd,5. rechts
7lkguFRx_T_qMB8x61OV2g**,set_120,Vrouw,72,HAVO/VWO,Enigszins geinteresseerd,5. rechts
7lkguFRx_T_qm9_t2cJDXw**,set_30,Vrouw,68,Master HBO/WO,Enigszins geinteresseerd,5. rechts
7lkguFRx_T_qvByfOJmWZA**,set_12,Man,1981,MBO,neutraal,5. rechts
7lkguFRx_T_r-V4WwfItQw**,set_110,Man,58,Bachelor HBO/WO,Wel geinteresseerd,3. links
7lkguFRx_T_r7DsXWRfXKg**,set_22,Vrouw,25,VMBO,Enigszins geinteresseerd,6. rechts
7lkguFRx_T_rSCpsLgTs2w**,set_49,Vrouw,65,MBO,Enigszins geinteresseerd,2. links
7lkguFRx_T_rTgNz77QdZA**,set_38,Man,50,MBO,Enigszins geinteresseerd,3. links
7lkguFRx_T_rWwLqsE_FrA**,set_83,Man,69,HAVO/VWO,Enigszins geinteresseerd,4. midden
7lkguFRx_T_r_lXooMMMiw**,set_112,Man,42,Bachelor HBO/WO,neutraal,5. rechts
7lkguFRx_T_roTRtHhMWqg**,set_22,Man,67,Master HBO/WO,Wel geinteresseerd,5. rechts
7lkguFRx_T_rxR0r4cxKxw**,set_122,Vrouw,25,Basisonderwijs,Enigszins geinteresseerd,4. midden
7lkguFRx_T_s5GoiZuYthw**,set_120,Man,48,MBO,Wel geinteresseerd,6. rechts
7lkguFRx_T_sSuB-E1avRQ**,set_89,Vrouw,65,Bachelor HBO/WO,Wel geinteresseerd,1. links
7lkguFRx_T_sa1m05iYt3A**,set_115,Vrouw,44,MBO,Enigszins geinteresseerd,5. rechts
7lkguFRx_T_sb53VKY4LSQ**,set_111,Vrouw,36,Bachelor HBO/WO,Zeer geinteresseerd,4. midden
7lkguFRx_T_sfCpRyjxVPQ**,set_40,Vrouw,67,Bachelor HBO/WO,Zeer geinteresseerd,2. links
7lkguFRx_T_slQD1MZA4MQ**,set_64,Vrouw,44,Bachelor HBO/WO,Enigszins geinteresseerd,4. midden
7lkguFRx_T_t8kbJ1IqcOA**,set_107,Vrouw,59,MBO,Wel geinteresseerd,6. rechts
7lkguFRx_T_tDZn5W3oOjw**,set_18,Vrouw,33,MBO,neutraal,4. midden
7lkguFRx_T_tPNSMsF5vew**,set_49,Man,73,VMBO,Enigszins geinteresseerd,1. links
7lkguFRx_T_tWtp9SBqRYA**,set_52,Man,70,Master HBO/WO,Zeer geinteresseerd,5. rechts
7lkguFRx_T_tfn_gQ2bwYQ**,set_115,Vrouw,54,MBO,Wel geinteresseerd,6. rechts
7lkguFRx_T_trvE7A2Mk-A**,set_28,Man,65,MBO,Zeer geinteresseerd,6. rechts
7lkguFRx_T_tvpUtexLYlg**,set_56,Man,88,HAVO/VWO,Zeer geinteresseerd,6. rechts
7lkguFRx_T_u6njPP1FxbA**,set_49,Vrouw,56,MBO,Wel geinteresseerd,5. rechts
7lkguFRx_T_uEVL3XE9r6Q**,set_61,Man,32,MBO,Enigszins geinteresseerd,7. rechts
7lkguFRx_T_uG6yFPk3-9Q**,set_4,Man,72,MBO,Enigszins niet geinteresseerd,3. links
7lkguFRx_T_uLVatMV26PA**,set_81,Man,78,Bachelor HBO/WO,Wel geinteresseerd,4. midden
7lkguFRx_T_uPg3zCUtjNA**,set_95,Vrouw,22,Bachelor HBO/WO,Enigszins geinteresseerd,5. rechts
7lkguFRx_T_uQ2bf5BU6lQ**,set_13,Vrouw,22,HAVO/VWO,Enigszins geinteresseerd,3. links
7lkguFRx_T_uf_3wwqnWPw**,set_14,Man,60,VMBO,Zeer geinteresseerd,4. midden
7lkguFRx_T_un3FxSAb7ww**,set_51,Vrouw,59,Bachelor HBO/WO,Zeer geinteresseerd,2. links
7lkguFRx_T_utVfeHqwQIQ**,set_82,Man,57,MBO,Wel geinteresseerd,6. rechts
7lkguFRx_T_v2OsI9vjXYA**,set_18,Man,61,MBO,neutraal,6. rechts
7lkguFRx_T_vB03pUqkpEA**,set_1,Man,64,MBO,Wel geinteresseerd,7. rechts
7lkguFRx_T_vLTOPQUkzfg**,set_71,Vrouw,61,VMBO,Zeer geinteresseerd,4. midden
7lkguFRx_T_vU_QC-RPhSg**,set_103,Man,42,VMBO,Enigszins geinteresseerd,2. links
7lkguFRx_T_vVKeBfhrquQ**,set_98,Vrouw,53,MBO,Zeer geinteresseerd,4. midden
7lkguFRx_T_vYJnamUrX-g**,set_46,Man,59,MBO,neutraal,5. rechts
7lkguFRx_T_vgf3CGxWeEg**,set_51,Vrouw,48,Bachelor HBO/WO,Wel geinteresseerd,3. links
7lkguFRx_T_vhjijjDmDuA**,set_85,Man,70,MBO,Wel geinteresseerd,6. rechts
7lkguFRx_T_vtBotH8aX2A**,set_94,Vrouw,61,Master HBO/WO,Zeer geinteresseerd,4. midden
7lkguFRx_T_w4aAh8m-hjA**,set_58,Man,72,HAVO/VWO,Wel geinteresseerd,3. links
7lkguFRx_T_wOzr5L0Eg8Q**,set_122,Vrouw,26,Bachelor HBO/WO,Wel geinteresseerd,6. rechts
7lkguFRx_T_wVmI4swUKuw**,set_41,Man,21,HAVO/VWO,Wel geinteresseerd,7. rechts
7lkguFRx_T_w_gDmvKY-1w**,set_72,Man,44,VMBO,Enigszins geinteresseerd,4. midden
7lkguFRx_T_wf2ChteQ6FQ**,set_14,Vrouw,45,MBO,Enigszins niet geinteresseerd,4. midden
7lkguFRx_T_wkr0PoufWkg**,set_113,Man,52,Master HBO/WO,Wel geinteresseerd,3. links
7lkguFRx_T_wqeNWuFf4Ug**,set_9,Vrouw,25,MBO,neutraal,4. midden
7lkguFRx_T_wuYL5VfVPrw**,set_28,Vrouw,57,Bachelor HBO/WO,Enigszins geinteresseerd,2. links
7lkguFRx_T_x38YsiR406w**,set_114,Man,63,Bachelor HBO/WO,Wel geinteresseerd,6. rechts
7lkguFRx_T_xPQQ3MGKIcg**,set_119,Vrouw,48,MBO,Enigszins geinteresseerd,5. rechts
7lkguFRx_T_xTKjuRkG5zA**,set_103,Man,50,MBO,Enigszins niet geinteresseerd,6. rechts
7lkguFRx_T_xVQXhVi41gw**,set_24,Vrouw,71,MBO,Wel geinteresseerd,4. midden
7lkguFRx_T_xY4RF9IPxqg**,set_54,Vrouw,67,MBO,Enigszins geinteresseerd,6. rechts
7lkguFRx_T_xeYO2qEYlWg**,set_7,Vrouw,40,MBO,neutraal,3. links
7lkguFRx_T_xlzOmpaicAw**,set_16,Man,43,VMBO,Zeer geinteresseerd,7. rechts
7lkguFRx_T_y4ZRZgFYjjg**,set_91,Vrouw,57,Bachelor HBO/WO,Enigszins geinteresseerd,5. rechts
7lkguFRx_T_y6epBz4zjVw**,set_8,Vrouw,37,MBO,Wel geinteresseerd,6. rechts
7lkguFRx_T_yDoTZRyLUYA**,set_63,Vrouw,30,MBO,Wel geinteresseerd,5. rechts
7lkguFRx_T_yOtP3d5qCtQ**,set_10,Vrouw,33,MBO,Wel geinteresseerd,6. rechts
7lkguFRx_T_yR2C590zPLQ**,set_15,Man,45,HAVO/VWO,Enigszins geinteresseerd,4. midden
7lkguFRx_T_yRrgHYYi8Bg**,set_19,Vrouw,34,MBO,neutraal,4. midden
7lkguFRx_T_ySnreTbqgBw**,set_67,Man,47,MBO,Zeer geinteresseerd,7. rechts
7lkguFRx_T_ylHJ7Xg37Mw**,set_67,Vrouw,31,MBO,Enigszins niet geinteresseerd,3. links
7lkguFRx_T_ynt4MFNWj_A**,set_78,Man,48,MBO,Enigszins geinteresseerd,5. rechts
7lkguFRx_T_ywVuVRexhDA**,set_44,Man,65,MBO,Wel geinteresseerd,3. links
7lkguFRx_T_z9ak1I9vAdQ**,set_90,Man,64,VMBO,neutraal,5. rechts
7lkguFRx_T_zC7rbw7RcLw**,set_82,Vrouw,80,VMBO,Zeer geinteresseerd,5. rechts
7lkguFRx_T_zKdJbQ74fLQ**,set_88,Vrouw,70,VMBO,Enigszins geinteresseerd,3. links
7lkguFRx_T_zkWo1kh2l9w**,set_75,Man,33,Bachelor HBO/WO,Enigszins geinteresseerd,5. rechts
