coder_id,coder_label,jobset,done,total
12141," PSID_GOES_HERE",set_1,1,45
14582," 7lkguFRx_T_vB03pUqkpEA**",set_1,45,45
14971," 7lkguFRx_T8-Zm-7IYqTog**",set_1,45,45
15398," 7lkguFRx_T-A79Wj2EZtMg**",set_1,45,45
15734," 7lkguFRx_T-CVBzSbhkOYg**",set_1,45,45
15900," 7lkguFRx_T8wtk63E7dRYg**",set_1,45,45
16068," 7lkguFRx_T8hg370JewP5g**",set_1,45,45
16302," 7lkguFRx_T89xfN6PouEJA**",set_1,45,45
16468," 7lkguFRx_T_eckxhk7EIeA**",set_1,45,45
16594," 7lkguFRx_T8ldQJdEAbQUQ**",set_1,45,45
16719," 7lkguFRx_T8WncysWI8xUg**",set_1,5,45
16845," 7lkguFRx_T9v-FDW_GPxCQ**",set_1,45,45
16970," 7lkguFRx_T8vpl5czq1JKA**",set_1,7,45
17095," 7lkguFRx_T9uGbVBdF9pzg**",set_1,45,45
17220," 7lkguFRx_T-uJK-aNLn1Fg**",set_1,45,45
17345," 7lkguFRx_T-a2yn93uy2uA**",set_1,45,45
17470," 7lkguFRx_T-qM4rB3TSSyg**",set_1,45,45
17595," 7lkguFRx_T9odRJHUgegWg**",set_1,45,45
17720," 7lkguFRx_T_MOgmYkDDYcw**",set_1,45,45
17845," 7lkguFRx_T9nLi0rYb_XBA**",set_1,4,45
17970," 7lkguFRx_T9aQpWiiBy6rA**",set_1,45,45
18095," 7lkguFRx_T_Lu3GPxFGAGQ**",set_1,45,45
18220," 7lkguFRx_T8i1l6jgcODHQ**",set_1,45,45
12142," PSID_GOES_HERE",set_2,0,45
14583," 7lkguFRx_T-82U2kG-yfFw**",set_2,45,45
14972," 7lkguFRx_T8HI4JYc6tjJg**",set_2,45,45
15402," 7lkguFRx_T9JmFj4DPvNNA**",set_2,45,45
15735," 7lkguFRx_T8C_M1lrW5ymA**",set_2,45,45
15902," 7lkguFRx_T8lqtsTfMNH2g**",set_2,45,45
16069," 7lkguFRx_T9FXa0WMsuhgA**",set_2,45,45
16304," 7lkguFRx_T8VyzV38o3iFg**",set_2,45,45
16469," 7lkguFRx_T9ZXgbQMKnTnw**",set_2,45,45
16595," 7lkguFRx_T9cFsma5gZUyA**",set_2,45,45
16720," 7lkguFRx_T8F17cHWkRhtg**",set_2,4,45
16846," 7lkguFRx_T_j_iLopY7Q0A**",set_2,45,45
16971," 7lkguFRx_T-OzEdbo6_STQ**",set_2,2,45
17096," 7lkguFRx_T-3vW3wbYZQqA**",set_2,2,45
17221," 7lkguFRx_T-j5pRRhKz94A**",set_2,45,45
17346," 7lkguFRx_T948jXUH60B_g**",set_2,45,45
17471," 7lkguFRx_T_U8h0c1PQqbg**",set_2,45,45
17596," 7lkguFRx_T9FmEVE-3DYSA**",set_2,45,45
17721," 7lkguFRx_T-JucBVbbLRVQ**",set_2,45,45
17846," 7lkguFRx_T_amY_5xM8LDw**",set_2,45,45
17971," 7lkguFRx_T8jS31v5Nunvg**",set_2,45,45
18096," 7lkguFRx_T_Jw4lG7TSaog**",set_2,45,45
18221," 7lkguFRx_T_NrZ-clY-exw**",set_2,2,45
14211," 123",set_3,1,45
14584," 7lkguFRx_T-TesKgz7aKUw**",set_3,45,45
14973," 7lkguFRx_T_GKyNx6vkv1g**",set_3,45,45
15403," 7lkguFRx_T8fN8o4M6eNzA**",set_3,45,45
15737," 7lkguFRx_T93cg4N2rMWjg**",set_3,45,45
15904," 7lkguFRx_T87GLPay3cCww**",set_3,4,45
16070," 7lkguFRx_T-XRHMVc4X0Nw**",set_3,45,45
16305," 7lkguFRx_T9b0pHuw_F9Gw**",set_3,45,45
16471," 7lkguFRx_T-4s7dL83Ln4Q**",set_3,45,45
16596," 7lkguFRx_T_NtKqxbhFBOA**",set_3,10,45
16721," 7lkguFRx_T8lZjSxeGMnAA**",set_3,45,45
16847," 7lkguFRx_T_YSHJaafNhwA**",set_3,15,45
16972," 7lkguFRx_T_guF_0UXiaJw**",set_3,45,45
17097," 7lkguFRx_T9tu_0WBawD_w**",set_3,45,45
17222," 7lkguFRx_T93rPSeEwsBQQ**",set_3,4,45
17347," 7lkguFRx_T-62YM3TS3k6Q**",set_3,45,45
17472," 7lkguFRx_T-cj3OwUZ7mgg**",set_3,45,45
17597," 7lkguFRx_T9k2WKijTCSMw**",set_3,45,45
17722," 7lkguFRx_T_Qu_nebJvejQ**",set_3,45,45
17847," 7lkguFRx_T9ADS53aQzeug**",set_3,45,45
17972," 7lkguFRx_T-oSztntZH4jA**",set_3,3,45
18097," 7lkguFRx_T8MNXYtlPuc-w**",set_3,45,45
18222," 7lkguFRx_T-mqv-P6etxZw**",set_3,45,45
14212," PSID_GOES_HERE",set_4,1,45
14586," 7lkguFRx_T9DTavGmYaDQg**",set_4,3,45
14976," 7lkguFRx_T9lHQYJHJXPOA**",set_4,45,45
15405," 7lkguFRx_T-SBdQxt-H4GA**",set_4,45,45
15738," 7lkguFRx_T_Yyd5PXWy_Kg**",set_4,45,45
15907," 7lkguFRx_T_uG6yFPk3-9Q**",set_4,45,45
16071," 7lkguFRx_T9kgBoTf4szaQ**",set_4,45,45
16307," 7lkguFRx_T9Ez6tBdO336A**",set_4,4,45
16472," 7lkguFRx_T9BNBO-cHyr1w**",set_4,45,45
16597," 7lkguFRx_T--Payy0hOG9g**",set_4,45,45
16722," 7lkguFRx_T_K3Se7YEnG4g**",set_4,45,45
16848," 7lkguFRx_T_q39sJl4k-qw**",set_4,45,45
16973," 7lkguFRx_T9vCjpwIxQqGg**",set_4,45,45
17098," 7lkguFRx_T-Mzbg3hbjIxg**",set_4,45,45
17223," 7lkguFRx_T8b5gymmT0kjw**",set_4,45,45
17348," 7lkguFRx_T-3Z49t2h3T4Q**",set_4,45,45
17473," 7lkguFRx_T_CF_z5o7G4SA**",set_4,1,45
17598," 7lkguFRx_T9GufrQpPO0Xw**",set_4,3,45
17723," 7lkguFRx_T-eY8e4ieML_g**",set_4,45,45
17848," 7lkguFRx_T_0x6FUE5WdBw**",set_4,45,45
17973," 7lkguFRx_T-lsGNXrK53sQ**",set_4,45,45
18098," 7lkguFRx_T9YXAz8wnuRaQ**",set_4,5,45
18223," 7lkguFRx_T_dHE10aPfLUQ**",set_4,45,45
14213," PSID_GOES_HERE",set_5,0,45
14592," 7lkguFRx_T92BOVH9It8qg**",set_5,5,45
14977," 7lkguFRx_T81yqPZFlQ48Q**",set_5,2,45
15407," 7lkguFRx_T-FG7nrXXaQ1g**",set_5,45,45
15739," 7lkguFRx_T-oMAt7lARw7g**",set_5,45,45
15908," 7lkguFRx_T9kpeV0q97mwA**",set_5,45,45
16072," 7lkguFRx_T84xrzrTLfduA**",set_5,45,45
16308," 7lkguFRx_T9K6x7DFtdG7A**",set_5,45,45
16473," 7lkguFRx_T_4rbIMbRXPZw**",set_5,45,45
16598," 7lkguFRx_T9-1U-eSv6UXQ**",set_5,45,45
16723," 7lkguFRx_T_K3Se7YEnG4g**",set_5,45,45
16849," 7lkguFRx_T_fxXNejgoBKQ**",set_5,45,45
16974," 7lkguFRx_T-W_OVVbr0O6A**",set_5,45,45
17099," 7lkguFRx_T_0U5OIyBBv_A**",set_5,3,45
17224," 7lkguFRx_T-GX1GFMH2iJg**",set_5,45,45
17349," 7lkguFRx_T-eXzB8qFA9lA**",set_5,45,45
17474," 7lkguFRx_T-_7fgk5a6WrA**",set_5,4,45
17599," 7lkguFRx_T8zK1a8UgaTdA**",set_5,0,45
17724," 7lkguFRx_T8mqVCzDvCo6A**",set_5,45,45
17849," 7lkguFRx_T_BkZH5SGd2OA**",set_5,45,45
17974," 7lkguFRx_T-oIT-Ftmeo3A**",set_5,45,45
18099," 7lkguFRx_T-unEVNc6RfKw**",set_5,0,45
18224," 7lkguFRx_T9zbWNftFgxOg**",set_5,45,45
14251," 7lkguFRx_T85MxJuaJyuRg**",set_6,1,45
14594," 7lkguFRx_T_2E97Z1NLfkA**",set_6,45,45
14978," 7lkguFRx_T-dvNbslfkbeg**",set_6,45,45
15408," 7lkguFRx_T8sgaHxdnEoLQ**",set_6,3,45
15740," 7lkguFRx_T9ThjVPqL5RPA**",set_6,0,45
15911," 7lkguFRx_T-27LOC2G39bQ**",set_6,5,45
16073," 7lkguFRx_T-hqNXQdKH0qg**",set_6,45,45
16309," 7lkguFRx_T9lkrwr9jBGRA**",set_6,45,45
16474," 7lkguFRx_T9SQ4BMHkqj2A**",set_6,45,45
16599," 7lkguFRx_T_LvJZM3jlClQ**",set_6,45,45
16724," 7lkguFRx_T8q00tDgHHUtg**",set_6,45,45
16850," 7lkguFRx_T-a0IIn989EWw**",set_6,26,45
16975," 7lkguFRx_T8F_-Epb5MDqA**",set_6,45,45
17100," 7lkguFRx_T_VeSlAxBxBbw**",set_6,45,45
17225," 7lkguFRx_T8NlMhal6ANXg**",set_6,45,45
17350," 7lkguFRx_T9SfU4xQtHW-Q**",set_6,45,45
17475," 7lkguFRx_T-EhlwMD0uALg**",set_6,45,45
17600," 7lkguFRx_T8wrEdB-31-dQ**",set_6,45,45
17725," 7lkguFRx_T-kNPi6wE6IGA**",set_6,45,45
17850," 7lkguFRx_T_xLMUXOrI-cg**",set_6,0,45
17975," 7lkguFRx_T8XFXsccU6IJg**",set_6,45,45
18100," 7lkguFRx_T-J87-ofZeEVQ**",set_6,2,45
18225," 7lkguFRx_T-R4a6K5Ebx8g**",set_6,45,45
14254," 7lkguFRx_T_YGu9O-p6V2A**",set_7,45,45
14596," 7lkguFRx_T_meIJJB8xkFw**",set_7,1,45
14983," 7lkguFRx_T-bLTuiUuiZUA**",set_7,45,45
15410," 7lkguFRx_T8441lD_9S3Tg**",set_7,45,45
15741," 7lkguFRx_T9wadtNr69D1w**",set_7,45,45
15913," 7lkguFRx_T-14k2NpqWqHg**",set_7,45,45
16074," 7lkguFRx_T95MYFFaMx17g**",set_7,45,45
16311," 7lkguFRx_T-6ntl17vhseQ**",set_7,45,45
16475," 7lkguFRx_T-B5cblF5MqBw**",set_7,45,45
16600," 7lkguFRx_T90uaaIHhPBxg**",set_7,45,45
16725," 7lkguFRx_T-ilsG4WkLo0g**",set_7,45,45
16851," 7lkguFRx_T85cBv6X-uOCA**",set_7,45,45
16976," 7lkguFRx_T_xeYO2qEYlWg**",set_7,45,45
17101," 7lkguFRx_T-XMDLhbMzO7A**",set_7,45,45
17226," 7lkguFRx_T8GgHSzR2fFPw**",set_7,45,45
17351," 7lkguFRx_T8qCxJLFZ-TCA**",set_7,0,45
17476," 7lkguFRx_T_J8HdxMxN-Aw**",set_7,45,45
17601," 7lkguFRx_T8md6kHfUomwQ**",set_7,4,45
17726," 7lkguFRx_T9S7TQyAHnKGA**",set_7,45,45
17851," 7lkguFRx_T9qogVIa1J3WA**",set_7,1,45
17976," 7lkguFRx_T8vgsRlQITnIQ**",set_7,45,45
18101," 7lkguFRx_T-hyTBpKprYKg**",set_7,45,45
18226," 7lkguFRx_T881oeA6COcqg**",set_7,45,45
14267," 7lkguFRx_T9UvnK2iWEGMg**",set_8,2,45
14597," 7lkguFRx_T-VrcITcH8RSw**",set_8,45,45
14984," 7lkguFRx_T9Pgk8wQsaj_w**",set_8,45,45
15416," 7lkguFRx_T8B0h2x7Yy7XA**",set_8,45,45
15743," 7lkguFRx_T-s55srDJj8Zw**",set_8,45,45
15914," 7lkguFRx_T95CuNB_63EUg**",set_8,45,45
16075," 7lkguFRx_T8ZPN1fb7OVFg**",set_8,45,45
16314," 7lkguFRx_T92QKdox_YoXg**",set_8,1,45
16476," 7lkguFRx_T_y6epBz4zjVw**",set_8,45,45
16601," 7lkguFRx_T84KYMQck9vfw**",set_8,2,45
16726," 7lkguFRx_T_MGNV1xwoPhg**",set_8,0,45
16852," 7lkguFRx_T8LTMQG3vOOUQ**",set_8,2,45
16977," 7lkguFRx_T_f_V5dJb8kug**",set_8,3,45
17102," 7lkguFRx_T81rrettxloxw**",set_8,45,45
17227," 7lkguFRx_T8BEwJj9v_yWg**",set_8,45,45
17352," 7lkguFRx_T-KAHopS5ic3w**",set_8,45,45
17477," 7lkguFRx_T9WdeF1xp70rw**",set_8,45,45
17602," 7lkguFRx_T8uXms_lu19zA**",set_8,45,45
17727," 7lkguFRx_T_jBQ1feE3dag**",set_8,45,45
17852," 7lkguFRx_T8TSBC68z6CdA**",set_8,45,45
17977," 7lkguFRx_T_G73Tnoy0dgw**",set_8,45,45
18102," 7lkguFRx_T-RewNklFioTg**",set_8,45,45
18227," 7lkguFRx_T9Mi-WQHe_IIQ**",set_8,45,45
14270," 7lkguFRx_T_DV4e6KQDu1A**",set_9,45,45
14598," 7lkguFRx_T__4NquR-taPA**",set_9,45,45
14985," 7lkguFRx_T_ol-rbmDvvmA**",set_9,45,45
15419," 7lkguFRx_T8wPHSGp4lasg**",set_9,45,45
15744," 7lkguFRx_T9bWSy2MEpOHw**",set_9,0,45
15915," 7lkguFRx_T-TemC4R_Ch8w**",set_9,45,45
16076," 7lkguFRx_T-iF8yzvPXlFw**",set_9,45,45
16315," 7lkguFRx_T8ltg_0I_l5FQ**",set_9,45,45
16477," 7lkguFRx_T-SCjFloPLR5Q**",set_9,45,45
16602," 7lkguFRx_T8ejrFFYg5UAQ**",set_9,45,45
16727," 7lkguFRx_T_lwgCS-8MSjw**",set_9,1,45
16853," 7lkguFRx_T9WYYm6u2s9LQ**",set_9,45,45
16978," 7lkguFRx_T_wqeNWuFf4Ug**",set_9,45,45
17103," 7lkguFRx_T9FLROoP36BXQ**",set_9,6,45
17228," 7lkguFRx_T-_yN8BmIscbQ**",set_9,45,45
17353," 7lkguFRx_T9k1Zb-jwYDkQ**",set_9,0,45
17478," 7lkguFRx_T_aaR106xkeBA**",set_9,45,45
17603," 7lkguFRx_T_UtNTKqwJXHg**",set_9,45,45
17728," 7lkguFRx_T_okXwBWt_zYQ**",set_9,45,45
17853," 7lkguFRx_T92-Qw-fUX2IA**",set_9,45,45
17978," 7lkguFRx_T8UzpvTwIa9_g**",set_9,5,45
18103," 7lkguFRx_T9zMOLdxBk2aA**",set_9,45,45
18228," 7lkguFRx_T94BnOpqTN_ew**",set_9,45,45
14272," 7lkguFRx_T9Z7ZvPGQpd0Q**",set_10,45,45
14600," 7lkguFRx_T_yOtP3d5qCtQ**",set_10,45,45
14992," 7lkguFRx_T9DFKOtBt3Yyw**",set_10,45,45
15424," 7lkguFRx_T881Y5JQ9MUJA**",set_10,45,45
15745," 7lkguFRx_T_lV9a9RNQPSA**",set_10,45,45
15917," 7lkguFRx_T-PVTadIRKeNg**",set_10,45,45
16077," 7lkguFRx_T9PC-RPShJSzQ**",set_10,45,45
16317," 7lkguFRx_T91P8xjW-Sa3g**",set_10,42,45
16478," 7lkguFRx_T_1FH9ksTV4yg**",set_10,45,45
16603," 7lkguFRx_T9knBl_5iDLyg**",set_10,45,45
16728," 7lkguFRx_T9VYP8LU6_7xQ**",set_10,45,45
16854," 7lkguFRx_T_BRoZnJZUErg**",set_10,45,45
16979," 7lkguFRx_T_oioWCg-vmOg**",set_10,45,45
17104," 7lkguFRx_T_Kiirn_ASBVA**",set_10,45,45
17229," 7lkguFRx_T9VE0MpE388Rw**",set_10,45,45
17354," 7lkguFRx_T9nYRWeHKd08Q**",set_10,0,45
17479," 7lkguFRx_T_TLdS3-98PiQ**",set_10,45,45
17604," 7lkguFRx_T8GDlY6F9VsUw**",set_10,45,45
17729," 7lkguFRx_T8VsBtng9Q2Ig**",set_10,45,45
17854," 7lkguFRx_T--G0s9vGjz0g**",set_10,45,45
17979," 7lkguFRx_T82GwK72BE8Ww**",set_10,45,45
18104," 7lkguFRx_T_QZDft9iqYZw**",set_10,45,45
18229," 7lkguFRx_T-nRbtJ1VCATg**",set_10,45,45
14275," 7lkguFRx_T-Qqh5s18oT8A**",set_11,45,45
14603," 7lkguFRx_T_3yjMRXHYgmQ**",set_11,0,45
14995," 7lkguFRx_T_NsItHEOuzxw**",set_11,0,45
15426," 7lkguFRx_T8k-ZKc5sx8sw**",set_11,45,45
15746," 7lkguFRx_T_fcZ_6j-oiiw**",set_11,45,45
15919," 7lkguFRx_T8BA08whJOImQ**",set_11,45,45
16078," 7lkguFRx_T_10CH2zVjA_w**",set_11,45,45
16320," 7lkguFRx_T_PDouPB4rBQw**",set_11,2,45
16479," 7lkguFRx_T_K-51h7eeD-A**",set_11,45,45
16604," 7lkguFRx_T-UEumuyu6f0w**",set_11,45,45
16729," 7lkguFRx_T-_g_18u_kXeg**",set_11,45,45
16855," 7lkguFRx_T8FzD8KlVlUlA**",set_11,45,45
16980," 7lkguFRx_T9h11NpoSLx6Q**",set_11,45,45
17105," 7lkguFRx_T9-85kZsrHzFA**",set_11,45,45
17230," 7lkguFRx_T9rrn5RCMYQOw**",set_11,45,45
17355," 7lkguFRx_T-2bTMrDF-J0g**",set_11,45,45
17480," 7lkguFRx_T-MyolJx8lcxg**",set_11,45,45
17605," 7lkguFRx_T8n02NAdqhTjQ**",set_11,45,45
17730," 7lkguFRx_T-ydd_CcnvkqQ**",set_11,45,45
17855," 7lkguFRx_T_FLcc0PYNIXg**",set_11,4,45
17980," 7lkguFRx_T_2pb60_E_Tug**",set_11,4,45
18105," 7lkguFRx_T9X00zTxjozfg**",set_11,45,45
18230," 7lkguFRx_T_bxiWTOCzC3Q**",set_11,45,45
14280," 7lkguFRx_T8AZNjEFX6QQw**",set_12,45,45
14612," 7lkguFRx_T_qvByfOJmWZA**",set_12,45,45
14997," 7lkguFRx_T8XgwQqUCyc6Q**",set_12,5,45
15428," 7lkguFRx_T9BE5Ri4bbWsg**",set_12,45,45
15747," 7lkguFRx_T8gM4xm0g4lJg**",set_12,45,45
15920," 7lkguFRx_T-wNxBmBaAUdw**",set_12,45,45
16079," 7lkguFRx_T9_SklbVGnDPA**",set_12,45,45
16321," 7lkguFRx_T-d-jkFvES2kw**",set_12,45,45
16480," 7lkguFRx_T-iz48XTCFLKg**",set_12,45,45
16605," 7lkguFRx_T9d_avPLLhZKw**",set_12,1,45
16730," 7lkguFRx_T_2vPs_FxVkFQ**",set_12,45,45
16856," 7lkguFRx_T-cpeP6PJ1MRw**",set_12,5,45
16981," 7lkguFRx_T9_xoAmCgILog**",set_12,45,45
17106," 7lkguFRx_T-i9b2ZqXREtQ**",set_12,45,45
17231," 7lkguFRx_T-PHkIbUhrFNg**",set_12,45,45
17356," 7lkguFRx_T_QqZ5futZhyg**",set_12,45,45
17481," 7lkguFRx_T_IriPEsLNL_A**",set_12,45,45
17606," 7lkguFRx_T-5Jpbs3DwlTA**",set_12,45,45
17731," 7lkguFRx_T9y0OTFVqRtSQ**",set_12,0,45
17856," 7lkguFRx_T9o-JOOJTRZyQ**",set_12,30,45
17981," 7lkguFRx_T-fOtN0snq1gA**",set_12,37,45
18106," 7lkguFRx_T_Ye3IiME2khg**",set_12,45,45
18231," 7lkguFRx_T_UomcLa3SI7Q**",set_12,45,45
14283," 7lkguFRx_T8zir5AHhvTDQ**",set_13,45,45
14614," 7lkguFRx_T_ZL7VHqT-qBQ**",set_13,45,45
15009," 7lkguFRx_T9H-aN4HLjM1Q**",set_13,45,45
15433," 7lkguFRx_T9j3HHa078N9g**",set_13,45,45
15748," 7lkguFRx_T8q2drb9pyi7w**",set_13,45,45
15921," 7lkguFRx_T9CUGdzHp38uQ**",set_13,45,45
16080," 7lkguFRx_T9vt9PddZUPKg**",set_13,45,45
16328," 7lkguFRx_T_vaHrM131z-A**",set_13,5,45
16481," 7lkguFRx_T97OQXERQnzhQ**",set_13,45,45
16606," 7lkguFRx_T_PuEtBw8PCOA**",set_13,45,45
16731," 7lkguFRx_T8784RKNHje2A**",set_13,45,45
16857," 7lkguFRx_T_2uou6NQoszg**",set_13,45,45
16982," 7lkguFRx_T-RL-PoyJCx7g**",set_13,45,45
17107," 7lkguFRx_T9NjOvAHll5tQ**",set_13,45,45
17232," 7lkguFRx_T_YFn8UHX_mvw**",set_13,5,45
17357," 7lkguFRx_T-4JvyyiZYciw**",set_13,45,45
17482," 7lkguFRx_T8U9TTs0PAw7g**",set_13,45,45
17607," 7lkguFRx_T-1KNsxpVMScA**",set_13,45,45
17732," 7lkguFRx_T8nKQ37HRs34w**",set_13,45,45
17857," 7lkguFRx_T-443FByAS5qA**",set_13,45,45
17982," 7lkguFRx_T-xLS3Vx4-XyA**",set_13,45,45
18107," 7lkguFRx_T_uQ2bf5BU6lQ**",set_13,45,45
18232," 7lkguFRx_T9D-puS153-0Q**",set_13,45,45
14285," 7lkguFRx_T_62j6a-ijQ6g**",set_14,45,45
14622," 7lkguFRx_T-BiGyP9jsebQ**",set_14,45,45
15012," 7lkguFRx_T-TYJqE5QD-iQ**",set_14,45,45
15436," 7lkguFRx_T8bEUad4NarRQ**",set_14,45,45
15749," 7lkguFRx_T-HgF8eS7qqnA**",set_14,45,45
15925," 7lkguFRx_T9sSNERaBQ2gQ**",set_14,1,45
16081," 7lkguFRx_T_fMGb2bp3JvA**",set_14,45,45
16329," 7lkguFRx_T8AAjtgoFtRZg**",set_14,45,45
16482," 7lkguFRx_T-DGzq2tc2gRg**",set_14,45,45
16607," 7lkguFRx_T9g_Akr6sr3EA**",set_14,45,45
16732," 7lkguFRx_T-6s0Pu2P7WXA**",set_14,45,45
16858," 7lkguFRx_T9zOR6XxB8LJA**",set_14,1,45
16983," 7lkguFRx_T_QyN7gVRS48A**",set_14,45,45
17108," 7lkguFRx_T8721os6Jn44g**",set_14,45,45
17233," 7lkguFRx_T-qQve1QeLBYg**",set_14,45,45
17358," 7lkguFRx_T9BJqQ-SgmuGg**",set_14,45,45
17483," 7lkguFRx_T-gIMmQhuAhnA**",set_14,45,45
17608," 7lkguFRx_T9pCVYNVxe6tA**",set_14,45,45
17733," 7lkguFRx_T_uf_3wwqnWPw**",set_14,45,45
17858," 7lkguFRx_T975tNSL213TA**",set_14,45,45
17983," 7lkguFRx_T8pGnpHDnw_7g**",set_14,5,45
18108," 7lkguFRx_T_wf2ChteQ6FQ**",set_14,45,45
18233," 7lkguFRx_T8zKL9IcysLXA**",set_14,45,45
14286," 7lkguFRx_T8N2nPD9lUuLw**",set_15,45,45
14623," 7lkguFRx_T8JYqvKC7Bpbw**",set_15,45,45
15014," 7lkguFRx_T-bgBs4SDiAIQ**",set_15,4,45
15439," 7lkguFRx_T9dbgRGpqUJFg**",set_15,45,45
15750," 7lkguFRx_T9mdMbGRpO7KQ**",set_15,5,45
15927," 7lkguFRx_T800SdjKYWusQ**",set_15,45,45
16082," 7lkguFRx_T-EWTaVBDq0uA**",set_15,45,45
16330," 7lkguFRx_T_yR2C590zPLQ**",set_15,45,45
16483," 7lkguFRx_T8KiyRMAJHi2g**",set_15,45,45
16608," 7lkguFRx_T-jGwC-O7ku3g**",set_15,45,45
16733," 7lkguFRx_T-OkN4u0zH4Tw**",set_15,45,45
16859," 7lkguFRx_T_RMUgFmBBQNQ**",set_15,45,45
16984," 7lkguFRx_T-ZWcZBYrdo8A**",set_15,45,45
17109," 7lkguFRx_T_SteBH_iCX1w**",set_15,45,45
17234," 7lkguFRx_T88kJ7_8mZkEA**",set_15,45,45
17359," 7lkguFRx_T8fAgLDWZ70_Q**",set_15,45,45
17484," 7lkguFRx_T_kEPv3gtELgA**",set_15,45,45
17609," 7lkguFRx_T9Z7hmXGftinQ**",set_15,2,45
17734," 7lkguFRx_T_738oJBrI3wA**",set_15,45,45
17859," 7lkguFRx_T-ZHkByVF-JQA**",set_15,45,45
17984," 7lkguFRx_T9HjRlJHXHs8g**",set_15,45,45
18109," 7lkguFRx_T9cLYpQpzT2ug**",set_15,5,45
18234," 7lkguFRx_T-zkQrwGmR0Wg**",set_15,45,45
14290," 7lkguFRx_T-q-uJoTKfjyw**",set_16,45,45
14634," 7lkguFRx_T9c4g6PlEGWfQ**",set_16,45,45
15019," 7lkguFRx_T-6KtlKdfZ_8A**",set_16,45,45
15441," 7lkguFRx_T_xlzOmpaicAw**",set_16,45,45
15751," 7lkguFRx_T_YgOGrKAVF4A**",set_16,1,45
15929," 7lkguFRx_T_de-LSJ8st8g**",set_16,45,45
16083," 7lkguFRx_T_GeMdbNLIUIw**",set_16,45,45
16331," 7lkguFRx_T_hLzm7-jzsLw**",set_16,45,45
16484," 7lkguFRx_T9WPW_dhGFU2A**",set_16,2,45
16609," 7lkguFRx_T-y8buFZGsooA**",set_16,45,45
16734," 7lkguFRx_T9P0fzfPysDXw**",set_16,0,45
16860," 7lkguFRx_T9T0YWK_LCVhw**",set_16,0,45
16985," 7lkguFRx_T8VNshgPC_Khg**",set_16,45,45
17110," 7lkguFRx_T_3KYyvN6OAIA**",set_16,45,45
17235," 7lkguFRx_T_JmNDs87S6uQ**",set_16,15,45
17360," 7lkguFRx_T_BLU99yjPvmQ**",set_16,25,45
17485," 7lkguFRx_T8h7dsYjCp5Tw**",set_16,45,45
17610," 7lkguFRx_T-xBUorbt-jVQ**",set_16,45,45
17735," 7lkguFRx_T8Tgu3c6M3h9Q**",set_16,45,45
17860," 7lkguFRx_T-AJsnlHHjzkA**",set_16,45,45
17985," 7lkguFRx_T853SudZlfrvw**",set_16,45,45
18110," 7lkguFRx_T8vf3mWAl7Peg**",set_16,4,45
18235," 7lkguFRx_T9hWdLIe4QFrA**",set_16,6,45
14293," 7lkguFRx_T-Ra4G8GdlN4Q**",set_17,2,45
14637," 7lkguFRx_T_G2GzU7lGsxA**",set_17,45,45
15021," 7lkguFRx_T-3_ZhLDpLw-A**",set_17,5,45
15442," 7lkguFRx_T9aJCuMnourag**",set_17,45,45
15752," 7lkguFRx_T8kMmbg_JD_6A**",set_17,45,45
15931," 7lkguFRx_T9J02nUUAHkMA**",set_17,45,45
16084," 7lkguFRx_T-LNHJ1E4N1sw**",set_17,45,45
16332," 7lkguFRx_T82cc5RLTZpmw**",set_17,45,45
16485," 7lkguFRx_T_8ImsNlTBdEA**",set_17,11,45
16610," 7lkguFRx_T9fx6DHELaTWw**",set_17,45,45
16735," 7lkguFRx_T98ibzWXC-VrQ**",set_17,45,45
16861," 7lkguFRx_T-6uYgh6BCiFw**",set_17,2,45
16986," 7lkguFRx_T9vlLYC94qr-w**",set_17,45,45
17111," 7lkguFRx_T9dQmD7TrZ0tw**",set_17,0,45
17236," 7lkguFRx_T8PHS3sarmxuw**",set_17,45,45
17361," 7lkguFRx_T8hGeeKXMpPVw**",set_17,0,45
17486," 7lkguFRx_T_fC1Rtr3Dlsw**",set_17,45,45
17611," 7lkguFRx_T-RpqMwqheRAA**",set_17,45,45
17736," 7lkguFRx_T8Nmbe9ioMuGg**",set_17,45,45
17861," 7lkguFRx_T_9wL2xwMirIQ**",set_17,45,45
17986," 7lkguFRx_T_-htpky9Z91g**",set_17,45,45
18111," 7lkguFRx_T_PJe_0lpWI-A**",set_17,0,45
18236," 7lkguFRx_T_bd2aVCVFjnQ**",set_17,45,45
14309," 7lkguFRx_T_ODyvfmXiV2A**",set_18,45,45
14641," 7lkguFRx_T-ne5zGESMR8Q**",set_18,45,45
15023," 7lkguFRx_T8o_UkQwlD_Pw**",set_18,45,45
15443," 7lkguFRx_T8UsTyM901PTQ**",set_18,1,45
15753," 7lkguFRx_T-hLo0Q6aMLSQ**",set_18,45,45
15932," 7lkguFRx_T_v2OsI9vjXYA**",set_18,45,45
16086," 7lkguFRx_T_EsXE3kHlcwg**",set_18,45,45
16333," 7lkguFRx_T-G_LdZ8YGM4w**",set_18,2,45
16486," 7lkguFRx_T-grOAizHBayw**",set_18,45,45
16611," 7lkguFRx_T_UiLFTNU8ynw**",set_18,45,45
16736," 7lkguFRx_T_tDZn5W3oOjw**",set_18,45,45
16862," 7lkguFRx_T8sMcyk_aO1oA**",set_18,45,45
16987," 7lkguFRx_T_729Iy0YU-_A**",set_18,45,45
17112," 7lkguFRx_T86qTMOBbdLtw**",set_18,45,45
17237," 7lkguFRx_T_NtawrtU9bHA**",set_18,45,45
17362," 7lkguFRx_T_NGJYd2IaRsA**",set_18,45,45
17487," 7lkguFRx_T8GQDMrpaROFA**",set_18,45,45
17612," 7lkguFRx_T-THP5VfZtVjQ**",set_18,45,45
17737," 7lkguFRx_T_Gri9DznOxoA**",set_18,45,45
17862," 7lkguFRx_T8DNg48Nob-pg**",set_18,11,45
17987," 7lkguFRx_T8LNO7ATOtpIA**",set_18,45,45
18112," 7lkguFRx_T_LVN46LLb5Mw**",set_18,45,45
18237," 7lkguFRx_T8Y6J9qC-zaNA**",set_18,45,45
14315," 7lkguFRx_T8IhZY9zP33wA**",set_19,45,45
14647," 7lkguFRx_T-F-z7oMfYG1Q**",set_19,45,45
15024," 7lkguFRx_T_VFcgzqBNbIA**",set_19,45,45
15449," 7lkguFRx_T9A4uptONXfuQ**",set_19,45,45
15754," 7lkguFRx_T_RpnG5X6Pa7Q**",set_19,45,45
15934," 7lkguFRx_T_XIqqywxHl3A**",set_19,45,45
16087," 7lkguFRx_T9BJEJFxptdXw**",set_19,45,45
16334," 7lkguFRx_T-w-e924Ay9PA**",set_19,45,45
16487," 7lkguFRx_T-3GytrxNZ_SA**",set_19,45,45
16612," 7lkguFRx_T_yRrgHYYi8Bg**",set_19,45,45
16737," 7lkguFRx_T8tmGLOlAhOSA**",set_19,45,45
16863," 7lkguFRx_T_IomBEOkJ-Hw**",set_19,45,45
16988," 7lkguFRx_T_dnVlgqOTQcQ**",set_19,45,45
17113," 7lkguFRx_T9s6ywH4Q5m3A**",set_19,45,45
17238," 7lkguFRx_T9T11Ff3Mx6Pw**",set_19,0,45
17363," 7lkguFRx_T9Z8NEvzQS9Pw**",set_19,45,45
17488," 7lkguFRx_T8Ol_AAjZb1bA**",set_19,45,45
17613," 7lkguFRx_T_NMxutIEh9vw**",set_19,45,45
17738," 7lkguFRx_T_SY2pfOfFujw**",set_19,45,45
17863," 7lkguFRx_T-fNnAwyw5tEQ**",set_19,45,45
17988," 7lkguFRx_T87hxjGbUAyqg**",set_19,19,45
18113," 7lkguFRx_T9O_Ahuq86kcg**",set_19,0,45
18238," 7lkguFRx_T_VoMeYzxflWw**",set_19,37,45
14318," 7lkguFRx_T8D8blPJKZytg**",set_20,15,45
14655," 7lkguFRx_T-LDPBpmPrhKw**",set_20,45,45
15028," 7lkguFRx_T_jh7FvXhcOeg**",set_20,45,45
15455," 7lkguFRx_T-WvsbHS3PxjQ**",set_20,29,45
15755," 7lkguFRx_T_PfKOJFqB28g**",set_20,45,45
15935," 7lkguFRx_T9IMPuTdnWSjQ**",set_20,1,45
16088," 7lkguFRx_T-oIO5rFb6Hnw**",set_20,45,45
16339," 7lkguFRx_T-7S42-IrFPQw**",set_20,45,45
16488," 7lkguFRx_T-4BnKcDi0_jA**",set_20,45,45
16613," 7lkguFRx_T-iznYzlvulpw**",set_20,45,45
16738," 7lkguFRx_T80EZ-ZIFhJAg**",set_20,45,45
16864," 7lkguFRx_T8FP4V2Twvypg**",set_20,45,45
16989," 7lkguFRx_T_hvrm_PlnSrA**",set_20,3,45
17114," 7lkguFRx_T_O0mFxEXlf1g**",set_20,2,45
17239," 7lkguFRx_T8Eq3hcibLCCw**",set_20,45,45
17364," 7lkguFRx_T-gXXa_AhuUDQ**",set_20,45,45
17489," 7lkguFRx_T9BGsNG8NBrZA**",set_20,45,45
17614," 7lkguFRx_T-4PJTGhsOhvA**",set_20,45,45
17739," 7lkguFRx_T-Qfo7HrLTMsA**",set_20,45,45
17864," 7lkguFRx_T83dvSJTnoJ1A**",set_20,45,45
17989," 7lkguFRx_T_TsZzfX_jEwA**",set_20,45,45
18114," 7lkguFRx_T_n4Ck19vOrqQ**",set_20,45,45
18239," 7lkguFRx_T8vsMRWYNgF4w**",set_20,45,45
14319," 7lkguFRx_T9HBhkp2W-ECw**",set_21,45,45
14658," 7lkguFRx_T8awjH4O7l-kQ**",set_21,45,45
15029," 7lkguFRx_T8iFdzF70iHYw**",set_21,1,45
15457," 7lkguFRx_T8xnBWHhsyFhA**",set_21,1,45
15756," 7lkguFRx_T_4UcIEzYP5Vw**",set_21,45,45
15939," 7lkguFRx_T8Y-oHqz5ymNQ**",set_21,0,45
16089," 7lkguFRx_T_Pizgy0OsCrg**",set_21,45,45
16340," 7lkguFRx_T8dKnpvZdfFpw**",set_21,45,45
16489," 7lkguFRx_T-toz5PCuDa7A**",set_21,0,45
16614," 7lkguFRx_T-xZNyBSWS3jA**",set_21,3,45
16739," 7lkguFRx_T-CGijaoU5W8Q**",set_21,45,45
16865," 7lkguFRx_T8ll5uRcRyAjg**",set_21,2,45
16990," 7lkguFRx_T-Ss9BGNGxQdQ**",set_21,45,45
17115," 7lkguFRx_T9_MrjOchpkkg**",set_21,0,45
17240," 7lkguFRx_T-Dv69SW8PgPQ**",set_21,45,45
17365," 7lkguFRx_T8NBXIq_1-u6Q**",set_21,10,45
17490," 7lkguFRx_T9j8Oi9cSWoRw**",set_21,45,45
17615," 7lkguFRx_T-NJBlUyGrv8w**",set_21,45,45
17740," 7lkguFRx_T8IxMCOaae7ug**",set_21,1,45
17865," 7lkguFRx_T9nmZ5EYnMVrQ**",set_21,45,45
17990," 7lkguFRx_T-iA_5dUDnmRw**",set_21,45,45
18115," 7lkguFRx_T-amXr89Srsyg**",set_21,45,45
18240," 7lkguFRx_T_dvHOH4zmGVw**",set_21,45,45
14321," 7lkguFRx_T9K16dWK4jCmw**",set_22,45,45
14659," 7lkguFRx_T8EbK5FZ_qC1Q**",set_22,45,45
15030," 7lkguFRx_T9vTkF5zpYUxQ**",set_22,45,45
15460," 7lkguFRx_T8nghUVCVY5YQ**",set_22,3,45
15757," 7lkguFRx_T8GAQKAITHVKA**",set_22,45,45
15940," 7lkguFRx_T-GSp7-NKujig**",set_22,45,45
16090," 7lkguFRx_T9p7CG4yurkYA**",set_22,45,45
16341," 7lkguFRx_T8lqHuorP-FnQ**",set_22,45,45
16490," 7lkguFRx_T-b_oRqJawAHg**",set_22,45,45
16615," 7lkguFRx_T82wZOtDfhBZw**",set_22,45,45
16740," 7lkguFRx_T8giynANeDBNQ**",set_22,45,45
16866," 7lkguFRx_T83oxKGsvZtdw**",set_22,45,45
16991," 7lkguFRx_T-ndc9ntfTAuQ**",set_22,18,45
17116," 7lkguFRx_T_eh9_RlE4HIw**",set_22,45,45
17241," 7lkguFRx_T-mL9wcn3-wRQ**",set_22,45,45
17366," 7lkguFRx_T__PN_B1ATmWQ**",set_22,45,45
17491," 7lkguFRx_T8lkGMIgvGNDQ**",set_22,45,45
17616," 7lkguFRx_T_roTRtHhMWqg**",set_22,45,45
17741," 7lkguFRx_T9NS3n6dH1RNw**",set_22,9,45
17866," 7lkguFRx_T-FHqdu3Lk0cg**",set_22,45,45
17991," 7lkguFRx_T_r7DsXWRfXKg**",set_22,45,45
18116," 7lkguFRx_T_67P-NmByltA**",set_22,45,45
18241," 7lkguFRx_T_gJbk4X_I7rQ**",set_22,45,45
14323," 7lkguFRx_T-b84stI7ipqA**",set_23,45,45
14662," 7lkguFRx_T8Zs3rAGFPGpQ**",set_23,45,45
15034," 7lkguFRx_T8n7wD8ytDu-w**",set_23,2,45
15464," 7lkguFRx_T_3b1syIEEIwA**",set_23,1,45
15758," 7lkguFRx_T966KayopCEOg**",set_23,0,45
15942," 7lkguFRx_T9UOLylsBn-vw**",set_23,45,45
16091," 7lkguFRx_T_ieLQAVHqH2Q**",set_23,45,45
16342," 7lkguFRx_T_jb9qwNOJtfQ**",set_23,5,45
16491," 7lkguFRx_T_9-cT2PD8krA**",set_23,18,45
16616," 7lkguFRx_T95Vh0odhOpnw**",set_23,45,45
16741," 7lkguFRx_T8LuzxcOEV7-g**",set_23,45,45
16867," 7lkguFRx_T-XGNN1L6dzNQ**",set_23,45,45
16992," 7lkguFRx_T-ASBMhbNglYw**",set_23,4,45
17117," 7lkguFRx_T-bv48BtwjcMA**",set_23,45,45
17242," 7lkguFRx_T9fPc38yZu26w**",set_23,45,45
17367," 7lkguFRx_T8EoqtPNf9UnQ**",set_23,45,45
17492," 7lkguFRx_T9p-bWeniR4pQ**",set_23,45,45
17617," 7lkguFRx_T_2Hd-NJBUlOg**",set_23,2,45
17742," 7lkguFRx_T8CUxTYx-wGgg**",set_23,45,45
17867," 7lkguFRx_T-A2Sz9n0_Upg**",set_23,0,45
17992," 7lkguFRx_T9mumdWJk6vDA**",set_23,45,45
18117," 7lkguFRx_T8Vk19cJL-gYg**",set_23,45,45
18242," 7lkguFRx_T-BhgOlyiRRqw**",set_23,45,45
14325," 7lkguFRx_T8S7tBp8NqVUw**",set_24,45,45
14664," 7lkguFRx_T9H2kxH2nGXQw**",set_24,45,45
15038," 7lkguFRx_T_1fJJJU0_K7Q**",set_24,45,45
15477," 7lkguFRx_T8KoB9BoDpr7w**",set_24,45,45
15759," 7lkguFRx_T_Z3nN9dtnJLQ**",set_24,45,45
15943," 7lkguFRx_T-U89mQ5mEz3g**",set_24,0,45
16092," 7lkguFRx_T8Dj_6uapWdGw**",set_24,45,45
16343," 7lkguFRx_T-7jSOAiFX_5Q**",set_24,2,45
16492," 7lkguFRx_T8R6wiASOTUwA**",set_24,45,45
16617," 7lkguFRx_T8Ho47mRKA3jQ**",set_24,45,45
16742," 7lkguFRx_T9pb1m6cBsPLQ**",set_24,45,45
16868," 7lkguFRx_T_4WcqLZy5siA**",set_24,0,45
16993," 7lkguFRx_T9bNDXw5dwtQw**",set_24,0,45
17118," 7lkguFRx_T_xVQXhVi41gw**",set_24,45,45
17243," 7lkguFRx_T9_IF9UyE0_bw**",set_24,45,45
17368," 7lkguFRx_T9CFFi-AYtyjg**",set_24,2,45
17493," 7lkguFRx_T_ZFlWBd6EjuA**",set_24,45,45
17618," 7lkguFRx_T_9KuG_9OAN5g**",set_24,45,45
17743," 7lkguFRx_T_Wg8Yth_5C_Q**",set_24,45,45
17868," 7lkguFRx_T9KzDYXbKnWow**",set_24,45,45
17993," 7lkguFRx_T_36feEeCDbgA**",set_24,45,45
18118," 7lkguFRx_T-hqt7k7PXYow**",set_24,45,45
18243," 7lkguFRx_T-BhgOlyiRRqw**",set_24,0,45
14334," 7lkguFRx_T_rD7O98VDYhw**",set_25,0,45
14672," 7lkguFRx_T-LB5_6ewgrHA**",set_25,45,45
15040," 7lkguFRx_T_JlLGvHIFCqA**",set_25,0,45
15483," 7lkguFRx_T_ZXsyupgC78A**",set_25,45,45
15760," 7lkguFRx_T9odtW5taaiSw**",set_25,45,45
15946," 7lkguFRx_T-W9vPVomc6kQ**",set_25,45,45
16093," 7lkguFRx_T9pPvBSBBv2UA**",set_25,1,45
16345," 7lkguFRx_T9uiDwz4eAzHw**",set_25,45,45
16493," 7lkguFRx_T8gYx4mnwCRZg**",set_25,2,45
16618," 7lkguFRx_T_E_e9qjvLBLw**",set_25,45,45
16743," 7lkguFRx_T-jGuakvD3SSw**",set_25,7,45
16869," 7lkguFRx_T8EcuWsCMr5fA**",set_25,45,45
16994," 7lkguFRx_T9biqmhbJzWqg**",set_25,45,45
17119," 7lkguFRx_T88PmGJ0nKVIg**",set_25,45,45
17244," 7lkguFRx_T_YrmKEuh3e5w**",set_25,45,45
17369," 7lkguFRx_T_hrejH_y74KA**",set_25,45,45
17494," 7lkguFRx_T-2ZLrqKqMYvA**",set_25,45,45
17619," 7lkguFRx_T87dJ8WOkWFCQ**",set_25,45,45
17744," 7lkguFRx_T9Jvh9Yw666Cg**",set_25,45,45
17869," 7lkguFRx_T9uMKYoxQDOmQ**",set_25,45,45
17994," 7lkguFRx_T9znlx-n2Cnqg**",set_25,45,45
18119," 7lkguFRx_T9C6E2lwv2RyA**",set_25,45,45
18244," 7lkguFRx_T81b1upPHnZTg**",set_25,45,45
14337," 7lkguFRx_T92y4G3TjqE8Q**",set_26,45,45
14673," 7lkguFRx_T-iwatB19JLWQ**",set_26,1,45
15043," 7lkguFRx_T_VeGF_yrDIuw**",set_26,45,45
15488," 7lkguFRx_T_Pvc_dt_FsPw**",set_26,45,45
15761," 7lkguFRx_T8Tj8lYLgCbfA**",set_26,0,45
15948," 7lkguFRx_T-Gu2K_YobV_Q**",set_26,45,45
16094," 7lkguFRx_T_bUf_eD5OtEg**",set_26,4,45
16351," 7lkguFRx_T8OhCroxriGew**",set_26,2,45
16494," 7lkguFRx_T_VBHnB7YFcjA**",set_26,45,45
16619," 7lkguFRx_T_jjoe8eLK6cg**",set_26,2,45
16744," 7lkguFRx_T9Z-sDdeTcLWg**",set_26,45,45
16870," 7lkguFRx_T_P6OLKj9yB6w**",set_26,45,45
16995," 7lkguFRx_T9CCI4iTszodg**",set_26,45,45
17120," 7lkguFRx_T_oJVJ17SJMwA**",set_26,45,45
17245," 7lkguFRx_T97840mrZjQCw**",set_26,45,45
17370," 7lkguFRx_T-05YjDdDxUtA**",set_26,45,45
17495," 7lkguFRx_T8nWqd9p_B6sQ**",set_26,45,45
17620," 7lkguFRx_T8ARCe0X-jCpQ**",set_26,1,45
17745," 7lkguFRx_T-EHVGpQQsuJQ**",set_26,45,45
17870," 7lkguFRx_T8HVJPLuc96OA**",set_26,45,45
17995," 7lkguFRx_T96A4NfFR_Oew**",set_26,45,45
18120," 7lkguFRx_T-LhQ8QKKYK3Q**",set_26,45,45
18245," 7lkguFRx_T8vESWAZWNPfg**",set_26,11,45
14339," 7lkguFRx_T86rm0bL1X8Pw**",set_27,45,45
14675," 7lkguFRx_T_qrR2iSi7RmA**",set_27,4,45
15048," 7lkguFRx_T9AHnYm10oC3A**",set_27,45,45
15489," 7lkguFRx_T9khwlpfkTwxQ**",set_27,0,45
15763," 7lkguFRx_T88JiP_nuNfng**",set_27,45,45
15949," 7lkguFRx_T8rts7BYe7mRA**",set_27,5,45
16095," 7lkguFRx_T-Iq4hziXsLsw**",set_27,1,45
16354," 7lkguFRx_T_CUOsMuvfuIQ**",set_27,45,45
16495," 7lkguFRx_T8U9ARj0uUUrg**",set_27,45,45
16620," 7lkguFRx_T_a7CYyBHTdxg**",set_27,0,45
16745," 7lkguFRx_T_jnoXFcjHARw**",set_27,21,45
16871," 7lkguFRx_T_FTEXaRuEuuQ**",set_27,45,45
16996," 7lkguFRx_T951OiITinH9w**",set_27,45,45
17121," 7lkguFRx_T-wv8GuQaBRuQ**",set_27,45,45
17246," 7lkguFRx_T841Vw54VkkHQ**",set_27,2,45
17371," 7lkguFRx_T8ZcZlHDlI9uw**",set_27,45,45
17496," 7lkguFRx_T_EAZ1D1rIeqQ**",set_27,45,45
17621," 7lkguFRx_T-s1xWbzO61ZQ**",set_27,45,45
17746," 7lkguFRx_T85YI_UOWg7Ng**",set_27,45,45
17871," 7lkguFRx_T_Eixff-iu_4g**",set_27,13,45
17996," 7lkguFRx_T9eBCEtSpH_xw**",set_27,45,45
18121," 7lkguFRx_T8DPGiolPjKLw**",set_27,45,45
18246," 7lkguFRx_T9TdkRNscg9Xg**",set_27,45,45
14341," 7lkguFRx_T-A1OEhft1wdQ**",set_28,45,45
14677," 7lkguFRx_T_trvE7A2Mk-A**",set_28,45,45
15049," 7lkguFRx_T9yi8PQZLiStw**",set_28,45,45
15497," 7lkguFRx_T-4wRZYIEu3Ag**",set_28,45,45
15764," 7lkguFRx_T8YKSJtQINQCg**",set_28,45,45
15950," 7lkguFRx_T9n5_FDXnBtwA**",set_28,0,45
16096," 7lkguFRx_T8Vm__jEqZx-g**",set_28,45,45
16356," 7lkguFRx_T9BMSl7U6S6Ew**",set_28,45,45
16496," 7lkguFRx_T9K9fWZlYCRuA**",set_28,45,45
16621," 7lkguFRx_T9mEgURm8ki5g**",set_28,45,45
16746," 7lkguFRx_T8UbRD8hTAcww**",set_28,45,45
16872," 7lkguFRx_T-dmuxHnI5WSQ**",set_28,45,45
16997," 7lkguFRx_T9Lsp3JEgEvJw**",set_28,45,45
17122," 7lkguFRx_T_HlAzXSj-JpA**",set_28,2,45
17247," 7lkguFRx_T_9rKxaLzlspQ**",set_28,45,45
17372," 7lkguFRx_T8VM1wFXYDHpg**",set_28,45,45
17497," 7lkguFRx_T-E0PcT4LBavg**",set_28,45,45
17622," 7lkguFRx_T9fs1CzFYREnQ**",set_28,45,45
17747," 7lkguFRx_T_urA5uqkw8GQ**",set_28,1,45
17872," 7lkguFRx_T-QZDwKGutf7A**",set_28,45,45
17997," 7lkguFRx_T_wuYL5VfVPrw**",set_28,45,45
18122," 7lkguFRx_T8hyCfFKnw0nw**",set_28,45,45
18247," 7lkguFRx_T9zUxIWjAavuQ**",set_28,45,45
14346," 7lkguFRx_T_hdzXyCaBdNg**",set_29,45,45
14686," 7lkguFRx_T8XwkWdhzE-Iw**",set_29,4,45
15061," 7lkguFRx_T-O6x4NUDxj4Q**",set_29,9,45
15504," 7lkguFRx_T8e4Mm3jHhgrw**",set_29,2,45
15765," 7lkguFRx_T_3awvJG57xPQ**",set_29,45,45
15951," 7lkguFRx_T9cj1A9x_LRUA**",set_29,45,45
16097," 7lkguFRx_T--G-88WGHxLQ**",set_29,45,45
16357," 7lkguFRx_T9Pzo2gYoETTg**",set_29,45,45
16497," 7lkguFRx_T8kRgkd1m3jFQ**",set_29,45,45
16622," 7lkguFRx_T9aBC35JtMOAw**",set_29,2,45
16747," 7lkguFRx_T-hOE4uMvjcag**",set_29,45,45
16873," 7lkguFRx_T8uKf_7OGE1XA**",set_29,45,45
16998," 7lkguFRx_T-vejRRs-ZUuA**",set_29,45,45
17123," 7lkguFRx_T-bIGAghgKm0g**",set_29,45,45
17248," 7lkguFRx_T9QgjpIVExeRQ**",set_29,45,45
17373," 7lkguFRx_T89EQJSUIamnw**",set_29,45,45
17498," 7lkguFRx_T-Y4XHY27iyHg**",set_29,45,45
17623," 7lkguFRx_T8YGfXQq_igTQ**",set_29,45,45
17748," 7lkguFRx_T9IUfGryrIf1g**",set_29,45,45
17873," 7lkguFRx_T8VuQlJKRuqiQ**",set_29,45,45
17998," 7lkguFRx_T_4-V2k7sDEBw**",set_29,45,45
18123," 7lkguFRx_T8YhEqNkb-y5w**",set_29,45,45
18248," 7lkguFRx_T9GEA42Pz-fxA**",set_29,45,45
14349," 7lkguFRx_T9DFO1-VM2C4Q**",set_30,1,45
14688," 7lkguFRx_T9Fo24otndxuQ**",set_30,45,45
15062," 7lkguFRx_T-cEDGmpxdxZQ**",set_30,45,45
15507," 7lkguFRx_T_bOn0flxOLCQ**",set_30,45,45
15766," 7lkguFRx_T9LqwRKE7d5rQ**",set_30,45,45
15952," 7lkguFRx_T93gKYMwpy9VA**",set_30,45,45
16098," 7lkguFRx_T_qm9_t2cJDXw**",set_30,45,45
16358," 7lkguFRx_T_8uo_M7Yf3jw**",set_30,45,45
16498," 7lkguFRx_T9X9ADQ1MX7gA**",set_30,45,45
16623," 7lkguFRx_T8sZZrgFa1aDw**",set_30,4,45
16748," 7lkguFRx_T9Nv5xfAWpedw**",set_30,45,45
16874," 7lkguFRx_T_EUal0ahummg**",set_30,0,45
16999," 7lkguFRx_T--ZErDHoN6cw**",set_30,4,45
17124," 7lkguFRx_T9Z-h3JcoZCSg**",set_30,45,45
17249," 7lkguFRx_T-ins4C7wth6w**",set_30,45,45
17374," 7lkguFRx_T-sqsh-ZzUkTg**",set_30,45,45
17499," 7lkguFRx_T-aGevA_bQhMw**",set_30,45,45
17624," 7lkguFRx_T9TkyjgpfNZug**",set_30,45,45
17749," 7lkguFRx_T_253V-yVo98w**",set_30,45,45
17874," 7lkguFRx_T9vGOr_i1BtzQ**",set_30,45,45
17999," 7lkguFRx_T8gqBWzWQ44_Q**",set_30,45,45
18124," 7lkguFRx_T8SNnT9gHHhzg**",set_30,12,45
18249," 7lkguFRx_T_kZiKpKQStEw**",set_30,45,45
14350," 7lkguFRx_T8Ui4wPcGEYZw**",set_31,45,45
14694," 7lkguFRx_T_fnhsJT1HNSg**",set_31,0,45
15063," 7lkguFRx_T8r2ZSytSw7xw**",set_31,45,45
15508," 7lkguFRx_T8fSWXo07iyqg**",set_31,2,45
15768," 7lkguFRx_T-449FK5kipfQ**",set_31,2,45
15953," 7lkguFRx_T92ZJei4Bio6g**",set_31,45,45
16099," 7lkguFRx_T-rx4uK_kUKDg**",set_31,45,45
16359," 7lkguFRx_T9JlktEyBrFAw**",set_31,45,45
16499," 7lkguFRx_T-NSoZzHlhmIw**",set_31,45,45
16624," 7lkguFRx_T8vpQGreMz3Fw**",set_31,5,45
16749," 7lkguFRx_T_amRjEOBqsOg**",set_31,45,45
16875," 7lkguFRx_T8yB0dS7dsXPg**",set_31,45,45
17000," 7lkguFRx_T-iUG7jflTmnw**",set_31,45,45
17125," 7lkguFRx_T-mNOdAN599HQ**",set_31,45,45
17250," 7lkguFRx_T9QuGiejSZMLQ**",set_31,4,45
17375," 7lkguFRx_T8Cqza9SXn6FQ**",set_31,45,45
17500," 7lkguFRx_T8z9yOQNlbtkA**",set_31,45,45
17625," 7lkguFRx_T9P14CIubdF2g**",set_31,1,45
17750," 7lkguFRx_T_R3HQUIl8C8g**",set_31,45,45
17875," 7lkguFRx_T-vV2oDfFoodg**",set_31,45,45
18000," 7lkguFRx_T_K7YTjaCixMA**",set_31,0,45
18125," 7lkguFRx_T-lsk98XPaJKw**",set_31,45,45
18250," 7lkguFRx_T85bwsvrpInBg**",set_31,4,45
14352," 7lkguFRx_T9PHIxw7Kq-Bg**",set_32,45,45
14697," 7lkguFRx_T-TxYzE01d9xA**",set_32,1,45
15066," 7lkguFRx_T9n3Cr9Frv0wQ**",set_32,45,45
15513," 7lkguFRx_T-xYPdvPHeB9A**",set_32,45,45
15769," 7lkguFRx_T8iKleygdPCYQ**",set_32,45,45
15954," 7lkguFRx_T-TdooHY8KExQ**",set_32,45,45
16100," 7lkguFRx_T9xPO-wPugL-g**",set_32,45,45
16360," 7lkguFRx_T94O0nIl5VpMg**",set_32,45,45
16500," 7lkguFRx_T-FVMs_z9FdAg**",set_32,45,45
16625," 7lkguFRx_T_dLrpae3hFAw**",set_32,9,45
16750," 7lkguFRx_T-WLtlyphAKrw**",set_32,45,45
16876," 7lkguFRx_T_IQbARwB8ndQ**",set_32,45,45
17001," 7lkguFRx_T83Esc1dhpOzg**",set_32,45,45
17126," 7lkguFRx_T-mNOdAN599HQ**",set_32,0,45
17251," 7lkguFRx_T-FNXHqf9ljUw**",set_32,1,45
17376," 7lkguFRx_T9A_TIcOEhWbQ**",set_32,45,45
17501," 7lkguFRx_T91skKm3FSV3w**",set_32,45,45
17626," 7lkguFRx_T8SiKS6D0jsBw**",set_32,45,45
17751," 7lkguFRx_T92YmcNhx7jsA**",set_32,45,45
17876," 7lkguFRx_T_awsn54JoxzA**",set_32,45,45
18001," 7lkguFRx_T-yOolTClPqRg**",set_32,45,45
18126," 7lkguFRx_T-h0Lun4_8AQw**",set_32,4,45
18251," 7lkguFRx_T-6_xnm4Tjcrw**",set_32,45,45
14353," 7lkguFRx_T9JFdk8Ls99Ew**",set_33,4,45
14698," 7lkguFRx_T_dIkliym66RQ**",set_33,1,45
15070," 7lkguFRx_T9iahevcIF4Eg**",set_33,0,45
15518," 7lkguFRx_T_5gZ_wVCaoQw**",set_33,22,45
15771," 7lkguFRx_T8OGzJ7RxANHw**",set_33,45,45
15956," 7lkguFRx_T_2NBrlEBFIMw**",set_33,45,45
16101," 7lkguFRx_T8TTKbp-huGpg**",set_33,45,45
16361," 7lkguFRx_T-arkoh_qw3-A**",set_33,45,45
16501," 7lkguFRx_T9wJPmtX3000A**",set_33,45,45
16626," 7lkguFRx_T9PMWhuQEDbFA**",set_33,5,45
16751," 7lkguFRx_T8BQMegSyfy6A**",set_33,45,45
16877," 7lkguFRx_T8qJK8otQY9ZQ**",set_33,45,45
17002," 7lkguFRx_T-4Pp5qklEWqA**",set_33,45,45
17127," 7lkguFRx_T_1zS9KGgTlUw**",set_33,45,45
17252," 7lkguFRx_T9Y_-JbcX-Xkw**",set_33,45,45
17377," 7lkguFRx_T_80oHr59XbcA**",set_33,45,45
17502," 7lkguFRx_T8v6tYcGc0MJg**",set_33,45,45
17627," 7lkguFRx_T-vS16he0HFqw**",set_33,45,45
17752," 7lkguFRx_T_hw0NAvFFjIw**",set_33,45,45
17877," 7lkguFRx_T-vf0XsU-D6eg**",set_33,45,45
18002," 7lkguFRx_T-sXuSvFr3POw**",set_33,45,45
18127," 7lkguFRx_T-ZBsJ2Rx_DZg**",set_33,2,45
18252," 7lkguFRx_T8g06BkqNlFXg**",set_33,45,45
14360," 7lkguFRx_T-VaRvBsMElHw**",set_34,7,45
12085," z.lin@uva.nl",set_34,0,45
15074," 7lkguFRx_T8vd-T75sA34w**",set_34,45,45
15520," 7lkguFRx_T8uA1FOgvk_2Q**",set_34,45,45
15773," 7lkguFRx_T-38tzHSIogSQ**",set_34,45,45
15957," 7lkguFRx_T_J-x_h7qcOTA**",set_34,45,45
16102," 7lkguFRx_T_3SgcUhuM_0g**",set_34,2,45
16362," 7lkguFRx_T_jXyWBJY-dmw**",set_34,45,45
16502," 7lkguFRx_T-GP5duYBarHA**",set_34,45,45
16627," 7lkguFRx_T9OZr13xFYAvA**",set_34,45,45
16752," 7lkguFRx_T8dwop1T3ygtA**",set_34,1,45
16878," 7lkguFRx_T8aDOo7wpkkzw**",set_34,45,45
17003," 7lkguFRx_T-kDBgOq8BTCg**",set_34,45,45
17128," 7lkguFRx_T9SYEe2RZqCNA**",set_34,45,45
17253," 7lkguFRx_T9RQJI-uH4Pxw**",set_34,45,45
17378," 7lkguFRx_T_6V2UWJbggZw**",set_34,45,45
17503," 7lkguFRx_T-oDtmRJYAynw**",set_34,45,45
17628," 7lkguFRx_T8gMKhL2b5Opw**",set_34,5,45
17753," 7lkguFRx_T8iivRSFe-xtw**",set_34,45,45
17878," 7lkguFRx_T_HU825FaPeew**",set_34,45,45
18003," 7lkguFRx_T_MO6InhXaS4w**",set_34,45,45
18128," 7lkguFRx_T-te8xHVsWZvQ**",set_34,45,45
18253," 7lkguFRx_T8Stl_pBh4kQA**",set_34,45,45
14366," 7lkguFRx_T-wcaPE1Y5zWw**",set_35,45,45
14709," 7lkguFRx_T9wznVHLrV9hg**",set_35,10,45
15077," 7lkguFRx_T_JWJSMsJXztg**",set_35,2,45
15521," 7lkguFRx_T9p4ZiIOJy5NA**",set_35,45,45
15774," 7lkguFRx_T9M4NSfSU57OA**",set_35,45,45
15959," 7lkguFRx_T8jFrh4gvSdGQ**",set_35,45,45
16103," 7lkguFRx_T_GKoOCp699ow**",set_35,45,45
16363," 7lkguFRx_T9X8SSElB9wgQ**",set_35,45,45
16503," 7lkguFRx_T8Cf2_azOj4lQ**",set_35,45,45
16628," 7lkguFRx_T8uYhOVIfyt8Q**",set_35,45,45
16753," 7lkguFRx_T-CoG6az5WzcQ**",set_35,45,45
16879," 7lkguFRx_T8c3fBuWdg5bg**",set_35,0,45
17004," 7lkguFRx_T-TfgUqhoZRIg**",set_35,45,45
17129," 7lkguFRx_T8Fl-y0vrg73g**",set_35,45,45
17254," 7lkguFRx_T8NJ9bw6qGT4A**",set_35,45,45
17379," 7lkguFRx_T8FIRazmxTk-g**",set_35,45,45
17504," 7lkguFRx_T_rXLbBRYvQ9g**",set_35,4,45
17629," 7lkguFRx_T9sSdzBydwySw**",set_35,45,45
17754," 7lkguFRx_T_5a8sgVyEr4Q**",set_35,45,45
17879," 7lkguFRx_T9xqfXbFuUkcg**",set_35,23,45
18004," 7lkguFRx_T8oAo4bhCQWXw**",set_35,45,45
18129," 7lkguFRx_T9Kxgoanfe8kw**",set_35,45,45
18254," 7lkguFRx_T-_n33OXDFYCA**",set_35,5,45
14367," 7lkguFRx_T-5kH4p0aE-_g**",set_36,20,45
14712," 7lkguFRx_T95mSDwtcuJoQ**",set_36,45,45
15080," 7lkguFRx_T-g13wQjny_Xw**",set_36,45,45
15522," 7lkguFRx_T8v3ZvXTzuq6Q**",set_36,45,45
15775," 7lkguFRx_T8sk9ax2JGNnQ**",set_36,45,45
15960," 7lkguFRx_T-TK5nxBYVQTg**",set_36,45,45
16104," 7lkguFRx_T9dUB5VfHyNiA**",set_36,45,45
16364," 7lkguFRx_T-XRYKBR_NM9g**",set_36,45,45
16504," 7lkguFRx_T88su3RXZ10fw**",set_36,45,45
16629," 7lkguFRx_T9v5jVt-pzfcg**",set_36,45,45
16754," 7lkguFRx_T9YZlczTDYkIg**",set_36,45,45
16880," 7lkguFRx_T89nMNSbunLGA**",set_36,45,45
17005," 7lkguFRx_T_CNKxhfK0CgA**",set_36,2,45
17130," 7lkguFRx_T85oZgendQpYw**",set_36,45,45
17255," 7lkguFRx_T8fE22JWVHE2g**",set_36,45,45
17380," 7lkguFRx_T_71Z5k5uJ-KA**",set_36,45,45
17505," 7lkguFRx_T8JMp5YczrOSA**",set_36,45,45
17630," 7lkguFRx_T9NY2WxQOIihg**",set_36,45,45
17755," 7lkguFRx_T-9qINhJcjf1w**",set_36,0,45
17880," 7lkguFRx_T-Qk5nkS-zftA**",set_36,45,45
18005," 7lkguFRx_T-47NNYxiwa_g**",set_36,45,45
18130," 7lkguFRx_T9ZUs00fn7oAg**",set_36,41,45
18255," 7lkguFRx_T-TLHjZ2WXNOA**",set_36,45,45
14368," 7lkguFRx_T9MECfYQNVhcA**",set_37,45,45
14714," 7lkguFRx_T9fd_taV8Qpmw**",set_37,45,45
15082," 7lkguFRx_T8SxkBcVrAjFg**",set_37,4,45
15527," 7lkguFRx_T-baYyzoKwCtg**",set_37,45,45
15776," 7lkguFRx_T8MLamjVLijTg**",set_37,15,45
15961," 7lkguFRx_T_ITVJ7gwmm4g**",set_37,45,45
16105," 7lkguFRx_T8JBJXsdSoELw**",set_37,45,45
16366," 7lkguFRx_T-PImuplEys5g**",set_37,5,45
16505," 7lkguFRx_T8zOuy6ginxww**",set_37,45,45
16630," 7lkguFRx_T8y8id33YY7JQ**",set_37,45,45
16755," 7lkguFRx_T80Eq5_6CRqXg**",set_37,4,45
16881," 7lkguFRx_T9Zi1rHhd3iPQ**",set_37,45,45
17006," 7lkguFRx_T8Dls-oKB1plA**",set_37,4,45
17131," 7lkguFRx_T83Ol09y0Z2Og**",set_37,2,45
17256," 7lkguFRx_T_8YL2gXV1Snw**",set_37,45,45
17381," 7lkguFRx_T_ZdyYNXFyCzQ**",set_37,45,45
17506," 7lkguFRx_T9PT8tU0HB9Rg**",set_37,45,45
17631," 7lkguFRx_T8RJ9Ctu-7nrg**",set_37,45,45
17756," 7lkguFRx_T_9iYeIwbw5Rg**",set_37,45,45
17881," 7lkguFRx_T9M4UMgFhkmBQ**",set_37,45,45
18006," 7lkguFRx_T_XC-IKdtiVpQ**",set_37,4,45
18131," 7lkguFRx_T9soGO8Fqt9rg**",set_37,45,45
18256," 7lkguFRx_T9ae5W-KdvVYQ**",set_37,45,45
14372," 7lkguFRx_T8UvzgksCWvGQ**",set_38,45,45
14716," 7lkguFRx_T8kmgtihgd19g**",set_38,45,45
15083," 7lkguFRx_T9xqk-2DRQwKg**",set_38,45,45
15530," 7lkguFRx_T-ko7Nn3kNi5Q**",set_38,45,45
15778," 7lkguFRx_T9F5F28Y8ZRww**",set_38,45,45
15964," 7lkguFRx_T_-aFMBZU_aCg**",set_38,45,45
16106," 7lkguFRx_T9H7aTMCpshuw**",set_38,45,45
16368," 7lkguFRx_T9wa8IRLw67TQ**",set_38,45,45
16506," 7lkguFRx_T_rTgNz77QdZA**",set_38,45,45
16631," 7lkguFRx_T9N-uSgxWoFWw**",set_38,45,45
16756," 7lkguFRx_T9S1mcZ9SpyfA**",set_38,45,45
16882," 7lkguFRx_T-yEkjhG9rlew**",set_38,45,45
17007," 7lkguFRx_T8yGCuJMxrjCA**",set_38,7,45
17132," 7lkguFRx_T_hFgjZgs_-0Q**",set_38,2,45
17257," 7lkguFRx_T85of5-YXEfdA**",set_38,26,45
17382," 7lkguFRx_T9-716eio0bbQ**",set_38,45,45
17507," 7lkguFRx_T84iOYIBRmaEg**",set_38,45,45
17632," 7lkguFRx_T-gxYITOay4Uw**",set_38,45,45
17757," 7lkguFRx_T-VjAYOZrLzEQ**",set_38,45,45
17882," 7lkguFRx_T_xkyfEV5kPPQ**",set_38,0,45
18007," 7lkguFRx_T8oNHd_1QnsCg**",set_38,45,45
18132," 7lkguFRx_T-3F2MdjlFvbg**",set_38,45,45
18257," 7lkguFRx_T-yzjcNVI80fQ**",set_38,45,45
14373," 7lkguFRx_T9N2WlcoFs40g**",set_39,45,45
14717," 7lkguFRx_T_dYGcw7Dd_Bg**",set_39,45,45
15084," 7lkguFRx_T8feaNpxqGE0Q**",set_39,2,45
15534," 7lkguFRx_T-4vSHDDQI00Q**",set_39,45,45
15780," 7lkguFRx_T9VQ09Q3-YH4w**",set_39,45,45
15965," 7lkguFRx_T8OPrcrsmCTMQ**",set_39,45,45
16107," 7lkguFRx_T9Vm8Krcb_xLg**",set_39,45,45
16369," 7lkguFRx_T--Pn4VI3c3rg**",set_39,45,45
16507," 7lkguFRx_T_FokrlfTVqMg**",set_39,45,45
16632," 7lkguFRx_T-3H8Fg3aq48Q**",set_39,45,45
16757," 7lkguFRx_T9b0eG61l2noA**",set_39,45,45
16883," 7lkguFRx_T9mvAqCO6TT9Q**",set_39,45,45
17008," 7lkguFRx_T_7nkTh93OyFA**",set_39,2,45
17133," 7lkguFRx_T8C-fZas1Pn-A**",set_39,45,45
17258," 7lkguFRx_T_PXWi_7Oadmg**",set_39,45,45
17383," 7lkguFRx_T_ZowfdJDYBfA**",set_39,45,45
17508," 7lkguFRx_T8Z2N5EAsY1JQ**",set_39,45,45
17633," 7lkguFRx_T9jeR0tBLPIKA**",set_39,45,45
17758," 7lkguFRx_T9UIaEq9CCGRQ**",set_39,45,45
17883," 7lkguFRx_T9sPikkbNBizw**",set_39,45,45
18008," 7lkguFRx_T_F6Nts1cE7CQ**",set_39,45,45
18133," 7lkguFRx_T_GxiqwH-U-hA**",set_39,0,45
18258," 7lkguFRx_T8SnwOHN9V9CA**",set_39,45,45
14374," 7lkguFRx_T_5TqF53uviSQ**",set_40,45,45
14723," 7lkguFRx_T_YBbBkqmnd2g**",set_40,45,45
15085," 7lkguFRx_T_AqyB8tbc2og**",set_40,4,45
15537," 7lkguFRx_T_Aohr3W4vewA**",set_40,45,45
15781," 7lkguFRx_T8w_apbJ7h0PQ**",set_40,45,45
15966," 7lkguFRx_T_qmymRkXgutA**",set_40,4,45
16108," 7lkguFRx_T922sBvaqCkGg**",set_40,45,45
16370," 7lkguFRx_T_Xn-W4ut7DJQ**",set_40,45,45
16508," 7lkguFRx_T9pn5WKYU5sFw**",set_40,45,45
16633," 7lkguFRx_T-fjWHXb1nWTg**",set_40,45,45
16758," 7lkguFRx_T8dAX7yLFPrSQ**",set_40,45,45
16884," 7lkguFRx_T8LX5besAoypg**",set_40,45,45
17009," 7lkguFRx_T_sfCpRyjxVPQ**",set_40,45,45
17134," 7lkguFRx_T_Aq4GavJw_Bw**",set_40,45,45
17259," 7lkguFRx_T-AhMEGem4yPA**",set_40,45,45
17384," 7lkguFRx_T-LNxxTi9ZDqw**",set_40,45,45
17509," 7lkguFRx_T8sIJ9_2IBnbQ**",set_40,45,45
17634," 7lkguFRx_T8fxd_h2hlcTQ**",set_40,45,45
17759," 7lkguFRx_T__pz7Hr0j6lQ**",set_40,45,45
17884," 7lkguFRx_T80iGKcwMFENg**",set_40,45,45
18009," 7lkguFRx_T__dUnlZrPRYw**",set_40,45,45
18134," 7lkguFRx_T9bmeUWY_bKiA**",set_40,45,45
18259," 7lkguFRx_T-LBhos1BWaPw**",set_40,45,45
14375," 7lkguFRx_T_OCqcvjZy3hw**",set_41,45,45
14725," 7lkguFRx_T92z2JOwI8ueg**",set_41,45,45
15087," 7lkguFRx_T-FTyPH_Skt7g**",set_41,0,45
15546," 7lkguFRx_T8MJAPzBZzJrw**",set_41,45,45
15782," 7lkguFRx_T_8mhhOrcBwVw**",set_41,45,45
15967," 7lkguFRx_T9sHU4ZNwpZAA**",set_41,4,45
16109," 7lkguFRx_T-9ebymGFMn4A**",set_41,45,45
16371," 7lkguFRx_T-TO7mxpVOQ4w**",set_41,2,45
16509," 7lkguFRx_T8cqHuoyRjqjw**",set_41,45,45
16634," 7lkguFRx_T8fWyh0xRIyYA**",set_41,45,45
16759," 7lkguFRx_T_Ys5MAvEGWhA**",set_41,45,45
16885," 7lkguFRx_T_wVmI4swUKuw**",set_41,45,45
17010," 7lkguFRx_T9gWlZRMCI4-g**",set_41,45,45
17135," 7lkguFRx_T8TRyhMRrxYzA**",set_41,2,45
17260," 7lkguFRx_T-3kOH9i8i7KQ**",set_41,45,45
17385," 7lkguFRx_T_4TWpsabcHHQ**",set_41,45,45
17510," 7lkguFRx_T9CsCOIB8IPfw**",set_41,45,45
17635," 7lkguFRx_T-XH9qX2CWfig**",set_41,45,45
17760," 7lkguFRx_T_f2-T91wmllQ**",set_41,0,45
17885," 7lkguFRx_T8A5F5EW1VSeg**",set_41,45,45
18010," 7lkguFRx_T97ByBRcX3CDg**",set_41,45,45
18135," 7lkguFRx_T_pC8PzfO5AxA**",set_41,32,45
18260," 7lkguFRx_T-iSPuyH4uFjA**",set_41,3,45
14377," 7lkguFRx_T8yugXKuwLGOA**",set_42,16,45
14727," 7lkguFRx_T8n5O13O7kcDQ**",set_42,2,45
15090," 7lkguFRx_T_r9GlpwBF-0Q**",set_42,4,45
15548," 7lkguFRx_T_H6g0sOOwbew**",set_42,45,45
15784," 7lkguFRx_T_hra09tkAcOw**",set_42,2,45
15968," 7lkguFRx_T-clJHzfrRrdg**",set_42,45,45
16110," 7lkguFRx_T-T2FOdgYaQOg**",set_42,1,45
16372," 7lkguFRx_T9bjc8Z3ohpBg**",set_42,45,45
16510," 7lkguFRx_T9vF6kC4Km7mQ**",set_42,4,45
16635," 7lkguFRx_T-iDDxIqlVjMQ**",set_42,16,45
16760," 7lkguFRx_T8wa5pXht0YSA**",set_42,45,45
16886," 7lkguFRx_T8f5Pp_RevQjw**",set_42,4,45
17011," 7lkguFRx_T-ywToB1K-m6A**",set_42,45,45
17136," 7lkguFRx_T_xRL3fhVO7GA**",set_42,0,45
17261," 7lkguFRx_T9kVc0xmnKKGg**",set_42,45,45
17386," 7lkguFRx_T-1vStn0714fw**",set_42,45,45
17511," 7lkguFRx_T9mbwKi2MxQdg**",set_42,45,45
17636," 7lkguFRx_T80ar5p_AvrGw**",set_42,0,45
17761," 7lkguFRx_T-hFnjiCNhjFg**",set_42,45,45
17886," 7lkguFRx_T_nUBPXvz2ifw**",set_42,45,45
18011," 7lkguFRx_T8PRoBQ9CZi6Q**",set_42,45,45
18136," 7lkguFRx_T9xanomf2_SiQ**",set_42,45,45
18261," 7lkguFRx_T_4XTnnIB8I7w**",set_42,45,45
14378," 7lkguFRx_T9AOtY92vN6Sw**",set_43,45,45
14729," 7lkguFRx_T8v_yZo_HZr-A**",set_43,45,45
15092," 7lkguFRx_T9hIT18vB1SiA**",set_43,45,45
15551," 7lkguFRx_T9hS73j2QMDNQ**",set_43,45,45
15785," 7lkguFRx_T-8w2E1BVhnPQ**",set_43,45,45
15970," 7lkguFRx_T_GwnBc9Ea7cw**",set_43,3,45
16111," 7lkguFRx_T9HuDYQ-r-C5w**",set_43,14,45
16373," 7lkguFRx_T-ZW2pM5H8gjg**",set_43,5,45
16511," 7lkguFRx_T-dl1R2kRvjDg**",set_43,45,45
16636," 7lkguFRx_T-_f12V0Afv4g**",set_43,45,45
16761," 7lkguFRx_T81fN_Xl0mFCw**",set_43,45,45
16887," 7lkguFRx_T_hBzmG-REp-Q**",set_43,45,45
17012," 7lkguFRx_T-ghkGV_i4BuQ**",set_43,45,45
17137," 7lkguFRx_T_KI2zqaswGLA**",set_43,18,45
17262," 7lkguFRx_T-ofwpnH--CPg**",set_43,45,45
17387," 7lkguFRx_T8eLpgyPFpp8w**",set_43,45,45
17512," 7lkguFRx_T-LKEu4mwSMMw**",set_43,45,45
17637," 7lkguFRx_T83Qn8-v0Oanw**",set_43,45,45
17762," 7lkguFRx_T8MysIEmbTNkw**",set_43,45,45
17887," 7lkguFRx_T-uG-nmkKo7JA**",set_43,45,45
18012," 7lkguFRx_T_Km3m1NnFCbw**",set_43,45,45
18137," 7lkguFRx_T-wVEeg2wtOBQ**",set_43,45,45
18262," 7lkguFRx_T_cAqShlatqVQ**",set_43,45,45
14380," 7lkguFRx_T_Hy6WaKFLsMQ**",set_44,45,45
14730," 7lkguFRx_T8zdG5_tTmATg**",set_44,45,45
15097," 7lkguFRx_T94yHwlWCX1QA**",set_44,45,45
15564," 7lkguFRx_T8ZxgO6nkR3vA**",set_44,45,45
15786," 7lkguFRx_T-I25JSi_dnqg**",set_44,45,45
15971," 7lkguFRx_T_HnhC9fBZ82A**",set_44,45,45
16112," 7lkguFRx_T-Zzl_3R5QZqg**",set_44,1,45
16374," 7lkguFRx_T9_Hq2vslj1Dg**",set_44,45,45
16512," 7lkguFRx_T_NQ1x4OEW4XQ**",set_44,45,45
16637," 7lkguFRx_T_1b0z8OZjxtQ**",set_44,45,45
16762," 7lkguFRx_T-lurBjjPMraA**",set_44,45,45
16888," 7lkguFRx_T-McwtWZDYnLA**",set_44,8,45
17013," 7lkguFRx_T9_QheZF7GPcA**",set_44,45,45
17138," 7lkguFRx_T-8wYxYkuYOyw**",set_44,45,45
17263," 7lkguFRx_T_p070Zs-Yp6Q**",set_44,5,45
17388," 7lkguFRx_T9Yjkzw_7BUwQ**",set_44,0,45
17513," 7lkguFRx_T953mhsaw517Q**",set_44,45,45
17638," 7lkguFRx_T_ywVuVRexhDA**",set_44,45,45
17763," 7lkguFRx_T-07Eal_YtrtQ**",set_44,45,45
17888," 7lkguFRx_T-QCeoklJzQcA**",set_44,45,45
18013," 7lkguFRx_T_cG5Jv2JvqWQ**",set_44,45,45
18138," 7lkguFRx_T84UoSCKubgqA**",set_44,45,45
18263," 7lkguFRx_T_7QqVwECPZlw**",set_44,45,45
14381," 7lkguFRx_T8GTNP4KVSpxw**",set_45,45,45
14731," 7lkguFRx_T9-blOU1v_iGw**",set_45,45,45
15099," 7lkguFRx_T_jLrZV-l5QTQ**",set_45,4,45
15567," 7lkguFRx_T8s0dKvvppOpg**",set_45,45,45
15787," 7lkguFRx_T8Fo-dw-1DiUA**",set_45,45,45
15974," 7lkguFRx_T8KTOR_xslcyg**",set_45,45,45
16113," 7lkguFRx_T-oMD-zjQdCwA**",set_45,14,45
16376," 7lkguFRx_T-j7eWm0Eo2jg**",set_45,45,45
16513," 7lkguFRx_T-fhcS19UhslQ**",set_45,45,45
16638," 7lkguFRx_T9UzArcP5JibA**",set_45,0,45
16763," 7lkguFRx_T8OCeg3WywbAw**",set_45,27,45
16889," 7lkguFRx_T-ltDasK9k4cw**",set_45,45,45
17014," 7lkguFRx_T-MZu_lPMRtKw**",set_45,45,45
17139," 7lkguFRx_T__CTnOobJPTg**",set_45,45,45
17264," 7lkguFRx_T9kypEWZnkddA**",set_45,45,45
17389," 7lkguFRx_T8hplwzi_dumA**",set_45,45,45
17514," 7lkguFRx_T8TMtmvaocrmg**",set_45,45,45
17639," 7lkguFRx_T-2E_BQUIq7Rg**",set_45,4,45
17764," 7lkguFRx_T8GCozpGWEOew**",set_45,1,45
17889," 7lkguFRx_T8AiJIgkGCNkA**",set_45,39,45
18014," 7lkguFRx_T_W3G_UH_6eiw**",set_45,45,45
18139," 7lkguFRx_T-gLOsWUk6Z1Q**",set_45,45,45
18264," 7lkguFRx_T8YO0a2BHGKWw**",set_45,45,45
14384," 7lkguFRx_T-6zqeKFTG3aw**",set_46,45,45
14732," 7lkguFRx_T8juqjPMfE2gw**",set_46,45,45
15106," 7lkguFRx_T8ZKgrFwwt7YA**",set_46,45,45
15584," 7lkguFRx_T_vYJnamUrX-g**",set_46,45,45
15788," 7lkguFRx_T82eJSCC50RNg**",set_46,45,45
15975," 7lkguFRx_T-raGgUywl5Aw**",set_46,45,45
16114," 7lkguFRx_T-y-fS17Ty4Lw**",set_46,45,45
16377," 7lkguFRx_T9ZhrsRp_m6eQ**",set_46,45,45
16514," 7lkguFRx_T-DUKy4bUfOPA**",set_46,45,45
16639," 7lkguFRx_T_2M84hxCyXgg**",set_46,13,45
16764," 7lkguFRx_T8E9QK7Lqa7_w**",set_46,4,45
16890," 7lkguFRx_T9PIc0F_tOuSg**",set_46,45,45
17015," 7lkguFRx_T-G9JVixpL_gg**",set_46,0,45
17140," 7lkguFRx_T943W5K37rrLg**",set_46,45,45
17265," 7lkguFRx_T-JqzdU8CldGA**",set_46,45,45
17390," 7lkguFRx_T-OWKoFEyeE4Q**",set_46,45,45
17515," 7lkguFRx_T8QlrnpPYKYIQ**",set_46,22,45
17640," 7lkguFRx_T_EdwkloUhUcQ**",set_46,45,45
17765," 7lkguFRx_T87DSsDoIaf_A**",set_46,40,45
17890," 7lkguFRx_T-p7Oda3GbNAA**",set_46,25,45
18015," 7lkguFRx_T8ddAq065aeZQ**",set_46,1,45
18140," 7lkguFRx_T_LePN8xIzpnw**",set_46,45,45
18265," 7lkguFRx_T98RVlwxKL6Mg**",set_46,45,45
14385," 7lkguFRx_T8hvVVunayv3A**",set_47,45,45
14733," 7lkguFRx_T8sfJNU4E0i7g**",set_47,45,45
15110," 7lkguFRx_T-4E18RCRDckQ**",set_47,5,45
15586," 7lkguFRx_T_Iz_rCWW-fAQ**",set_47,45,45
15789," 7lkguFRx_T9eMvNJUqOdhw**",set_47,11,45
15976," 7lkguFRx_T9NCaotQvvY7A**",set_47,45,45
16115," 7lkguFRx_T9kqn7LnW4Jzw**",set_47,45,45
16378," 7lkguFRx_T_Ss-hRMH17jA**",set_47,45,45
16515," 7lkguFRx_T-RoGgXYRqSKg**",set_47,1,45
16640," 7lkguFRx_T-njLulkOylcg**",set_47,11,45
16765," 7lkguFRx_T9T-AJkkfeOig**",set_47,45,45
16891," 7lkguFRx_T8jdj1tawMQnA**",set_47,45,45
17016," 7lkguFRx_T9g1FTrgMj1lg**",set_47,45,45
17141," 7lkguFRx_T9140K3aA9JuA**",set_47,45,45
17266," 7lkguFRx_T9CHO-9xcvgoQ**",set_47,45,45
17391," 7lkguFRx_T9blKYUaQ0P3g**",set_47,45,45
17516," 7lkguFRx_T_Atxcy81KFlQ**",set_47,45,45
17641," 7lkguFRx_T8RlAOhoEd9WA**",set_47,45,45
17766," 7lkguFRx_T8g00pI6lnrYA**",set_47,45,45
17891," 7lkguFRx_T98XwhvqcZBnQ**",set_47,45,45
18016," 7lkguFRx_T9YLECibI3wxA**",set_47,5,45
18141," 7lkguFRx_T_aXldWP4TbrA**",set_47,45,45
18266," 7lkguFRx_T9BK4We1S67pA**",set_47,45,45
14386," 7lkguFRx_T-PzVEUgHOD4A**",set_48,45,45
14735," 7lkguFRx_T-lN6ZyCE_3Ow**",set_48,1,45
15111," 7lkguFRx_T_Sb6mFG5bvxg**",set_48,45,45
15588," 7lkguFRx_T8SgoKvUCe0gg**",set_48,45,45
15790," 7lkguFRx_T9KJii-jGBPHg**",set_48,4,45
15977," 7lkguFRx_T-5MJeVzJ-mrg**",set_48,45,45
16117," 7lkguFRx_T-IGxrZWX0F8g**",set_48,45,45
16379," 7lkguFRx_T8V4Vtg5tH6Dw**",set_48,45,45
16516," 7lkguFRx_T_n_SYa6JfDgQ**",set_48,45,45
16641," 7lkguFRx_T_MBcsnabEkkQ**",set_48,45,45
16766," 7lkguFRx_T9QATT_rsnAYA**",set_48,45,45
16892," 7lkguFRx_T9iTCRfRYGycQ**",set_48,45,45
17017," 7lkguFRx_T9JTFsfO5Cs1g**",set_48,0,45
17142," 7lkguFRx_T-5UIAZqQ8qhQ**",set_48,45,45
17267," 7lkguFRx_T_Hrqwlnw7pxQ**",set_48,2,45
17392," 7lkguFRx_T97nza9beI5ag**",set_48,45,45
17517," 7lkguFRx_T-HnoR4oCxcnA**",set_48,45,45
17642," 7lkguFRx_T_DR8Ho2ibaBA**",set_48,45,45
17767," 7lkguFRx_T8f4o_dorLdYQ**",set_48,45,45
17892," 7lkguFRx_T8GOmIX4wyJZg**",set_48,45,45
18017," 7lkguFRx_T8ilHHlVuoMgA**",set_48,45,45
18142," 7lkguFRx_T8G2K-CTKaNoA**",set_48,45,45
18267," 7lkguFRx_T8Aa_Nza1kTDg**",set_48,45,45
14387," 7lkguFRx_T-gzKHhfax0Xw**",set_49,45,45
14736," 7lkguFRx_T-M-ZNQte7Hyw**",set_49,2,45
15118," 7lkguFRx_T_u6njPP1FxbA**",set_49,45,45
15590," 7lkguFRx_T9lguue754Mnw**",set_49,45,45
15791," 7lkguFRx_T--Uu4APJLdyg**",set_49,45,45
15985," 7lkguFRx_T_rSCpsLgTs2w**",set_49,45,45
16119," 7lkguFRx_T8BH9YcZnA1Bg**",set_49,45,45
16380," 7lkguFRx_T8IkuNwGMK_xg**",set_49,45,45
16517," 7lkguFRx_T9OQYxYmJfwYg**",set_49,45,45
16642," 7lkguFRx_T8pTWHZPAr6Dw**",set_49,2,45
16767," 7lkguFRx_T8vCUAOfRJuwQ**",set_49,45,45
16893," 7lkguFRx_T-7zP8lxj2coQ**",set_49,45,45
17018," 7lkguFRx_T-sQeXONtzw4g**",set_49,45,45
17143," 7lkguFRx_T_Y8SbRI3UZCg**",set_49,4,45
17268," 7lkguFRx_T8S54Si7SFjXg**",set_49,45,45
17393," 7lkguFRx_T_jn-DjLSMwrA**",set_49,45,45
17518," 7lkguFRx_T-8YaFwT9NykA**",set_49,45,45
17643," 7lkguFRx_T870WVDpzw76w**",set_49,45,45
17768," 7lkguFRx_T9XUv0z0Q1hCg**",set_49,45,45
17893," 7lkguFRx_T_S8hSzBrg4uA**",set_49,45,45
18018," 7lkguFRx_T8_1636_XsDHA**",set_49,45,45
18143," 7lkguFRx_T96ReNgEy9giA**",set_49,45,45
18268," 7lkguFRx_T_tPNSMsF5vew**",set_49,45,45
14388," 7lkguFRx_T_gUPJTKZVpjA**",set_50,45,45
14738," 7lkguFRx_T-agzl4G5lCqg**",set_50,12,45
15120," 7lkguFRx_T9QA6PqYcjflA**",set_50,45,45
15600," 7lkguFRx_T_jnbgmxedu4g**",set_50,45,45
15792," 7lkguFRx_T8e1Yl65hHirA**",set_50,7,45
15986," 7lkguFRx_T-TxMzItSNnsA**",set_50,45,45
16121," 7lkguFRx_T-Druld_rbPnA**",set_50,45,45
16381," 7lkguFRx_T9xGt88zNO8xA**",set_50,45,45
16518," 7lkguFRx_T-K7LKssQt6qA**",set_50,45,45
16643," 7lkguFRx_T-bkZ7J_cTbXg**",set_50,4,45
16768," 7lkguFRx_T8Sug_p6rppEA**",set_50,45,45
16894," 7lkguFRx_T9p-HH_RrAvcg**",set_50,45,45
17019," 7lkguFRx_T-bqMCsRDKomw**",set_50,6,45
17144," 7lkguFRx_T--lL06IzJc4A**",set_50,45,45
17269," 7lkguFRx_T9T3mzb3jlFmg**",set_50,45,45
17394," 7lkguFRx_T_Lng0Fim9y9Q**",set_50,3,45
17519," 7lkguFRx_T8ojc9YSdriuA**",set_50,45,45
17644," 7lkguFRx_T8j6DH__RwEXQ**",set_50,45,45
17769," 7lkguFRx_T9hQ_GR7NYHOA**",set_50,45,45
17894," 7lkguFRx_T8LyQibUiLi-w**",set_50,45,45
18019," 7lkguFRx_T9Sfa9UI0X0qA**",set_50,45,45
18144," 7lkguFRx_T_azjUxle2VKw**",set_50,45,45
18269," 7lkguFRx_T9aKHkptcAgkA**",set_50,45,45
14390," 7lkguFRx_T9RpFFmNmDvpA**",set_51,45,45
14740," 7lkguFRx_T-XtfOftI635A**",set_51,0,45
15123," 7lkguFRx_T9IuX5YMxCFiQ**",set_51,1,45
15601," 7lkguFRx_T-Vy1MubC-LoQ**",set_51,45,45
15795," 7lkguFRx_T-KkZhNtF1Cag**",set_51,45,45
15989," 7lkguFRx_T_L2-5QnaBvXA**",set_51,3,45
16122," 7lkguFRx_T-WlqMk6KzXHQ**",set_51,45,45
16382," 7lkguFRx_T-MSdzFJ-uwQw**",set_51,45,45
16519," 7lkguFRx_T9TBylwfbtwRg**",set_51,45,45
16644," 7lkguFRx_T9uYlO04XAR0Q**",set_51,45,45
16769," 7lkguFRx_T8_9MXrcOAKcQ**",set_51,4,45
16895," 7lkguFRx_T-_GmaBk14K6w**",set_51,45,45
17020," 7lkguFRx_T-TRxWppf_PTQ**",set_51,45,45
17145," 7lkguFRx_T_un3FxSAb7ww**",set_51,45,45
17270," 7lkguFRx_T8n5jxJgmxCsg**",set_51,45,45
17395," 7lkguFRx_T9AXB4qsygTfQ**",set_51,45,45
17520," 7lkguFRx_T_HoefYlf-8fg**",set_51,45,45
17645," 7lkguFRx_T-pTpOEXl0UmA**",set_51,5,45
17770," 7lkguFRx_T9lWQl5o5-f5g**",set_51,1,45
17895," 7lkguFRx_T9r_2JZWIc4dA**",set_51,45,45
18020," 7lkguFRx_T_vgf3CGxWeEg**",set_51,45,45
18145," 7lkguFRx_T-54zArXPeofg**",set_51,45,45
18270," 7lkguFRx_T95d2SlzwV1DA**",set_51,45,45
14391," 7lkguFRx_T9CnIjJldRfkw**",set_52,0,45
14743," 7lkguFRx_T8nXYsHRjpkxw**",set_52,45,45
15125," 7lkguFRx_T-jnjbH6cBzpQ**",set_52,45,45
15604," 7lkguFRx_T9b89FUB-G3DQ**",set_52,2,45
15797," 7lkguFRx_T_bNS871eGYYQ**",set_52,45,45
15991," 7lkguFRx_T_b5jDtz8eduA**",set_52,11,45
16123," 7lkguFRx_T_UQJVzwnyUNQ**",set_52,0,45
16383," 7lkguFRx_T_KY-D8yYqpXg**",set_52,45,45
16520," 7lkguFRx_T9nGDwVmy_30w**",set_52,45,45
16645," 7lkguFRx_T-FjKTz29K84w**",set_52,8,45
16770," 7lkguFRx_T_tWtp9SBqRYA**",set_52,45,45
16896," 7lkguFRx_T-gRaColeP6Ww**",set_52,45,45
17021," 7lkguFRx_T8cUu4N1iouyg**",set_52,2,45
17146," 7lkguFRx_T9M-peympHW1g**",set_52,45,45
17271," 7lkguFRx_T89CgJjGwoekA**",set_52,45,45
17396," 7lkguFRx_T-4zC0uuEx8Yw**",set_52,45,45
17521," 7lkguFRx_T-o9usda30YPw**",set_52,45,45
17646," 7lkguFRx_T8N-53A4vgSEw**",set_52,45,45
17771," 7lkguFRx_T9NS7Dfj9G5Dw**",set_52,45,45
17896," 7lkguFRx_T_FUNQR2RIFSw**",set_52,45,45
18021," 7lkguFRx_T9njYMlp3_dqQ**",set_52,45,45
18146," 7lkguFRx_T__6AoMkXRzwQ**",set_52,22,45
18271," 7lkguFRx_T9lyN7AqK1gCw**",set_52,45,45
14392," 7lkguFRx_T_VrxnqN9OygQ**",set_53,0,45
14745," 7lkguFRx_T9H74G3RDR-Rw**",set_53,45,45
15127," 7lkguFRx_T_8-NHblhO4pA**",set_53,45,45
15608," 7lkguFRx_T8s7K-fRRDPZg**",set_53,45,45
15798," 7lkguFRx_T-EIiU6QE95sA**",set_53,2,45
15992," 7lkguFRx_T8YFqG181FChw**",set_53,45,45
16126," 7lkguFRx_T9SkjLHB0DrWg**",set_53,45,45
16385," 7lkguFRx_T-aZM2z9rGMLw**",set_53,45,45
16521," 7lkguFRx_T8uKezLRPWuew**",set_53,45,45
16646," 7lkguFRx_T_1QeTwqFIIag**",set_53,45,45
16771," 7lkguFRx_T-A8tQOt6x28g**",set_53,45,45
16897," 7lkguFRx_T8eBaSTiBeENg**",set_53,45,45
17022," 7lkguFRx_T8TJWo094xYbw**",set_53,45,45
17147," 7lkguFRx_T-2OEIneeMzbQ**",set_53,45,45
17272," 7lkguFRx_T_OZYEkP3fyVA**",set_53,45,45
17397," 7lkguFRx_T9gw8AE378RSw**",set_53,45,45
17522," 7lkguFRx_T8W6FX9BdqmTw**",set_53,45,45
17647," 7lkguFRx_T8e7stKpuPslw**",set_53,5,45
17772," 7lkguFRx_T8g9Kj7TvFTNg**",set_53,45,45
17897," 7lkguFRx_T8jRlf3_xvxCg**",set_53,1,45
18022," 7lkguFRx_T8y4P2cShfc-g**",set_53,45,45
18147," 7lkguFRx_T-ThPMCV3Dexw**",set_53,45,45
18272," 7lkguFRx_T8KPSubfL56lw**",set_53,45,45
14393," 7lkguFRx_T-L7V8isagChA**",set_54,45,45
14747," 7lkguFRx_T9XJoVxgQHpNg**",set_54,45,45
15129," 7lkguFRx_T-fuPgU6N2y9Q**",set_54,1,45
15613," 7lkguFRx_T9Xb1xJPVuyLg**",set_54,1,45
15799," 7lkguFRx_T8KBExoZecFrw**",set_54,5,45
15993," 7lkguFRx_T8SraxVwl1X3Q**",set_54,2,45
16127," 7lkguFRx_T83y-1lF7Gx_w**",set_54,45,45
16387," 7lkguFRx_T9C8QDX7Mn_1g**",set_54,23,45
16522," 7lkguFRx_T-Yusi3Tjdo0g**",set_54,45,45
16647," 7lkguFRx_T9n6zexXIQRDg**",set_54,4,45
16772," 7lkguFRx_T8P3YTUujarcg**",set_54,45,45
16898," 7lkguFRx_T9Q0-tMZ1Z5LQ**",set_54,45,45
17023," 7lkguFRx_T8s3GkuXvFQjg**",set_54,45,45
17148," 7lkguFRx_T-6qWVU4pTROw**",set_54,45,45
17273," 7lkguFRx_T8AA2e2CbnYmA**",set_54,45,45
17398," 7lkguFRx_T8S32QQLnOvDg**",set_54,45,45
17523," 7lkguFRx_T8R0tGjEHIoZQ**",set_54,45,45
17648," 7lkguFRx_T_xY4RF9IPxqg**",set_54,45,45
17773," 7lkguFRx_T9RzP7gbbRZGg**",set_54,45,45
17898," 7lkguFRx_T_10mFV40wNOA**",set_54,45,45
18023," 7lkguFRx_T_-Jn4BZ8zNJg**",set_54,45,45
18148," 7lkguFRx_T_5RYSxCZOY6g**",set_54,45,45
18273," 7lkguFRx_T8WRMp_p4Okxw**",set_54,45,45
14394," 7lkguFRx_T9DfoXIW4n5hg**",set_55,45,45
14750," 7lkguFRx_T8DQzWK04_Pqw**",set_55,45,45
15130," 7lkguFRx_T-paL6fSRa6Hw**",set_55,45,45
15618," 7lkguFRx_T9vD4ywZligww**",set_55,45,45
15802," 7lkguFRx_T_E7mTTFjWMkg**",set_55,45,45
15994," 7lkguFRx_T8QPldjTkoQGg**",set_55,45,45
16133," 7lkguFRx_T8btB1tnp1xBg**",set_55,45,45
16388," 7lkguFRx_T95lWF7it_bkw**",set_55,1,45
16523," 7lkguFRx_T8apqVlNElOxQ**",set_55,45,45
16648," 7lkguFRx_T_a8sWJRPIOYw**",set_55,45,45
16773," 7lkguFRx_T9DRv35GVfgWw**",set_55,5,45
16899," 7lkguFRx_T-kf7SwwVnN0w**",set_55,45,45
17024," 7lkguFRx_T-bfSKX5_OWLQ**",set_55,45,45
17149," 7lkguFRx_T9_2fMSySKT_w**",set_55,3,45
17274," 7lkguFRx_T8Zkwouf0YoHQ**",set_55,45,45
17399," 7lkguFRx_T939HTKgDG-og**",set_55,12,45
17524," 7lkguFRx_T8waBSOAY7lOg**",set_55,45,45
17649," 7lkguFRx_T_3wfNk7OE5RQ**",set_55,45,45
17774," 7lkguFRx_T9HLIoS9dGzkw**",set_55,5,45
17899," 7lkguFRx_T_nC9TbMFlg-g**",set_55,45,45
18024," 7lkguFRx_T_q89EMD2nSbg**",set_55,45,45
18149," 7lkguFRx_T8LMsty15FzSQ**",set_55,45,45
18274," 7lkguFRx_T9TVZ1F0Lh50A**",set_55,45,45
14395," 7lkguFRx_T_jjK4Y0Lt3Ew**",set_56,1,45
14751," 7lkguFRx_T837MhM16-AUQ**",set_56,0,45
15136," 7lkguFRx_T8UrDv5LSRx3Q**",set_56,45,45
15625," 7lkguFRx_T_FvqVhd2ZbsA**",set_56,45,45
15803," 7lkguFRx_T9zc-xkrRhsXA**",set_56,5,45
15995," 7lkguFRx_T_tvpUtexLYlg**",set_56,45,45
16134," 7lkguFRx_T-dRDpse7NynQ**",set_56,45,45
16389," 7lkguFRx_T_QkzpxK9Ipeg**",set_56,45,45
16524," 7lkguFRx_T8x-mifb17hYA**",set_56,45,45
16649," 7lkguFRx_T-uEFZ2DypEzg**",set_56,45,45
16774," 7lkguFRx_T8GaiP8vDwHrA**",set_56,45,45
16900," 7lkguFRx_T-AjBfmSjccpw**",set_56,45,45
17025," 7lkguFRx_T9tAinxewuuKw**",set_56,45,45
17150," 7lkguFRx_T9glT3_qXjWbA**",set_56,45,45
17275," 7lkguFRx_T-5WjVrPq7NIw**",set_56,5,45
17400," 7lkguFRx_T_OnsWmmUaUdA**",set_56,16,45
17525," 7lkguFRx_T_XTkfbCzaBhg**",set_56,45,45
17650," 7lkguFRx_T-oWSCXU1NvGA**",set_56,45,45
17775," 7lkguFRx_T-X50EwEwnKxw**",set_56,45,45
17900," 7lkguFRx_T_aJV8wsGF1Qg**",set_56,45,45
18025," 7lkguFRx_T8edfMWNF1Hbg**",set_56,2,45
18150," 7lkguFRx_T9yv-e1ch3R9w**",set_56,45,45
18275," 7lkguFRx_T8gZfdNKOt1_g**",set_56,45,45
14396," 7lkguFRx_T-xUzMFPoEvBg**",set_57,45,45
14753," 7lkguFRx_T-s3ZX-uhcN6w**",set_57,45,45
15139," 7lkguFRx_T_1QlLk4eKN9w**",set_57,45,45
15634," 7lkguFRx_T8Ud6DBQN33QQ**",set_57,45,45
15804," 7lkguFRx_T9Ay2cKohtfgQ**",set_57,9,45
15996," 7lkguFRx_T8rUPNKsCluDw**",set_57,45,45
16143," 7lkguFRx_T8y1jemd7sgbA**",set_57,45,45
16390," 7lkguFRx_T8FDuXbqxgVog**",set_57,45,45
16525," 7lkguFRx_T893iCHRb2_5A**",set_57,45,45
16650," 7lkguFRx_T-uEFZ2DypEzg**",set_57,0,45
16775," 7lkguFRx_T8sO9ULmlCNeQ**",set_57,45,45
16901," 7lkguFRx_T_i0D42MQzL_A**",set_57,45,45
17026," 7lkguFRx_T-xc1SaVMCi3Q**",set_57,45,45
17151," 7lkguFRx_T8u65t6enuHWw**",set_57,45,45
17276," 7lkguFRx_T8cjQxbIB_ALg**",set_57,45,45
17401," 7lkguFRx_T-OpfQAjxteTA**",set_57,45,45
17526," 7lkguFRx_T_HmjMgxaVfEw**",set_57,45,45
17651," 7lkguFRx_T9_Wrz1WMDMRQ**",set_57,45,45
17776," 7lkguFRx_T86z231AEzJTg**",set_57,45,45
17901," 7lkguFRx_T-ck-FhZ0vmcA**",set_57,2,45
18026," 7lkguFRx_T_Q1efS-TfVHA**",set_57,45,45
18151," 7lkguFRx_T9ABjPnSbxzIw**",set_57,45,45
18276," 7lkguFRx_T9cGjGwIwUwvg**",set_57,45,45
14400," 7lkguFRx_T-xLdT6ArPSBw**",set_58,3,45
14755," 7lkguFRx_T9esMXCsNEnxg**",set_58,45,45
15140," 7lkguFRx_T9uYjP6_ZO9rQ**",set_58,0,45
15636," 7lkguFRx_T8-Y5JmiNxSDg**",set_58,45,45
15805," 7lkguFRx_T_2eM9H1L81SA**",set_58,3,45
15997," 7lkguFRx_T_e5q8PnivkqA**",set_58,45,45
16146," 7lkguFRx_T891W1m2bIt5g**",set_58,45,45
16391," 7lkguFRx_T8q3TyS-a2mKA**",set_58,45,45
16526," 7lkguFRx_T_w4aAh8m-hjA**",set_58,45,45
16651," 7lkguFRx_T87KdVb2BfRuA**",set_58,45,45
16776," 7lkguFRx_T-GCmB0qdF_EA**",set_58,45,45
16902," 7lkguFRx_T8rhWLp_6EiYg**",set_58,4,45
17027," 7lkguFRx_T81o2Ie5ZS1Ww**",set_58,45,45
17152," 7lkguFRx_T_BbgLQe0n_Ig**",set_58,4,45
17277," 7lkguFRx_T_FAlpLnQDSuw**",set_58,45,45
17402," 7lkguFRx_T-Vqm4UPiLQPQ**",set_58,45,45
17527," 7lkguFRx_T-fBLwC4_aOMw**",set_58,45,45
17652," 7lkguFRx_T8Mw4QpYmVOww**",set_58,45,45
17777," 7lkguFRx_T9LYcF7OSYYrA**",set_58,45,45
17902," 7lkguFRx_T9BenwxNxLC6g**",set_58,45,45
18027," 7lkguFRx_T99V6a90O9SNg**",set_58,45,45
18152," 7lkguFRx_T__8m1VDWARdQ**",set_58,45,45
18277," 7lkguFRx_T9E4OvypSuBog**",set_58,45,45
14401," 7lkguFRx_T9lx1VbrdBHrw**",set_59,0,45
14757," 7lkguFRx_T-5Xhzf-yANiw**",set_59,45,45
15142," 7lkguFRx_T9FlOSUNkgIoA**",set_59,5,45
15650," 7lkguFRx_T8Z55UsWZ-t-Q**",set_59,45,45
15806," 7lkguFRx_T8SmvN2xPeIMA**",set_59,45,45
15998," 7lkguFRx_T_S9K926bVF4Q**",set_59,45,45
16152," 7lkguFRx_T8VinfSkYnsvg**",set_59,45,45
16392," 7lkguFRx_T9xYaiFJYTg3w**",set_59,0,45
16527," 7lkguFRx_T8O3jNbS98FVw**",set_59,2,45
16652," 7lkguFRx_T_K7SUR_mUOrA**",set_59,45,45
16777," 7lkguFRx_T8uxYZ3csr4Wg**",set_59,15,45
16903," 7lkguFRx_T-Zh_eRD6qMxg**",set_59,45,45
17028," 7lkguFRx_T_IWBhwDLjqdA**",set_59,45,45
17153," 7lkguFRx_T9fIefyyAJhwQ**",set_59,0,45
17278," 7lkguFRx_T-cqfv3I5uAfw**",set_59,45,45
17403," 7lkguFRx_T8lx9WcLeULFg**",set_59,45,45
17528," 7lkguFRx_T8NF4tLFEqxOg**",set_59,45,45
17653," 7lkguFRx_T8mR3u6SA1INw**",set_59,45,45
17778," 7lkguFRx_T9IcNZZbYl3ug**",set_59,45,45
17903," 7lkguFRx_T96NDvTRYbihQ**",set_59,45,45
18028," 7lkguFRx_T-IF9B-YfS6SA**",set_59,2,45
18153," 7lkguFRx_T_9CxAUn8u2MA**",set_59,45,45
18278," 7lkguFRx_T8rH8c4QbP0RA**",set_59,45,45
14402," 7lkguFRx_T_TVr1EwdccdQ**",set_60,5,45
14758," 7lkguFRx_T-za3eg9XYyWQ**",set_60,45,45
15143," 7lkguFRx_T95E7GE5oBHHg**",set_60,45,45
15652," 7lkguFRx_T-YAMesyGcgAA**",set_60,45,45
15808," 7lkguFRx_T_1uRQ_l-7jlQ**",set_60,45,45
15999," 7lkguFRx_T_fuA8MeWfIOg**",set_60,45,45
16151," 7lkguFRx_T8jPcmdFpjIOg**",set_60,45,45
16393," 7lkguFRx_T9TPEkTiZVsHQ**",set_60,45,45
16528," 7lkguFRx_T-oloQo2YYpqA**",set_60,45,45
16653," 7lkguFRx_T_jZh_e6sQHcQ**",set_60,45,45
16778," 7lkguFRx_T9jKNlHg_5Qxw**",set_60,45,45
16904," 7lkguFRx_T9CK7MjIlj3og**",set_60,45,45
17029," 7lkguFRx_T9s8RdhsdbdgQ**",set_60,45,45
17154," 7lkguFRx_T-vV5TJmBKEGQ**",set_60,45,45
17279," 7lkguFRx_T90pUsEamNyig**",set_60,45,45
17404," 7lkguFRx_T9LzgC682kdmg**",set_60,45,45
17529," 7lkguFRx_T9s6-ELWYrj1g**",set_60,45,45
17654," 7lkguFRx_T9HMWmux8s69g**",set_60,39,45
17779," 7lkguFRx_T_qmagByhojTQ**",set_60,16,45
17904," 7lkguFRx_T-epwJ3xdiRGQ**",set_60,45,45
18029," 7lkguFRx_T9H13B5OqljJQ**",set_60,45,45
18154," 7lkguFRx_T-SEdvQ3Fh3jw**",set_60,45,45
18279," 7lkguFRx_T-Xz8Nt8qgn5Q**",set_60,45,45
14403," 7lkguFRx_T9RBY7HrRQSzA**",set_61,3,45
14764," 7lkguFRx_T-i_xoyRtUlSw**",set_61,0,45
15144," 7lkguFRx_T8ho2I-zgUJnQ**",set_61,0,45
15660," 7lkguFRx_T8qmXCu3zy08Q**",set_61,45,45
15810," 7lkguFRx_T9HjoZQF90NCQ**",set_61,5,45
16000," 7lkguFRx_T-9ijij345MeQ**",set_61,45,45
16153," 7lkguFRx_T8RH5OTobyqPg**",set_61,45,45
16394," 7lkguFRx_T-6lTq1VncQAQ**",set_61,45,45
16529," 7lkguFRx_T9M59gfWttlZQ**",set_61,45,45
16654," 7lkguFRx_T-BAVSfDOI-Dg**",set_61,4,45
16779," 7lkguFRx_T-ZOn8bHzqXGA**",set_61,4,45
16905," 7lkguFRx_T_R7-Yyfho7Ow**",set_61,45,45
17030," 7lkguFRx_T-X_-7Z2_cNVQ**",set_61,45,45
17155," 7lkguFRx_T_ipuODS1wL4A**",set_61,45,45
17280," 7lkguFRx_T-UCYLmhZQeRg**",set_61,45,45
17405," 7lkguFRx_T9-RZxrt2URcw**",set_61,45,45
17530," 7lkguFRx_T_uEVL3XE9r6Q**",set_61,45,45
17655," 7lkguFRx_T8l-4-Cj0AS_g**",set_61,3,45
17780," 7lkguFRx_T-EZAjhXLAi7g**",set_61,45,45
17905," 7lkguFRx_T9izGl2yqtaug**",set_61,45,45
18030," 7lkguFRx_T95JKJHPH56-g**",set_61,45,45
18155," 7lkguFRx_T_N0RKk6zoL0w**",set_61,45,45
18280," 7lkguFRx_T-cAkaiCoRahQ**",set_61,45,45
14406," 7lkguFRx_T-e4P4FtsHIDg**",set_62,45,45
14765," 7lkguFRx_T9IgyPRFaRVnw**",set_62,0,45
15147," 7lkguFRx_T9Qjmg1T8_jVA**",set_62,3,45
15661," 7lkguFRx_T_PZKJHrfMGew**",set_62,45,45
15811," 7lkguFRx_T9pPTIQvTZ7rA**",set_62,45,45
16001," 7lkguFRx_T9dRJdp_jwIoA**",set_62,45,45
16154," 7lkguFRx_T-mVxBjYQ3QcA**",set_62,45,45
16396," 7lkguFRx_T8UnfpxIe0hjw**",set_62,45,45
16530," 7lkguFRx_T9hhwQ0A-exuA**",set_62,45,45
16655," 7lkguFRx_T8A6EAOudH9LQ**",set_62,4,45
16780," 7lkguFRx_T_90PhRqIJdzw**",set_62,45,45
16906," 7lkguFRx_T-3nR_ofLuZ4Q**",set_62,45,45
17031," 7lkguFRx_T-_azJRJjamEw**",set_62,45,45
17156," 7lkguFRx_T_1SmSAfvjd_w**",set_62,45,45
17281," 7lkguFRx_T-yUuqBAqAc5g**",set_62,4,45
17406," 7lkguFRx_T8CI1C5pFC6jw**",set_62,0,45
17531," 7lkguFRx_T_7WTqcSxysPA**",set_62,45,45
17656," 7lkguFRx_T-VdyfhpjLe_Q**",set_62,45,45
17781," 7lkguFRx_T8m5AGYsQD55w**",set_62,45,45
17906," 7lkguFRx_T-Kqm8jwFFtcg**",set_62,2,45
18031," 7lkguFRx_T9IwxjnaGhsSA**",set_62,0,45
18156," 7lkguFRx_T_izsRQU12dRg**",set_62,1,45
18281," 7lkguFRx_T9Y6BvDpIIuzg**",set_62,45,45
14407," 7lkguFRx_T-lrFBf9X_2-A**",set_63,45,45
14768," 7lkguFRx_T_jJoHwi_LNfQ**",set_63,0,45
15152," 7lkguFRx_T8xEhkyy_K8UA**",set_63,45,45
15662," 7lkguFRx_T8YVYpeUETz6w**",set_63,45,45
15812," 7lkguFRx_T-k1OV9G_06vw**",set_63,45,45
16002," 7lkguFRx_T_m4ks9qBqa2Q**",set_63,45,45
16155," 7lkguFRx_T8ZmwjZ9vQSwA**",set_63,6,45
16400," 7lkguFRx_T9501opuYJmmw**",set_63,45,45
16531," 7lkguFRx_T_Oe9DO2DteSA**",set_63,45,45
16656," 7lkguFRx_T8oB5jlw-aRuw**",set_63,45,45
16781," 7lkguFRx_T_JsqZqkclEAA**",set_63,45,45
16907," 7lkguFRx_T8w9tNAlsGPnA**",set_63,45,45
17032," 7lkguFRx_T8brSZ9CDoNGw**",set_63,45,45
17157," 7lkguFRx_T8fvNsqIzJ8AA**",set_63,45,45
17282," 7lkguFRx_T8JkYsyRbomNA**",set_63,45,45
17407," 7lkguFRx_T_yVVmqnqOGFw**",set_63,1,45
17532," 7lkguFRx_T-KfTdLf7C7PA**",set_63,4,45
17657," 7lkguFRx_T9AQIEHbQyuSw**",set_63,1,45
17782," 7lkguFRx_T_8YlpJJc4dqQ**",set_63,45,45
17907," 7lkguFRx_T9f0u79iTx47A**",set_63,21,45
18032," 7lkguFRx_T8v-_AtmDIw4A**",set_63,45,45
18157," 7lkguFRx_T9T6a2ku5wo1g**",set_63,0,45
18282," 7lkguFRx_T_yDoTZRyLUYA**",set_63,45,45
14408," 7lkguFRx_T_fV27SqHTclw**",set_64,45,45
14769," 7lkguFRx_T8jFjYuPjkTwg**",set_64,2,45
15156," 7lkguFRx_T--4n2LJv5Ojw**",set_64,45,45
15663," 7lkguFRx_T_E8GU4CNAmsg**",set_64,45,45
15813," 7lkguFRx_T_igSimKcF0aQ**",set_64,45,45
16003," 7lkguFRx_T95vQODY-og_w**",set_64,0,45
16157," 7lkguFRx_T9f-JcrP3wIGA**",set_64,45,45
16401," 7lkguFRx_T8VxJGhCs7COg**",set_64,45,45
16532," 7lkguFRx_T_FAfxuPGGS1g**",set_64,45,45
16657," 7lkguFRx_T_aJyilXOJg5Q**",set_64,45,45
16782," 7lkguFRx_T8XNIByKWzQbg**",set_64,45,45
16908," 7lkguFRx_T-98pAheDmvpA**",set_64,45,45
17033," 7lkguFRx_T_i8-SYSJO58g**",set_64,45,45
17158," 7lkguFRx_T_slQD1MZA4MQ**",set_64,45,45
17283," 7lkguFRx_T_BrcOTaO_H8A**",set_64,15,45
17408," 7lkguFRx_T-Z3nqsApcR4g**",set_64,45,45
17533," 7lkguFRx_T87P_TbRJNmgg**",set_64,45,45
17658," 7lkguFRx_T_78_3f4aVPWw**",set_64,45,45
17783," 7lkguFRx_T-Dwc4HiyH8tA**",set_64,45,45
17908," 7lkguFRx_T8MBYHLE6czug**",set_64,45,45
18033," 7lkguFRx_T9b4g5xQFBZEA**",set_64,4,45
18158," 7lkguFRx_T_-0f-1WUEzlw**",set_64,45,45
18283," 7lkguFRx_T8O3yOD-RShzQ**",set_64,45,45
14409," 7lkguFRx_T9Q3KP28koESw**",set_65,0,45
14770," 7lkguFRx_T9oi0kaH6NMnA**",set_65,45,45
15157," 7lkguFRx_T9op2r4ZbaBvw**",set_65,45,45
15664," 7lkguFRx_T9p3IYJeBrndQ**",set_65,45,45
15814," 7lkguFRx_T9T0mDRD2c57g**",set_65,45,45
16004," 7lkguFRx_T9Su8Nfo5UEQw**",set_65,5,45
16158," 7lkguFRx_T_-s-Md1ACSIQ**",set_65,45,45
16402," 7lkguFRx_T8s4Bzm-8jcrw**",set_65,45,45
16533," 7lkguFRx_T8_b1aeha1Dmg**",set_65,2,45
16658," 7lkguFRx_T-aE0QZg-jOxA**",set_65,45,45
16783," 7lkguFRx_T9Bnv1cm3oFxw**",set_65,45,45
16909," 7lkguFRx_T_DaOSkjKS7gQ**",set_65,45,45
17034," 7lkguFRx_T-FSgigM-sh4A**",set_65,0,45
17159," 7lkguFRx_T_9Ss9OUhFq1A**",set_65,45,45
17284," 7lkguFRx_T8h7iYwZXKnbA**",set_65,14,45
17409," 7lkguFRx_T_17Pe0nnchrA**",set_65,45,45
17534," 7lkguFRx_T81MNpoQter9g**",set_65,45,45
17659," 7lkguFRx_T969gf8v2b8Jw**",set_65,45,45
17784," 7lkguFRx_T9ky-cokrD1vw**",set_65,45,45
17909," 7lkguFRx_T9NNZysLeEc4A**",set_65,45,45
18034," 7lkguFRx_T9m4agQ4vTVqg**",set_65,45,45
18159," 7lkguFRx_T_TQlJNIF37bg**",set_65,45,45
18284," 7lkguFRx_T-VqR3IWW0IRQ**",set_65,45,45
14410," 7lkguFRx_T8wfm2LDztcug**",set_66,2,45
14776," 7lkguFRx_T8XZe6iLgHmSA**",set_66,45,45
15162," 7lkguFRx_T881HpMiE7jYA**",set_66,45,45
15666," 7lkguFRx_T_p6eB88DMUNg**",set_66,45,45
15815," 7lkguFRx_T84FrYiE2iJJw**",set_66,45,45
16005," 7lkguFRx_T_7Ij9gtowYSg**",set_66,45,45
16160," 7lkguFRx_T9EuUwL-zwpCA**",set_66,45,45
16403," 7lkguFRx_T_76vG1VanNeQ**",set_66,45,45
16534," 7lkguFRx_T8upqTGTD1cdg**",set_66,45,45
16659," 7lkguFRx_T8YftlNdt3ZKQ**",set_66,45,45
16784," 7lkguFRx_T91EFqWYsXfeQ**",set_66,45,45
16910," 7lkguFRx_T9NCqqrjnRIAw**",set_66,6,45
17035," 7lkguFRx_T8DkKdultjejw**",set_66,3,45
17160," 7lkguFRx_T-Xfz-HYu0KNw**",set_66,1,45
17285," 7lkguFRx_T8Zzuw3xiGgdA**",set_66,45,45
17410," 7lkguFRx_T-1d4bIgTlftg**",set_66,45,45
17535," 7lkguFRx_T8H-BTEOB7d7g**",set_66,45,45
17660," 7lkguFRx_T9zpTasecE7zg**",set_66,45,45
17785," 7lkguFRx_T9z1gyvNhcMuQ**",set_66,45,45
17910," 7lkguFRx_T_ZRgIPbdI4rQ**",set_66,45,45
18035," 7lkguFRx_T8IzPuFXakhoQ**",set_66,45,45
18160," 7lkguFRx_T8_OdqZaXelXg**",set_66,45,45
14411," 7lkguFRx_T8xD2mS9EYyZA**",set_67,45,45
14790," 7lkguFRx_T-AZ6UY0AgF2A**",set_67,3,45
15164," 7lkguFRx_T8RdbbIK-Q23A**",set_67,45,45
15667," 7lkguFRx_T8N4xpIF4B6Xg**",set_67,45,45
15816," 7lkguFRx_T-yMQaY-9tXtg**",set_67,45,45
16007," 7lkguFRx_T_LqHKDmFMN8w**",set_67,5,45
16162," 7lkguFRx_T_SsmWiq8xw3g**",set_67,45,45
16404," 7lkguFRx_T-870gDR0L9fA**",set_67,45,45
16535," 7lkguFRx_T_Z5luYLd-Gnw**",set_67,45,45
16660," 7lkguFRx_T_f3Gjrx3oAPw**",set_67,45,45
16785," 7lkguFRx_T_091LGqqdoMw**",set_67,45,45
16911," 7lkguFRx_T_Rs-kwrHb_FQ**",set_67,45,45
17036," 7lkguFRx_T_ylHJ7Xg37Mw**",set_67,45,45
17161," 7lkguFRx_T_MVOdrR_zLPg**",set_67,45,45
17286," 7lkguFRx_T8XaGCU1UA7YQ**",set_67,45,45
17411," 7lkguFRx_T9BjT8nI1WCCQ**",set_67,45,45
17536," 7lkguFRx_T8J1SIvSM_-dA**",set_67,45,45
17661," 7lkguFRx_T_ySnreTbqgBw**",set_67,45,45
17786," 7lkguFRx_T--kIKqnigInA**",set_67,45,45
17911," 7lkguFRx_T-og2ZT3-2Wig**",set_67,0,45
18036," 7lkguFRx_T80x-RvCA6pTg**",set_67,5,45
18161," 7lkguFRx_T_F7aS3pdg7yw**",set_67,0,45
14412," 7lkguFRx_T_ITsQTOtMVWg**",set_68,45,45
14792," 7lkguFRx_T9g9XKVx2RgJw**",set_68,45,45
15172," 7lkguFRx_T81JnRGIpJdmg**",set_68,9,45
15670," 7lkguFRx_T-QuAgxll2v2w**",set_68,45,45
15817," 7lkguFRx_T80DOWFhH9nVw**",set_68,1,45
16008," 7lkguFRx_T8ENA8_arfRoA**",set_68,45,45
16163," 7lkguFRx_T-ygxfZH8DwxA**",set_68,45,45
16405," 7lkguFRx_T8O7Qn87eePqw**",set_68,4,45
16536," 7lkguFRx_T89TBcuMUwrWA**",set_68,0,45
16661," 7lkguFRx_T_5CzRIUdfaQw**",set_68,45,45
16786," 7lkguFRx_T-Wkmsxl7zd2w**",set_68,45,45
16912," 7lkguFRx_T9WS_iKXBNwdQ**",set_68,0,45
17037," 7lkguFRx_T8wZCHAdofqlQ**",set_68,45,45
17162," 7lkguFRx_T-KKU6e2meM2Q**",set_68,45,45
17287," 7lkguFRx_T9JCLIFdIxCsA**",set_68,45,45
17412," 7lkguFRx_T-qXbvec3Pcmw**",set_68,2,45
17537," 7lkguFRx_T_ETS5b5AlYZg**",set_68,45,45
17662," 7lkguFRx_T-lTu082a3Bvw**",set_68,0,45
17787," 7lkguFRx_T-MOMq3uvgqUA**",set_68,45,45
17912," 7lkguFRx_T-FoxMtHSQuWQ**",set_68,45,45
18037," 7lkguFRx_T_XqbA-oRQyAg**",set_68,45,45
18162," 7lkguFRx_T8tIRxo-tt88Q**",set_68,5,45
14413," 7lkguFRx_T94F8mOBZjilw**",set_69,45,45
14797," 7lkguFRx_T-zhtC4N2BBgg**",set_69,2,45
15174," 7lkguFRx_T_rvRkMcYVwAQ**",set_69,4,45
15671," 7lkguFRx_T-3TYvfEptOeg**",set_69,45,45
15819," 7lkguFRx_T_zQA3G5CoKVw**",set_69,5,45
16009," 7lkguFRx_T_koOGv057mEA**",set_69,5,45
16164," 7lkguFRx_T8YwZqwT3kq7g**",set_69,45,45
16406," 7lkguFRx_T92ugtnSPv3QA**",set_69,1,45
16537," 7lkguFRx_T_Q0lDWDdbX5A**",set_69,45,45
16662," 7lkguFRx_T-TmLWO4gOG_Q**",set_69,45,45
16787," 7lkguFRx_T9JNUYoxSwkaA**",set_69,5,45
16913," 7lkguFRx_T_CoJ6xJunDzw**",set_69,45,45
17038," 7lkguFRx_T9CZ78ake_0_Q**",set_69,45,45
17163," 7lkguFRx_T8linAYtpDWQw**",set_69,45,45
17288," 7lkguFRx_T-PH2R8uQuLCw**",set_69,45,45
17413," 7lkguFRx_T_XCYsT_Mm-CQ**",set_69,0,45
17538," 7lkguFRx_T8S6uu0xg4WZg**",set_69,45,45
17663," 7lkguFRx_T9-Z9tVstnjlw**",set_69,45,45
17788," 7lkguFRx_T9T2srSWKPxsQ**",set_69,45,45
17913," 7lkguFRx_T-KNczREKFFGw**",set_69,45,45
18038," 7lkguFRx_T9mrJ23w18k3g**",set_69,45,45
18163," 7lkguFRx_T_OM-noWtpLew**",set_69,45,45
14414," 7lkguFRx_T8J09luS1OAtg**",set_70,1,45
14802," 7lkguFRx_T_r_Q7MhpWymw**",set_70,0,45
15176," 7lkguFRx_T98GHfyyTZj_g**",set_70,4,45
15672," 7lkguFRx_T_j4P3R2JXj4w**",set_70,5,45
15820," 7lkguFRx_T9YAPMqWSOymQ**",set_70,3,45
16010," 7lkguFRx_T9OzY1CWSO0NA**",set_70,45,45
16165," 7lkguFRx_T9EVgktPSlS8A**",set_70,45,45
16407," 7lkguFRx_T9LGgbRbNSX4Q**",set_70,45,45
16538," 7lkguFRx_T9MpSXFueufcA**",set_70,4,45
16663," 7lkguFRx_T93EQXTCYKuEQ**",set_70,45,45
16789," 7lkguFRx_T9TM3iuqGRA-Q**",set_70,4,45
16914," 7lkguFRx_T9sn2vd3nmQtA**",set_70,45,45
17039," 7lkguFRx_T9aKdlsvaxKcQ**",set_70,0,45
17164," 7lkguFRx_T9M7tlcsPRhcA**",set_70,45,45
17289," 7lkguFRx_T_ZbIj-bBjwuA**",set_70,45,45
17414," 7lkguFRx_T8vpx3sVsasUw**",set_70,45,45
17539," 7lkguFRx_T_WC8lFc4gnLg**",set_70,45,45
17664," 7lkguFRx_T8w7mej6aZzvQ**",set_70,2,45
17789," 7lkguFRx_T9zPBrdfO05mw**",set_70,2,45
17914," 7lkguFRx_T_ebZENVC4wgw**",set_70,45,45
18039," 7lkguFRx_T-lDcBd9xQUxg**",set_70,2,45
18164," 7lkguFRx_T8wO0JcvxmOLg**",set_70,0,45
14417," 7lkguFRx_T-xP7e979nprg**",set_71,17,45
14811," 7lkguFRx_T_q0l5Pxhb5iQ**",set_71,45,45
15177," 7lkguFRx_T87t4d3zjetjA**",set_71,45,45
15673," 7lkguFRx_T8y-rEOjM3FPw**",set_71,0,45
15822," 7lkguFRx_T-HaHknFHox4A**",set_71,45,45
16011," 7lkguFRx_T8652X_RiNIDg**",set_71,0,45
16166," 7lkguFRx_T-ngieponX5vQ**",set_71,45,45
16408," 7lkguFRx_T-3xPaHqBEQiw**",set_71,45,45
16539," 7lkguFRx_T_MwwvA9HdgGA**",set_71,0,45
16664," 7lkguFRx_T_PikE-nhMpmQ**",set_71,45,45
16790," 7lkguFRx_T-rLrnskVRXGw**",set_71,45,45
16915," 7lkguFRx_T--CUU4n2NS7g**",set_71,2,45
17040," 7lkguFRx_T9lztGzJha8bA**",set_71,45,45
17165," 7lkguFRx_T_vLTOPQUkzfg**",set_71,45,45
17290," 7lkguFRx_T9bYd5wP7mJ-g**",set_71,45,45
17415," 7lkguFRx_T9qPpa9APlt5Q**",set_71,45,45
17540," 7lkguFRx_T8S69fKS30CCQ**",set_71,45,45
17665," 7lkguFRx_T8tWJTn9L1drA**",set_71,45,45
17790," 7lkguFRx_T88GQGX2pf_0A**",set_71,45,45
17915," 7lkguFRx_T9NG96fv0yDFg**",set_71,3,45
18040," 7lkguFRx_T893svBaGpqXQ**",set_71,45,45
18165," 7lkguFRx_T-FEhsRk4UoFw**",set_71,45,45
14418," 7lkguFRx_T9BrjgXIee-jg**",set_72,1,45
14813," 7lkguFRx_T9N_ByEbQQKUQ**",set_72,45,45
15181," 7lkguFRx_T86_I7mwqpyEQ**",set_72,45,45
15674," 7lkguFRx_T-QSDSlvnXgXQ**",set_72,45,45
15823," 7lkguFRx_T8sq0OBiB9acA**",set_72,45,45
16012," 7lkguFRx_T9pDTab3YMQUw**",set_72,45,45
16168," 7lkguFRx_T_vP8EIJyQSFg**",set_72,0,45
16409," 7lkguFRx_T_B_vypUsoa1g**",set_72,45,45
16540," 7lkguFRx_T_w_gDmvKY-1w**",set_72,45,45
16665," 7lkguFRx_T_6THPEzrcxIA**",set_72,45,45
16791," 7lkguFRx_T8pJYGedQsPWw**",set_72,45,45
16916," 7lkguFRx_T8B74Ov0ag_Eg**",set_72,45,45
17041," 7lkguFRx_T-b1bC2h2TSYA**",set_72,4,45
17166," 7lkguFRx_T-53d7FxHRw-g**",set_72,45,45
17291," 7lkguFRx_T86aTEDEKaCdg**",set_72,45,45
17416," 7lkguFRx_T_7td10anhNjQ**",set_72,45,45
17541," 7lkguFRx_T8FuVMwAxnH_g**",set_72,45,45
17666," 7lkguFRx_T-CgvynL6lBKw**",set_72,45,45
17791," 7lkguFRx_T-m6wlyUcbHDQ**",set_72,45,45
17916," 7lkguFRx_T8U_lLdncaD6Q**",set_72,45,45
18041," 7lkguFRx_T-HiYzXqYXPPA**",set_72,5,45
18166," 7lkguFRx_T-LXGdHQ6fIlA**",set_72,45,45
14427," 7lkguFRx_T_5eH0ZYmpWQw**",set_73,45,45
14818," 7lkguFRx_T85BbZdkqMxrg**",set_73,45,45
15182," 7lkguFRx_T-U1m1aBlUvWw**",set_73,45,45
15675," 7lkguFRx_T9OG8NaLJsiVQ**",set_73,45,45
15824," 7lkguFRx_T901_40WqrSAQ**",set_73,45,45
16013," 7lkguFRx_T-t3I32l-lmaw**",set_73,45,45
16170," 7lkguFRx_T9X9Z_sxpSpvg**",set_73,45,45
16410," 7lkguFRx_T8XyGnvcHDtzQ**",set_73,45,45
16541," 7lkguFRx_T-BQDGd51MDOA**",set_73,45,45
16666," 7lkguFRx_T-ifYmPXn4sgw**",set_73,1,45
16792," 7lkguFRx_T_1cFdvb7HvnA**",set_73,9,45
16917," 7lkguFRx_T_pOWSPVGK3Mg**",set_73,45,45
17042," 7lkguFRx_T9fyveQiFtBBw**",set_73,45,45
17167," 7lkguFRx_T8baW-VlukaXA**",set_73,45,45
17292," 7lkguFRx_T9GUVEdaILlBw**",set_73,45,45
17417," 7lkguFRx_T9QJ2XqCWsZ_A**",set_73,45,45
17542," 7lkguFRx_T9IXJis-1mZJg**",set_73,45,45
17667," 7lkguFRx_T_RXANzRubUGg**",set_73,5,45
17792," 7lkguFRx_T8Jlskyyb7zDg**",set_73,45,45
17917," 7lkguFRx_T_sBv_24jhBIQ**",set_73,4,45
18042," 7lkguFRx_T-8YJWfrj_WuQ**",set_73,45,45
18167," 7lkguFRx_T_3mddul9CfaQ**",set_73,45,45
14432," 7lkguFRx_T_cI-AvOn-UCA**",set_74,3,45
14819," 7lkguFRx_T-CzsFmUpxliQ**",set_74,45,45
15196," 7lkguFRx_T-Fi_iAeZblGw**",set_74,45,45
15676," 7lkguFRx_T9o0NCxEP9cbw**",set_74,45,45
15825," 7lkguFRx_T-FkjOmlaM8cA**",set_74,16,45
16014," 7lkguFRx_T9PdcpsSvz-tw**",set_74,45,45
16171," 7lkguFRx_T8O3vyU1Q0ENg**",set_74,45,45
16411," 7lkguFRx_T8_ZijF_w1U_Q**",set_74,45,45
16542," 7lkguFRx_T_L44UOJDw9uw**",set_74,45,45
16667," 7lkguFRx_T_KkiAZ8t7cTA**",set_74,45,45
16793," 7lkguFRx_T-meSgOmayRXw**",set_74,45,45
16918," 7lkguFRx_T_jQVuZJ1cSPw**",set_74,45,45
17043," 7lkguFRx_T9Jb93MGZn6-A**",set_74,45,45
17168," 7lkguFRx_T8G8z5qe4U8tw**",set_74,0,45
17293," 7lkguFRx_T9n8z18DwB7mA**",set_74,45,45
17418," 7lkguFRx_T9daIuX6CeZ9Q**",set_74,45,45
17543," 7lkguFRx_T9tgPk-Er5Kiw**",set_74,45,45
17668," 7lkguFRx_T9pwQljcA1sqQ**",set_74,45,45
17793," 7lkguFRx_T8L_9xA2j9rXA**",set_74,45,45
17918," 7lkguFRx_T_LP_Ql2axB4w**",set_74,45,45
18043," 7lkguFRx_T_q7a46gkAcfA**",set_74,45,45
18168," 7lkguFRx_T-xjnQ3xwryEA**",set_74,45,45
14442," 7lkguFRx_T-adrrOtnwS3w**",set_75,45,45
14829," 7lkguFRx_T_Lict29BRS-g**",set_75,45,45
15199," 7lkguFRx_T8ybElZU0jykg**",set_75,45,45
15677," 7lkguFRx_T_glCBBIUS2EA**",set_75,45,45
15826," 7lkguFRx_T9v3vWIlmrUrQ**",set_75,8,45
16015," 7lkguFRx_T-2P8uWbKtAAw**",set_75,45,45
16183," 7lkguFRx_T8UMYfPdSv1Ew**",set_75,45,45
16412," 7lkguFRx_T9oT46lX01kPg**",set_75,45,45
16543," 7lkguFRx_T_-UeHtfYc-6w**",set_75,45,45
16668," 7lkguFRx_T_cjc7gK33sTA**",set_75,45,45
16794," 7lkguFRx_T_zkWo1kh2l9w**",set_75,45,45
16919," 7lkguFRx_T_ZGzwCGMaM3A**",set_75,45,45
17044," 7lkguFRx_T8cp2OUVsuccw**",set_75,45,45
17169," 7lkguFRx_T_RiGVSlbIZTQ**",set_75,2,45
17294," 7lkguFRx_T9Kty4vTgtzOQ**",set_75,45,45
17419," 7lkguFRx_T8EJXmp8oJGFQ**",set_75,0,45
17544," 7lkguFRx_T9BcRbY0kBoUg**",set_75,45,45
17669," 7lkguFRx_T8fb0cyxd1UVA**",set_75,45,45
17794," 7lkguFRx_T-kXv-AviiVHA**",set_75,45,45
17919," 7lkguFRx_T9tIXMZJlTeCg**",set_75,45,45
18044," 7lkguFRx_T-y-Sukh9HLdA**",set_75,45,45
18169," 7lkguFRx_T9dHYbJvYE8PQ**",set_75,45,45
14443," 7lkguFRx_T9MIdGaYOwpJg**",set_76,45,45
14832," 7lkguFRx_T9J9oHTdlRf6w**",set_76,45,45
15202," 7lkguFRx_T9DK3Vp0YRvLA**",set_76,45,45
15678," 7lkguFRx_T-umXsi6eK4pQ**",set_76,45,45
15827," 7lkguFRx_T9q4kjKibsuJQ**",set_76,0,45
16016," 7lkguFRx_T9U9-eXztrg_Q**",set_76,45,45
16184," 7lkguFRx_T-ccf66mNiWBg**",set_76,45,45
16413," 7lkguFRx_T9hvjyp7HIKqg**",set_76,2,45
16544," 7lkguFRx_T8n5S29JYM9lQ**",set_76,45,45
16669," 7lkguFRx_T_ECvLOWx16Hg**",set_76,45,45
16795," 7lkguFRx_T-F2pWfr1UDXg**",set_76,2,45
16920," 7lkguFRx_T-GdfIyLSEXqA**",set_76,45,45
17045," 7lkguFRx_T-o4pPNXWQtuQ**",set_76,45,45
17170," 7lkguFRx_T_-vA1q6sOCFg**",set_76,3,45
17295," 7lkguFRx_T_bsKO6bcLW6A**",set_76,45,45
17420," 7lkguFRx_T-UF_AY4QCMUw**",set_76,45,45
17545," 7lkguFRx_T9ul2D_56d9JA**",set_76,45,45
17670," 7lkguFRx_T_q1v2RhZtU9Q**",set_76,45,45
17795," 7lkguFRx_T_nAmWS0NFUyg**",set_76,45,45
17920," 7lkguFRx_T8MzxAVE_YOVQ**",set_76,4,45
18045," 7lkguFRx_T_5U1OSEoPCPw**",set_76,11,45
18170," 7lkguFRx_T-hrBgss3dt3A**",set_76,45,45
14448," 7lkguFRx_T9hMfhXGbyt1Q**",set_77,45,45
14836," 7lkguFRx_T-w_uFpFKt7vw**",set_77,45,45
15204," 7lkguFRx_T-e8qNrk4EL1g**",set_77,45,45
15679," 7lkguFRx_T-D3Jq-nM6klQ**",set_77,45,45
15829," 7lkguFRx_T9fGJvubacE6A**",set_77,45,45
16017," 7lkguFRx_T__f5kAoAsvjw**",set_77,45,45
16185," 7lkguFRx_T9qMdCXMpPPVg**",set_77,45,45
16414," 7lkguFRx_T8tIt4yMqTDJQ**",set_77,45,45
16545," 7lkguFRx_T9BzdUyyGoN-g**",set_77,45,45
16670," 7lkguFRx_T_5BrBbGrIt8w**",set_77,45,45
16796," 7lkguFRx_T-Irek5cVf6wg**",set_77,0,45
16921," 7lkguFRx_T_FeuTcAA1Ucg**",set_77,0,45
17046," 7lkguFRx_T-UdWm47NoxFA**",set_77,45,45
17171," 7lkguFRx_T9ubM4qa6AP3g**",set_77,45,45
17296," 7lkguFRx_T9ZlZE6-MEAvA**",set_77,45,45
17421," 7lkguFRx_T8SaD10-_zdoA**",set_77,45,45
17546," 7lkguFRx_T95bzgkbayaKg**",set_77,45,45
17671," 7lkguFRx_T84sTn_xViYRQ**",set_77,45,45
17796," 7lkguFRx_T9xUr4Bdm80oQ**",set_77,45,45
17921," 7lkguFRx_T8NxCDIHVxzyg**",set_77,3,45
18046," 7lkguFRx_T-uez-KovcuxA**",set_77,3,45
18171," 7lkguFRx_T9ATKxCf6-qbw**",set_77,3,45
14449," 7lkguFRx_T_ynt4MFNWj_A**",set_78,45,45
14837," 7lkguFRx_T8TVUA1s8melA**",set_78,45,45
15210," 7lkguFRx_T9H_NDe4vnXHg**",set_78,45,45
15680," 7lkguFRx_T8kMz5b5dnTpw**",set_78,45,45
15832," 7lkguFRx_T889TIfFiNkdg**",set_78,5,45
16018," 7lkguFRx_T_M4fmg8FQohA**",set_78,45,45
16186," 7lkguFRx_T9kGwNi3Fw6mw**",set_78,45,45
16415," 7lkguFRx_T94Wv2Dy0RsWA**",set_78,45,45
16546," 7lkguFRx_T_Id1YMJl2VPA**",set_78,45,45
16671," 7lkguFRx_T--sok621BvNg**",set_78,45,45
16797," 7lkguFRx_T910s42nTP-cg**",set_78,45,45
16922," 7lkguFRx_T9xwDpZJMtW6Q**",set_78,45,45
17047," 7lkguFRx_T9RMhIyrbSf8g**",set_78,45,45
17172," 7lkguFRx_T9hTysG_CnHtQ**",set_78,6,45
17297," 7lkguFRx_T-Om-RMyRZ_9A**",set_78,45,45
17422," 7lkguFRx_T-Ag_h5DbYvGQ**",set_78,5,45
17547," 7lkguFRx_T_Bo4VVudor4A**",set_78,4,45
17672," 7lkguFRx_T8BcCwlOlqH5A**",set_78,45,45
17797," 7lkguFRx_T8uV5FxC-gn_A**",set_78,45,45
17922," 7lkguFRx_T_ThrJ8XYhEJg**",set_78,45,45
18047," 7lkguFRx_T-SyVs8By4IzA**",set_78,15,45
18172," 7lkguFRx_T-uVkXlTlVz9g**",set_78,45,45
14453," 7lkguFRx_T_0bXWxOqaqIw**",set_79,0,45
14839," 7lkguFRx_T-UKs3JS4boYg**",set_79,0,45
15211," 7lkguFRx_T-T6vQK3VbFHA**",set_79,45,45
15681," 7lkguFRx_T-IhA8RYCEXEQ**",set_79,45,45
15833," 7lkguFRx_T-TCgVXlNdkvA**",set_79,1,45
16019," 7lkguFRx_T-xoqiU9byhJg**",set_79,45,45
16187," 7lkguFRx_T-ekPpmfg0gkQ**",set_79,45,45
16416," 7lkguFRx_T97i2iyWrkfpw**",set_79,45,45
16547," 7lkguFRx_T-Tv4XyPbfWPw**",set_79,45,45
16672," 7lkguFRx_T_L1XniAG-09w**",set_79,14,45
16798," 7lkguFRx_T-rLaSJ9SS05A**",set_79,45,45
16923," 7lkguFRx_T_E10Mn-aFflg**",set_79,9,45
17048," 7lkguFRx_T8RuF7hQtUSDg**",set_79,45,45
17173," 7lkguFRx_T-eneaXEpV2WQ**",set_79,45,45
17298," 7lkguFRx_T_NFQjpD5PudQ**",set_79,45,45
17423," 7lkguFRx_T9Vt0VARohnng**",set_79,45,45
17548," 7lkguFRx_T_mOQRuiC3SaQ**",set_79,45,45
17673," 7lkguFRx_T9rNzDSydRWxw**",set_79,45,45
17798," 7lkguFRx_T99xTzh-8bCrQ**",set_79,45,45
17923," 7lkguFRx_T_eAGP9STkMcw**",set_79,45,45
18048," 7lkguFRx_T_bQTBypYikfA**",set_79,45,45
18173," 7lkguFRx_T-dclN1U4oUEQ**",set_79,0,45
14457," 7lkguFRx_T8N2c1MyKZMrA**",set_80,45,45
14848," 7lkguFRx_T_3nP6vJRlqOA**",set_80,11,45
15212," 7lkguFRx_T8SILg4_XmC8Q**",set_80,5,45
15682," 7lkguFRx_T-LlMyDQZstGA**",set_80,45,45
15834," 7lkguFRx_T9DjzZL-ocB6A**",set_80,45,45
16020," 7lkguFRx_T_vWgCCiFxZqw**",set_80,2,45
16192," 7lkguFRx_T88yCycpVnJWA**",set_80,45,45
16417," 7lkguFRx_T_FQlJR7D-TPA**",set_80,45,45
16548," 7lkguFRx_T-c_U46rLmUCw**",set_80,45,45
16673," 7lkguFRx_T_TzT744RbuGA**",set_80,1,45
16799," 7lkguFRx_T9qdrn6vZxB9w**",set_80,4,45
16924," 7lkguFRx_T-dLq4YSc9Wvg**",set_80,45,45
17049," 7lkguFRx_T8NQUjjSAIVkQ**",set_80,0,45
17174," 7lkguFRx_T_CRKoX8VYSIw**",set_80,4,45
17299," 7lkguFRx_T-PGbzL_rFwdg**",set_80,45,45
17424," 7lkguFRx_T9DxWpD8uI-MQ**",set_80,45,45
17549," 7lkguFRx_T8Z6JcddBPOlQ**",set_80,45,45
17674," 7lkguFRx_T9HJ4H_6VxpDQ**",set_80,45,45
17799," 7lkguFRx_T8Omqd8XivfXg**",set_80,45,45
17924," 7lkguFRx_T-MKPNFmo9fJw**",set_80,1,45
18049," 7lkguFRx_T8WsAkS-kNi4w**",set_80,45,45
18174," 7lkguFRx_T-R2wcfMRVeIQ**",set_80,45,45
14460," 7lkguFRx_T-3EFQZyhoc4w**",set_81,45,45
14850," 7lkguFRx_T8S6RtvoBkBGg**",set_81,45,45
15217," 7lkguFRx_T9HDDqpBVm_Mw**",set_81,45,45
15683," 7lkguFRx_T9BN0LJvww2nQ**",set_81,45,45
15835," 7lkguFRx_T88exX4g6yAvg**",set_81,0,45
16021," 7lkguFRx_T_uLVatMV26PA**",set_81,45,45
16193," 7lkguFRx_T_-BJANauDeFA**",set_81,45,45
16418," 7lkguFRx_T8lB41CcTpbKQ**",set_81,2,45
16549," 7lkguFRx_T81mmWD-jaTJQ**",set_81,2,45
16674," 7lkguFRx_T-iCOB1PKU14Q**",set_81,45,45
16800," 7lkguFRx_T98FsGXEkWIAg**",set_81,45,45
16925," 7lkguFRx_T9ClZe8kXcaqA**",set_81,5,45
17050," 7lkguFRx_T-L8GT2QQpk4g**",set_81,45,45
17175," 7lkguFRx_T_ZqfbRuzxxrw**",set_81,45,45
17300," 7lkguFRx_T_4uhN_8hVddA**",set_81,4,45
17425," 7lkguFRx_T-3q47LBaZTFg**",set_81,45,45
17550," 7lkguFRx_T8ylKnqTfhmdA**",set_81,45,45
17675," 7lkguFRx_T8yEz9E1G7wvg**",set_81,5,45
17800," 7lkguFRx_T8BSRWrJYu3Mw**",set_81,45,45
17925," 7lkguFRx_T_zR7jNFhLQ7A**",set_81,0,45
18050," 7lkguFRx_T83j5_kJLXpeg**",set_81,13,45
18175," 7lkguFRx_T_dgcDTBwl3XA**",set_81,45,45
14462," 7lkguFRx_T8SAq4srS3k9g**",set_82,45,45
14855," 7lkguFRx_T-0sWxoYCbNvg**",set_82,45,45
15233," 7lkguFRx_T_dyp0D1g5sdg**",set_82,45,45
15684," 7lkguFRx_T-UN_kxW-3VAA**",set_82,45,45
15836," 7lkguFRx_T8d55AdJssqMw**",set_82,45,45
16022," 7lkguFRx_T8xGlQpxFvRLg**",set_82,8,45
16198," 7lkguFRx_T_NWr_KeViZwQ**",set_82,45,45
16419," 7lkguFRx_T8McXEdM48z2w**",set_82,45,45
16550," 7lkguFRx_T_dOeN-8nUt9Q**",set_82,45,45
16675," 7lkguFRx_T8vP2CoOt2h0g**",set_82,5,45
16801," 7lkguFRx_T-qd7-4Uqx7GQ**",set_82,4,45
16926," 7lkguFRx_T9c_aey4jhWlA**",set_82,2,45
17051," 7lkguFRx_T-iznLiBsoH7A**",set_82,45,45
17176," 7lkguFRx_T9SvSQh5GudXA**",set_82,45,45
17301," 7lkguFRx_T9dSKD-e5zCQw**",set_82,45,45
17426," 7lkguFRx_T9ATuploAa4xA**",set_82,45,45
17551," 7lkguFRx_T-VSNCZ6Ctc0A**",set_82,22,45
17676," 7lkguFRx_T8n_FnNgj3OyA**",set_82,5,45
17801," 7lkguFRx_T_ib2k6KTNXzw**",set_82,45,45
17926," 7lkguFRx_T_utVfeHqwQIQ**",set_82,45,45
18051," 7lkguFRx_T_zC7rbw7RcLw**",set_82,45,45
18176," 7lkguFRx_T9S_pTipZWzpA**",set_82,45,45
14464," 7lkguFRx_T-pwCTpVhAVyg**",set_83,45,45
14856," 7lkguFRx_T88g2YiocMtuA**",set_83,45,45
15240," 7lkguFRx_T81f4fdyU3xBQ**",set_83,45,45
15685," 7lkguFRx_T9BUKo0f7Ml4A**",set_83,5,45
15837," 7lkguFRx_T_rWwLqsE_FrA**",set_83,45,45
16024," 7lkguFRx_T-GfLKHCdAJMw**",set_83,45,45
16201," 7lkguFRx_T9b5ufk3QvN4g**",set_83,45,45
16420," 7lkguFRx_T8GGPm5QbjKHA**",set_83,45,45
16551," 7lkguFRx_T-271kW8bdmQg**",set_83,45,45
16676," 7lkguFRx_T9WvrFhWNn0nQ**",set_83,45,45
16802," 7lkguFRx_T9Cz69mTS0FLQ**",set_83,2,45
16927," 7lkguFRx_T93Pa5X6DWa_g**",set_83,4,45
17052," 7lkguFRx_T-wJv4P2YqCEQ**",set_83,0,45
17177," 7lkguFRx_T8OIg_OBduT_w**",set_83,45,45
17302," 7lkguFRx_T-nW2glBCq4xA**",set_83,45,45
17427," 7lkguFRx_T-p-uZ2ZiBQ9A**",set_83,45,45
17552," 7lkguFRx_T_oC1fFJrbOgw**",set_83,45,45
17677," 7lkguFRx_T9OO33FY89_KA**",set_83,2,45
17802," 7lkguFRx_T94-hGmMQa8Wg**",set_83,12,45
17927," 7lkguFRx_T-937MEwOKAGA**",set_83,45,45
18052," 7lkguFRx_T807gi7hBL4AQ**",set_83,45,45
18177," 7lkguFRx_T_Oo3lvpDtJHw**",set_83,12,45
14466," 7lkguFRx_T_8JE2YciknKQ**",set_84,28,45
14863," 7lkguFRx_T9fTQ9ttebvHA**",set_84,45,45
15252," 7lkguFRx_T-HuDqh2hyJyw**",set_84,4,45
15686," 7lkguFRx_T8U3q5L_8PTNA**",set_84,45,45
15838," 7lkguFRx_T_UTgZ27tKNHg**",set_84,1,45
16026," 7lkguFRx_T97jllq6Vk-Ag**",set_84,45,45
16204," 7lkguFRx_T95ojDTY8FAHw**",set_84,3,45
16421," 7lkguFRx_T9PmxLdBf5_PA**",set_84,45,45
16552," 7lkguFRx_T_0bGIf_w2xYg**",set_84,45,45
16677," 7lkguFRx_T_d03Ibf2YajA**",set_84,45,45
16803," 7lkguFRx_T-kYH7_KyKHfg**",set_84,0,45
16928," 7lkguFRx_T9pM25UbReUdw**",set_84,45,45
17053," 7lkguFRx_T_XwhynD-_AjA**",set_84,45,45
17178," 7lkguFRx_T-iStbqee-ynQ**",set_84,5,45
17303," 7lkguFRx_T__Xbrwe263aw**",set_84,5,45
17428," 7lkguFRx_T8cprsELfrFSg**",set_84,45,45
17553," 7lkguFRx_T8LqGsRyAoVKg**",set_84,45,45
17678," 7lkguFRx_T93QijOCdlOVA**",set_84,19,45
17803," 7lkguFRx_T8BWU978BmdJQ**",set_84,5,45
17928," 7lkguFRx_T95qJl9WpZasg**",set_84,45,45
18053," 7lkguFRx_T8J3QvT7mqp7w**",set_84,45,45
18178," 7lkguFRx_T-pstXx_buVQA**",set_84,19,45
14473," 7lkguFRx_T9Me8XCIUbolw**",set_85,45,45
14865," 7lkguFRx_T_esacFC-LcCw**",set_85,45,45
15255," 7lkguFRx_T_1UbPdcyqLYw**",set_85,2,45
15687," 7lkguFRx_T_lCUdQdv4b0Q**",set_85,45,45
15839," 7lkguFRx_T9_yTAOuy3Iww**",set_85,45,45
16027," 7lkguFRx_T9fS917SxdgZg**",set_85,45,45
16213," 7lkguFRx_T-MT2QqU3e-Dw**",set_85,4,45
16422," 7lkguFRx_T_GLJRNnzrGwQ**",set_85,45,45
16553," 7lkguFRx_T_Y13U25Re91A**",set_85,45,45
16678," 7lkguFRx_T8v6ZRO4Loc5g**",set_85,45,45
16804," 7lkguFRx_T9omwwvEXCMjA**",set_85,0,45
16929," 7lkguFRx_T-_MQaZXK3_2Q**",set_85,45,45
17054," 7lkguFRx_T9GpHwpl1014Q**",set_85,45,45
17179," 7lkguFRx_T8lleUaGgDR_w**",set_85,5,45
17304," 7lkguFRx_T-Lb5ngBnrYXA**",set_85,45,45
17429," 7lkguFRx_T_K1Nz6-8HSGQ**",set_85,45,45
17554," 7lkguFRx_T86c8byN7xfow**",set_85,45,45
17679," 7lkguFRx_T_TdojN7U8khg**",set_85,1,45
17804," 7lkguFRx_T_vhjijjDmDuA**",set_85,45,45
17929," 7lkguFRx_T91gBKUiQpNgQ**",set_85,13,45
18054," 7lkguFRx_T8to9wTbpudLw**",set_85,45,45
18179," 7lkguFRx_T9pdivmbJNJjQ**",set_85,45,45
14487," 7lkguFRx_T-BXYNYiZ-vUQ**",set_86,45,45
14869," 7lkguFRx_T9wfSpGPNZsqw**",set_86,45,45
15261," 7lkguFRx_T8obC0f3SsENQ**",set_86,45,45
15688," 7lkguFRx_T_7dukMkqYCwQ**",set_86,45,45
15841," 7lkguFRx_T95dfyu9q6DbQ**",set_86,45,45
16028," 7lkguFRx_T-TyAaKXNMkwQ**",set_86,45,45
16214," 7lkguFRx_T8zuRPQk1tjGA**",set_86,0,45
16423," 7lkguFRx_T8tFGV1lIKRLw**",set_86,45,45
16554," 7lkguFRx_T9WAYPFGEOn-w**",set_86,45,45
16679," 7lkguFRx_T-d5i73lSTWWA**",set_86,22,45
16805," 7lkguFRx_T8yKUEpEGy_sg**",set_86,45,45
16930," 7lkguFRx_T9fVJZ5XGkarQ**",set_86,45,45
17055," 7lkguFRx_T_VygD_g7AsEg**",set_86,45,45
17180," 7lkguFRx_T_MoFhodoA2-w**",set_86,45,45
17305," 7lkguFRx_T-UVIAN3bipfA**",set_86,1,45
17430," 7lkguFRx_T_e7NJdfkQMfQ**",set_86,45,45
17555," 7lkguFRx_T8AQB5icdJlbg**",set_86,40,45
17680," 7lkguFRx_T-9iLcJmIB1rw**",set_86,45,45
17805," 7lkguFRx_T81opy-A_-BDA**",set_86,45,45
17930," 7lkguFRx_T_XzlOB2OyNGA**",set_86,45,45
18055," 7lkguFRx_T9IOqr6PBV2pg**",set_86,45,45
18180," 7lkguFRx_T-F2krWukDDTA**",set_86,45,45
14490," 7lkguFRx_T_Ihck0dswKVw**",set_87,45,45
14871," 7lkguFRx_T8vRLA7KPVniQ**",set_87,45,45
15262," 7lkguFRx_T850JF42Y7djw**",set_87,45,45
15689," 7lkguFRx_T82a8uOS6QSmA**",set_87,45,45
15842," 7lkguFRx_T9HG7olmoAHHA**",set_87,45,45
16029," 7lkguFRx_T97hRwEWK5a9Q**",set_87,2,45
16216," 7lkguFRx_T8yeJ7CD-ETlw**",set_87,45,45
16424," 7lkguFRx_T8JaEzpXqi-Kw**",set_87,0,45
16555," 7lkguFRx_T_UKxnmasbKYw**",set_87,45,45
16680," 7lkguFRx_T9f9iYF0T-7wA**",set_87,20,45
16806," 7lkguFRx_T-WB5vT1lQqpQ**",set_87,4,45
16931," 7lkguFRx_T9IQ4bC_pN3Zg**",set_87,45,45
17056," 7lkguFRx_T_4J_whTRi0EQ**",set_87,45,45
17181," 7lkguFRx_T9bvuxiE0hGpg**",set_87,45,45
17306," 7lkguFRx_T8BfnqVpB4s2g**",set_87,45,45
17431," 7lkguFRx_T-pFSG_xZ1HOg**",set_87,45,45
17556," 7lkguFRx_T-6FuniYMXArw**",set_87,45,45
17681," 7lkguFRx_T_hl989jPwZ_w**",set_87,45,45
17806," 7lkguFRx_T-Xm7ouiajiAw**",set_87,45,45
17931," 7lkguFRx_T-uAlMKqtw5iQ**",set_87,45,45
18056," 7lkguFRx_T_8HX5yQi1bYA**",set_87,2,45
18181," 7lkguFRx_T9VqcMAyayIHQ**",set_87,45,45
14496," 7lkguFRx_T_zKdJbQ74fLQ**",set_88,45,45
14874," 7lkguFRx_T9-7mORa0kfsw**",set_88,45,45
15266," 7lkguFRx_T_DW_XhDvZb9Q**",set_88,0,45
15690," 7lkguFRx_T-nsieo91wEOQ**",set_88,14,45
15843," 7lkguFRx_T-T4JMnwtFrYA**",set_88,4,45
16030," 7lkguFRx_T8h9gz_M6rF4w**",set_88,45,45
16217," 7lkguFRx_T_W2opbNkaJTQ**",set_88,45,45
16425," 7lkguFRx_T-ua_Lu90hfqA**",set_88,45,45
16556," 7lkguFRx_T-Ht24qx01ciw**",set_88,45,45
16681," 7lkguFRx_T-_GmaBk14K6w**",set_88,0,45
16807," 7lkguFRx_T80yxvYOln5PQ**",set_88,45,45
16932," 7lkguFRx_T9BfuN7WYZ4xA**",set_88,45,45
17057," 7lkguFRx_T_PYW7gZOmNDQ**",set_88,45,45
17182," 7lkguFRx_T9PEZV8wxjIGw**",set_88,45,45
17307," 7lkguFRx_T_N0Z9o0VncHw**",set_88,45,45
17432," 7lkguFRx_T9xcDtMcsZ2Wg**",set_88,4,45
17557," 7lkguFRx_T8ayOiflvX3HA**",set_88,45,45
17682," 7lkguFRx_T-bPbeitcVzEw**",set_88,45,45
17807," 7lkguFRx_T-HOgRwTPqNaw**",set_88,45,45
17932," 7lkguFRx_T8sp4iEXSGvUA**",set_88,45,45
18057," 7lkguFRx_T9aAb65gTOsAw**",set_88,45,45
18182," 7lkguFRx_T-SLmuB-uR8kQ**",set_88,12,45
14497," 7lkguFRx_T8sQ_jzWO5lbQ**",set_89,45,45
14875," 7lkguFRx_T8xCpNbPcJKcg**",set_89,45,45
15270," 7lkguFRx_T9_FXJRTuT0xQ**",set_89,5,45
15691," 7lkguFRx_T83ZvpDxits2Q**",set_89,45,45
15844," 7lkguFRx_T_sSuB-E1avRQ**",set_89,45,45
16031," 7lkguFRx_T96JEuLMNYYgQ**",set_89,2,45
16218," 7lkguFRx_T_QM-Wn7ufTXA**",set_89,45,45
16426," 7lkguFRx_T-r-7Z8pUoBYg**",set_89,45,45
16557," 7lkguFRx_T9l70FbITUpag**",set_89,45,45
16682," 7lkguFRx_T-FmRNCeRNtnA**",set_89,45,45
16808," 7lkguFRx_T-bo8x2gb1RBg**",set_89,45,45
16933," 7lkguFRx_T-hyrCrzk059Q**",set_89,45,45
17058," 7lkguFRx_T8RRi5YwGlAzQ**",set_89,17,45
17183," 7lkguFRx_T9jgfAYDNtcDA**",set_89,2,45
17308," 7lkguFRx_T-gZ18nWVAG4w**",set_89,0,45
17433," 7lkguFRx_T9POwnOE4JtCQ**",set_89,45,45
17558," 7lkguFRx_T9qzrZBkqOeXw**",set_89,45,45
17683," 7lkguFRx_T99bnm12Bs4rw**",set_89,45,45
17808," 7lkguFRx_T8_uKOFZdiZVA**",set_89,45,45
17933," 7lkguFRx_T9xM1nRR1LmzQ**",set_89,45,45
18058," 7lkguFRx_T_nB2XpIgM3zA**",set_89,45,45
18183," 7lkguFRx_T_ZarsG9Y_VPA**",set_89,45,45
14502," 7lkguFRx_T8CWbnN6RSQlA**",set_90,0,45
14876," 7lkguFRx_T-jIcGUO_-bNw**",set_90,45,45
15273," 7lkguFRx_T_z9ak1I9vAdQ**",set_90,45,45
15692," 7lkguFRx_T9YEc4L6q8eIw**",set_90,45,45
15845," 7lkguFRx_T9cdlLSwUHgeg**",set_90,45,45
16032," 7lkguFRx_T-M1Yd7ua_I1g**",set_90,45,45
16229," 7lkguFRx_T8lcZbnwiE0AQ**",set_90,45,45
16427," 7lkguFRx_T-WJFeua5U-jA**",set_90,11,45
16558," 7lkguFRx_T-0dH5LIiF3Gg**",set_90,45,45
16683," 7lkguFRx_T_EBTKgjyNaaA**",set_90,45,45
16809," 7lkguFRx_T-QSESRW50ZAw**",set_90,5,45
16934," 7lkguFRx_T-ao9bg-FePpQ**",set_90,45,45
17059," 7lkguFRx_T-y91sX9QrbLQ**",set_90,45,45
17184," 7lkguFRx_T_ibnUJEC9vxA**",set_90,45,45
17309," 7lkguFRx_T93RAj2E8LkEA**",set_90,45,45
17434," 7lkguFRx_T9Jg4bfjs5k9A**",set_90,0,45
17559," 7lkguFRx_T-1zA5eBzzHqg**",set_90,45,45
17684," 7lkguFRx_T9wV_P-UWUZ4w**",set_90,45,45
17809," 7lkguFRx_T8yA5nD7MVO9A**",set_90,45,45
17934," 7lkguFRx_T8O9wkpIul59w**",set_90,45,45
18059," 7lkguFRx_T_CRJ4xv-e46g**",set_90,45,45
18184," 7lkguFRx_T9_FzQU-yVkzQ**",set_90,45,45
14503," 7lkguFRx_T-vAD9k-hfQaA**",set_91,45,45
14877," 7lkguFRx_T8W2IF88jA1nA**",set_91,45,45
15283," 7lkguFRx_T_YDY9tm1qHYw**",set_91,45,45
15693," 7lkguFRx_T8uxepO9uir2g**",set_91,45,45
15846," 7lkguFRx_T_PwiYIBTabBQ**",set_91,45,45
16033," 7lkguFRx_T_nKcqeVfboqA**",set_91,45,45
16231," 7lkguFRx_T8qtU_MkRDfxg**",set_91,45,45
16429," 7lkguFRx_T9Rj5wqiRF0yQ**",set_91,3,45
16559," 7lkguFRx_T_y4ZRZgFYjjg**",set_91,45,45
16684," 7lkguFRx_T-0lXGkRvSMLg**",set_91,45,45
16810," 7lkguFRx_T83KZ5T3ExeXw**",set_91,45,45
16935," 7lkguFRx_T-QKGNsrlLUtQ**",set_91,45,45
17060," 7lkguFRx_T_GbngofKDRTQ**",set_91,45,45
17185," 7lkguFRx_T_GjDmci-Gb0w**",set_91,45,45
17310," 7lkguFRx_T90AQxOtC9ZjQ**",set_91,45,45
17435," 7lkguFRx_T9CdKMG3Mmhhg**",set_91,13,45
17560," 7lkguFRx_T_P5XtfGoyhgw**",set_91,4,45
17685," 7lkguFRx_T_TqqfSLZIb9g**",set_91,45,45
17810," 7lkguFRx_T_iyv3a_SOMZA**",set_91,45,45
17935," 7lkguFRx_T9YI12jQUn9Sg**",set_91,45,45
18060," 7lkguFRx_T-wGF73LKWH9Q**",set_91,45,45
18185," 7lkguFRx_T_HDK0fMTyKRw**",set_91,45,45
14504," 7lkguFRx_T-VsEp9CAPZqg**",set_92,45,45
14878," 7lkguFRx_T9NFmqNLjh0Jw**",set_92,45,45
15291," 7lkguFRx_T-p3z9k9x50LA**",set_92,45,45
15694," 7lkguFRx_T--1yw8WaStRA**",set_92,45,45
15848," 7lkguFRx_T8ajEafYwIZaw**",set_92,45,45
16034," 7lkguFRx_T9cjfsC_YUdgw**",set_92,45,45
16234," 7lkguFRx_T-71HSzgaxZyQ**",set_92,0,45
16430," 7lkguFRx_T_6ISLlunj5wA**",set_92,45,45
16560," 7lkguFRx_T_JUd4g-uNuDg**",set_92,45,45
16685," 7lkguFRx_T9Ul45uR6893Q**",set_92,45,45
16811," 7lkguFRx_T_McD5vW74H6g**",set_92,0,45
16936," 7lkguFRx_T_4siypLvmlcw**",set_92,0,45
17061," 7lkguFRx_T-cO5QiXA1g5w**",set_92,45,45
17186," 7lkguFRx_T-UD-onAr2l2Q**",set_92,45,45
17311," 7lkguFRx_T_EGkzwGh6AHQ**",set_92,45,45
17436," 7lkguFRx_T__yQtGlKrzFQ**",set_92,45,45
17561," 7lkguFRx_T_nX215IYJl1w**",set_92,45,45
17686," 7lkguFRx_T-BxQHqvvFHQg**",set_92,45,45
17811," 7lkguFRx_T_SWgiladG01Q**",set_92,5,45
17936," 7lkguFRx_T8M66xhUllLOQ**",set_92,45,45
18061," 7lkguFRx_T8o29K3AXHBEA**",set_92,4,45
18186," 7lkguFRx_T9j0iiowvrCqA**",set_92,45,45
14506," 7lkguFRx_T_e5ZarNGRyTA**",set_93,45,45
14880," 7lkguFRx_T_2H5iy91ygag**",set_93,45,45
15295," 7lkguFRx_T90uSI4TAsBKw**",set_93,45,45
15695," 7lkguFRx_T8FRfuRQBN99w**",set_93,45,45
15849," 7lkguFRx_T-w7z_jYbmAbA**",set_93,45,45
16035," 7lkguFRx_T9HZciva8kt-A**",set_93,4,45
16237," 7lkguFRx_T-xVHm3QeoFRw**",set_93,45,45
16432," 7lkguFRx_T9izjg3o1PajQ**",set_93,0,45
16561," 7lkguFRx_T_JUd4g-uNuDg**",set_93,0,45
16686," 7lkguFRx_T--VfmuwMvDQA**",set_93,45,45
16812," 7lkguFRx_T9tdM_KVIkMpA**",set_93,4,45
16937," 7lkguFRx_T8hP2AU1W90XA**",set_93,45,45
17062," 7lkguFRx_T-YUFtG8cXdTg**",set_93,2,45
17187," 7lkguFRx_T-Er1l6RGEh4Q**",set_93,45,45
17312," 7lkguFRx_T_0E8Seo6X10Q**",set_93,45,45
17437," 7lkguFRx_T_cAR6QjJnEiQ**",set_93,45,45
17562," 7lkguFRx_T_6HWkCbH_k7A**",set_93,36,45
17687," 7lkguFRx_T-JNMxnwfk65A**",set_93,45,45
17812," 7lkguFRx_T9G4KArMlCalQ**",set_93,45,45
17937," 7lkguFRx_T-wHLefeisptA**",set_93,45,45
18062," 7lkguFRx_T8tImzGnf5ogQ**",set_93,45,45
18187," 7lkguFRx_T8beOTCEqlwsA**",set_93,45,45
14507," 7lkguFRx_T9D2DK2IAPFxg**",set_94,45,45
14882," 7lkguFRx_T-Resg-QHjBdQ**",set_94,45,45
15296," 7lkguFRx_T_vtBotH8aX2A**",set_94,45,45
15696," 7lkguFRx_T9KfPfTNlZG-w**",set_94,5,45
15850," 7lkguFRx_T8JkRmSWX92hA**",set_94,3,45
16036," 7lkguFRx_T8njE_Yf5XIsA**",set_94,45,45
16239," 7lkguFRx_T8FNY04e-46gw**",set_94,45,45
16433," 7lkguFRx_T9DyFNDca5L7Q**",set_94,45,45
16562," 7lkguFRx_T8UrId0f3mBwA**",set_94,45,45
16687," 7lkguFRx_T9jgG8xcCF8Sw**",set_94,0,45
16813," 7lkguFRx_T-Olw7NSPfP_Q**",set_94,45,45
16938," 7lkguFRx_T_FSMf3yp8JHg**",set_94,45,45
17063," 7lkguFRx_T-nUCqBjQoWvA**",set_94,5,45
17188," 7lkguFRx_T-Zs0kik-rpHQ**",set_94,45,45
17313," 7lkguFRx_T_W6Pzp6c4y6g**",set_94,45,45
17438," 7lkguFRx_T9Y7JFuohHslg**",set_94,6,45
17563," 7lkguFRx_T_3BOiTAA-ejg**",set_94,45,45
17688," 7lkguFRx_T_8gsU0p4Ow-g**",set_94,45,45
17813," 7lkguFRx_T_kECzcknBhGw**",set_94,45,45
17938," 7lkguFRx_T8rqjtortZugA**",set_94,45,45
18063," 7lkguFRx_T99obMxujXDuQ**",set_94,45,45
18188," 7lkguFRx_T8dlf2nySLFcw**",set_94,45,45
14508," 7lkguFRx_T-LspS_ROB4eA**",set_95,45,45
14884," 7lkguFRx_T_U-fl52I6OTg**",set_95,0,45
15297," 7lkguFRx_T-Kvl33sZxeIA**",set_95,1,45
15697," 7lkguFRx_T8aQfUN_xHUrQ**",set_95,45,45
15851," 7lkguFRx_T-jnYzS44rfVg**",set_95,45,45
16037," 7lkguFRx_T_BMrK6t6ayPA**",set_95,9,45
16243," 7lkguFRx_T_Qlm-TcZvoyA**",set_95,45,45
16434," 7lkguFRx_T91FHzWQZQRNw**",set_95,5,45
16563," 7lkguFRx_T-0Wy9dFVWIIw**",set_95,4,45
16688," 7lkguFRx_T_DHGfaQAicfw**",set_95,45,45
16814," 7lkguFRx_T_il0_P4Fw3tw**",set_95,45,45
16939," 7lkguFRx_T8o6oGDsXws1w**",set_95,45,45
17064," 7lkguFRx_T_PiD-7Kw6pwA**",set_95,12,45
17189," 7lkguFRx_T_uPg3zCUtjNA**",set_95,45,45
17314," 7lkguFRx_T9njMlecQbSeQ**",set_95,45,45
17439," 7lkguFRx_T-9LSXrZC7j4w**",set_95,45,45
17564," 7lkguFRx_T8RO6tVWKLxtA**",set_95,45,45
17689," 7lkguFRx_T_o_niHcMUQpQ**",set_95,45,45
17814," 7lkguFRx_T_WQgUlcEoP7Q**",set_95,45,45
17939," 7lkguFRx_T_gFLCVbvQfCA**",set_95,45,45
18064," 7lkguFRx_T-NBWTr5ckjIA**",set_95,45,45
18189," 7lkguFRx_T9-mh3roOPDBg**",set_95,45,45
14509," 7lkguFRx_T-1GTQP4WYKhA**",set_96,45,45
14885," 7lkguFRx_T8eTaTnsm0_Kw**",set_96,45,45
15298," 7lkguFRx_T_WfIYGCPK9ig**",set_96,45,45
15698," 7lkguFRx_T_NtPIEay1QvA**",set_96,5,45
15852," 7lkguFRx_T-vxjRdHmpYWQ**",set_96,45,45
16038," 7lkguFRx_T-jOb3UyI4UBQ**",set_96,45,45
16248," 7lkguFRx_T-n7kNgGhregQ**",set_96,45,45
16437," 7lkguFRx_T_KqeFHE9N00w**",set_96,45,45
16564," 7lkguFRx_T8lYZWFG8bu-g**",set_96,0,45
16689," 7lkguFRx_T9NC7g7vPp1aw**",set_96,45,45
16815," 7lkguFRx_T9AwBnubLsw9Q**",set_96,45,45
16940," 7lkguFRx_T-O_1YZ18pWsQ**",set_96,45,45
17065," 7lkguFRx_T-0L763KdHvYg**",set_96,45,45
17190," 7lkguFRx_T-iibRu3qqweg**",set_96,5,45
17315," 7lkguFRx_T-kmIJwjBnCbQ**",set_96,45,45
17440," 7lkguFRx_T8lJsffZdrPbA**",set_96,21,45
17565," 7lkguFRx_T-CU-i43Nj98w**",set_96,45,45
17690," 7lkguFRx_T-B2Or30-CyuQ**",set_96,0,45
17815," 7lkguFRx_T9bLLTN1FkvWg**",set_96,41,45
17940," 7lkguFRx_T_oE-d7p8XomQ**",set_96,7,45
18065," 7lkguFRx_T-S7SMwSrUXPQ**",set_96,4,45
18190," 7lkguFRx_T8sIkKcUKYcdw**",set_96,45,45
14510," 7lkguFRx_T-rzYcMyeF_lQ**",set_97,2,45
14886," 7lkguFRx_T-A2NM8i697Nw**",set_97,45,45
15299," 7lkguFRx_T-Knujhp9ijlg**",set_97,45,45
15699," 7lkguFRx_T8exbEkjkvZXw**",set_97,45,45
15853," 7lkguFRx_T-PKLaYO6jCwg**",set_97,45,45
16039," 7lkguFRx_T8IITht8RsQKA**",set_97,45,45
16249," 7lkguFRx_T-pnp3uGXZOtw**",set_97,45,45
16438," 7lkguFRx_T8seoODD21PZg**",set_97,4,45
16565," 7lkguFRx_T87mBelj3GMKQ**",set_97,45,45
16690," 7lkguFRx_T-6RLjSmVawBA**",set_97,45,45
16816," 7lkguFRx_T-J5Baw15NB9A**",set_97,2,45
16941," 7lkguFRx_T_ki60ERBsCNA**",set_97,45,45
17066," 7lkguFRx_T-CZGcTTvXGtw**",set_97,45,45
17191," 7lkguFRx_T_fj0cnw61qsg**",set_97,45,45
17316," 7lkguFRx_T-BKmu6gMnr_w**",set_97,45,45
17441," 7lkguFRx_T8v6pPLcU8QmQ**",set_97,45,45
17566," 7lkguFRx_T_my6cmvydm8w**",set_97,0,45
17691," 7lkguFRx_T99Z6O9Z8znuA**",set_97,10,45
17816," 7lkguFRx_T_dVULWjKB4NQ**",set_97,45,45
17941," 7lkguFRx_T-r2dorbZhDLw**",set_97,2,45
18066," 7lkguFRx_T-q6Mm0rOkbGA**",set_97,45,45
18191," 7lkguFRx_T9lcLn9y6o5-A**",set_97,45,45
14515," 7lkguFRx_T9Q8-IG1O_lBw**",set_98,45,45
14887," 7lkguFRx_T-7Crm8goAVIQ**",set_98,45,45
15304," 7lkguFRx_T-d2NINGJm3Wg**",set_98,2,45
15700," 7lkguFRx_T8DLaW4CTI_uA**",set_98,45,45
15854," 7lkguFRx_T_AKAs8Smwbhg**",set_98,45,45
16040," 7lkguFRx_T8ELEfe8GfkNQ**",set_98,2,45
16251," 7lkguFRx_T_PWMfjxZbFgg**",set_98,45,45
16439," 7lkguFRx_T8AJUgt-OTNRA**",set_98,45,45
16566," 7lkguFRx_T92hlrLEyS8Lw**",set_98,45,45
16691," 7lkguFRx_T9f0zqrTQDhng**",set_98,45,45
16817," 7lkguFRx_T_MwRQOYHw-SQ**",set_98,4,45
16942," 7lkguFRx_T82CzdFq2eJsg**",set_98,0,45
17067," 7lkguFRx_T8zhHtkZIxpnA**",set_98,45,45
17192," 7lkguFRx_T_vVKeBfhrquQ**",set_98,45,45
17317," 7lkguFRx_T-f9Ojm6Ndbow**",set_98,45,45
17442," 7lkguFRx_T_husMfpR2-Uw**",set_98,45,45
17567," 7lkguFRx_T_8t8TyfaRwYQ**",set_98,2,45
17692," 7lkguFRx_T9LtFNQ_yuPaw**",set_98,45,45
17817," 7lkguFRx_T8b2J9-R4pxjQ**",set_98,42,45
17942," 7lkguFRx_T864wFdbLjvmQ**",set_98,1,45
18067," 7lkguFRx_T9KAFcDABe0-A**",set_98,45,45
18192," 7lkguFRx_T_bMy-xZfKPjQ**",set_98,45,45
14520," 7lkguFRx_T_VG00-yEn6qA**",set_99,45,45
14892," 7lkguFRx_T9UVvOoguLeGA**",set_99,45,45
15308," 7lkguFRx_T9MM4niLnrWfw**",set_99,45,45
15701," 7lkguFRx_T-v9HLyFg7C0w**",set_99,45,45
15855," 7lkguFRx_T-FzIB6YCXOyg**",set_99,0,45
16041," 7lkguFRx_T9uBq1gU8zscQ**",set_99,5,45
16253," 7lkguFRx_T_B8eq0BkLKNA**",set_99,1,45
16440," 7lkguFRx_T_VTiOxUvnDug**",set_99,2,45
16567," 7lkguFRx_T-S8BMIovVw2w**",set_99,2,45
16692," 7lkguFRx_T_WCUdwOAFprA**",set_99,0,45
16818," 7lkguFRx_T_nzYG2s_p2ug**",set_99,45,45
16943," 7lkguFRx_T9nSNR3HufiOg**",set_99,9,45
17068," 7lkguFRx_T_o9ELXqPPFbA**",set_99,45,45
17193," 7lkguFRx_T-_HXOxKwI16Q**",set_99,5,45
17318," 7lkguFRx_T8vjtd5lP7nuQ**",set_99,45,45
17443," 7lkguFRx_T_ZuY6XYP7Gqg**",set_99,45,45
17568," 7lkguFRx_T8X33D4ti8P5g**",set_99,4,45
17693," 7lkguFRx_T_Q9WSZFSGvlg**",set_99,45,45
17818," 7lkguFRx_T9JZIElz572BA**",set_99,45,45
17943," 7lkguFRx_T8jI8CO-PB3Yg**",set_99,45,45
18068," 7lkguFRx_T_P1FKM9C3SfQ**",set_99,45,45
18193," 7lkguFRx_T_QfuDPtWorGg**",set_99,45,45
14528," 7lkguFRx_T-uiTNjWlMCQw**",set_100,4,45
14895," 7lkguFRx_T-Ssnxhma6lew**",set_100,45,45
15309," 7lkguFRx_T9srqTqyuw5cw**",set_100,0,45
15702," 7lkguFRx_T9-50xC661kKw**",set_100,1,45
15856," 7lkguFRx_T9K22P-8YB1iQ**",set_100,1,45
16042," 7lkguFRx_T-4YCqqjcknVA**",set_100,2,45
16254," 7lkguFRx_T-sUOeH3R0-iA**",set_100,45,45
16441," 7lkguFRx_T9u9nGkD6lXsw**",set_100,45,45
16568," 7lkguFRx_T-1oNhgmcZDGg**",set_100,45,45
16693," 7lkguFRx_T8_DGKYRlNDKA**",set_100,45,45
16819," 7lkguFRx_T8rWqbrjHvECg**",set_100,3,45
16944," 7lkguFRx_T84B-GA6BzIXA**",set_100,45,45
17069," 7lkguFRx_T8I99pbbgV6rA**",set_100,45,45
17194," 7lkguFRx_T9lsrQ-daF26Q**",set_100,45,45
17319," 7lkguFRx_T_2-UDjugGjsg**",set_100,0,45
17444," 7lkguFRx_T-Aug-IOXPTTA**",set_100,45,45
17569," 7lkguFRx_T_tonP1rgIziA**",set_100,6,45
17694," 7lkguFRx_T8pASfqR9OZNw**",set_100,45,45
17819," 7lkguFRx_T8G7IdBf_UgOA**",set_100,45,45
17944," 7lkguFRx_T-sklkenF9ezA**",set_100,45,45
18069," 7lkguFRx_T9jBJ5-pXyUSQ**",set_100,7,45
18194," 7lkguFRx_T8OfbyGM1MhSg**",set_100,17,45
14529," 7lkguFRx_T9k8UOTPwYREQ**",set_101,2,45
14896," 7lkguFRx_T909-W0kmsLzg**",set_101,45,45
15314," 7lkguFRx_T9Oqd-Y2pJt4Q**",set_101,45,45
15703," 7lkguFRx_T_j61oyZQ5cug**",set_101,45,45
15857," 7lkguFRx_T_6II9MMe9amA**",set_101,45,45
16043," 7lkguFRx_T-fsjiD-VbnCw**",set_101,45,45
16255," 7lkguFRx_T85gPG9-nl2xg**",set_101,45,45
16442," 7lkguFRx_T9T38ZkpP57jg**",set_101,45,45
16569," 7lkguFRx_T973IvBlOKXqA**",set_101,45,45
16694," 7lkguFRx_T9RpsF3XkH6og**",set_101,45,45
16820," 7lkguFRx_T88jMUrQRR7NQ**",set_101,45,45
16945," 7lkguFRx_T9xOl-N8AsYeQ**",set_101,45,45
17070," 7lkguFRx_T_Kuur6yCzi5g**",set_101,45,45
17195," 7lkguFRx_T8GFIRmdBMjfw**",set_101,3,45
17320," 7lkguFRx_T_kG3uaniHrpw**",set_101,45,45
17445," 7lkguFRx_T-hkG5mwfBCZg**",set_101,45,45
17570," 7lkguFRx_T-KwntY9z5wzw**",set_101,45,45
17695," 7lkguFRx_T_M31zDmMmjeg**",set_101,5,45
17820," 7lkguFRx_T-VMSnUF9pklA**",set_101,45,45
17945," 7lkguFRx_T8v6dTpPMJ9BQ**",set_101,2,45
18070," 7lkguFRx_T-7BlpC9c-kFw**",set_101,0,45
18195," 7lkguFRx_T9sb9PGPCjNAw**",set_101,45,45
14538," 7lkguFRx_T9cMRRKOpIGIg**",set_102,45,45
14897," 7lkguFRx_T9h4KKt3jZTxw**",set_102,17,45
15317," 7lkguFRx_T_-OZDYAaG3xA**",set_102,45,45
15705," 7lkguFRx_T966lBSoMCxrA**",set_102,45,45
15858," 7lkguFRx_T_UFra9HC3LFg**",set_102,45,45
16044," 7lkguFRx_T9QHAqqVQfURA**",set_102,45,45
16256," 7lkguFRx_T_GR2d5-Hhxbg**",set_102,45,45
16443," 7lkguFRx_T8722n8m5_tXQ**",set_102,45,45
16570," 7lkguFRx_T-VdhSuYMtFEw**",set_102,45,45
16695," 7lkguFRx_T-wR2NGICZs0g**",set_102,45,45
16821," 7lkguFRx_T8beiN7O6WZtg**",set_102,45,45
16946," 7lkguFRx_T8aX7IUg75ULQ**",set_102,45,45
17071," 7lkguFRx_T-P6O3BLDZGPg**",set_102,45,45
17196," 7lkguFRx_T8vr7TkoqgnEQ**",set_102,45,45
17321," 7lkguFRx_T_ZHqyuqtApEQ**",set_102,45,45
17446," 7lkguFRx_T_HI0Zy8WBuZQ**",set_102,45,45
17571," 7lkguFRx_T-ZKW0xXpBVGw**",set_102,45,45
17696," 7lkguFRx_T-w9Y1JNU9_Wg**",set_102,45,45
17821," 7lkguFRx_T_3CQnt_9npwg**",set_102,45,45
17946," 7lkguFRx_T_Xdv0s7HoVyw**",set_102,45,45
18071," 7lkguFRx_T-0PXM_YY-30Q**",set_102,45,45
18196," 7lkguFRx_T9eLT_XLpVugQ**",set_102,45,45
14539," 7lkguFRx_T_f_ErIa_w6Yg**",set_103,45,45
14901," 7lkguFRx_T-D2o7tie7IzQ**",set_103,45,45
15321," 7lkguFRx_T__eYlEz0wVbQ**",set_103,45,45
15707," 7lkguFRx_T-8vYAMvKJoYg**",set_103,4,45
15859," 7lkguFRx_T-KVg4BjFAjfA**",set_103,26,45
16045," 7lkguFRx_T-67Fo6B0I0gw**",set_103,45,45
16257," 7lkguFRx_T_ED6oYDW3wIQ**",set_103,45,45
16444," 7lkguFRx_T-U4GVGBCVOJA**",set_103,45,45
16571," 7lkguFRx_T8dwTSi8_sdNw**",set_103,0,45
16696," 7lkguFRx_T_D0Kkufr18ag**",set_103,45,45
16822," 7lkguFRx_T-Z_Y2oc6A7Jw**",set_103,45,45
16947," 7lkguFRx_T_pmPEP77v6wA**",set_103,45,45
17072," 7lkguFRx_T-R9PcCL-NtmQ**",set_103,45,45
17197," 7lkguFRx_T_xTKjuRkG5zA**",set_103,45,45
17322," 7lkguFRx_T_vU_QC-RPhSg**",set_103,45,45
17447," 7lkguFRx_T9t6AU2gBm_NA**",set_103,45,45
17572," 7lkguFRx_T-HrgStEvu3ow**",set_103,45,45
17697," 7lkguFRx_T9fc7j_-VUpIw**",set_103,45,45
17822," 7lkguFRx_T8dY7hlhOIe9A**",set_103,45,45
17947," 7lkguFRx_T_TYRGRD5P2_Q**",set_103,45,45
18072," 7lkguFRx_T_Rj028WLuBZA**",set_103,45,45
18197," 7lkguFRx_T9M72YDxXIqog**",set_103,45,45
14541," 7lkguFRx_T_Ub5TTnMZa3g**",set_104,45,45
14904," 7lkguFRx_T_eaAoZBeDpYw**",set_104,45,45
15322," 7lkguFRx_T_3SnxjRziR6g**",set_104,5,45
15709," 7lkguFRx_T-yPbN5ubqdoA**",set_104,28,45
15861," 7lkguFRx_T_kqcz21y-gFw**",set_104,5,45
16046," 7lkguFRx_T94wrEyZg_DHg**",set_104,45,45
16259," 7lkguFRx_T8adeUXdVImtg**",set_104,45,45
16445," 7lkguFRx_T_fVf_BzG7cUQ**",set_104,0,45
16572," 7lkguFRx_T_0UsDriWHICQ**",set_104,27,45
16697," 7lkguFRx_T_ww466QHU79Q**",set_104,5,45
16823," 7lkguFRx_T9PxS267SMu8g**",set_104,1,45
16948," 7lkguFRx_T8Eg8I247GXwQ**",set_104,45,45
17073," 7lkguFRx_T-BOMGyoI-K9g**",set_104,45,45
17198," 7lkguFRx_T95450z7XCh5w**",set_104,45,45
17323," 7lkguFRx_T-hnP9HY3NArg**",set_104,45,45
17448," 7lkguFRx_T_KGA_fjNlEzg**",set_104,45,45
17573," 7lkguFRx_T8tjRonXmmrUw**",set_104,45,45
17698," 7lkguFRx_T96owEl-FhD7g**",set_104,45,45
17823," 7lkguFRx_T9k58jsfa4pwQ**",set_104,45,45
17948," 7lkguFRx_T93eUg3vvK9DQ**",set_104,45,45
18073," 7lkguFRx_T_2XOIMiUyCXA**",set_104,45,45
18198," 7lkguFRx_T8V56ph2VLeIg**",set_104,45,45
14544," 7lkguFRx_T8RSJ_oM5poZQ**",set_105,45,45
14905," 7lkguFRx_T-mEY2jKPhDtw**",set_105,14,45
15325," 7lkguFRx_T8ZFKO2za1ApQ**",set_105,45,45
15710," 7lkguFRx_T98NU2zM4kQMw**",set_105,45,45
15863," 7lkguFRx_T9YiLVtS-WcBw**",set_105,45,45
16047," 7lkguFRx_T_gvB5ISypeVw**",set_105,45,45
16260," 7lkguFRx_T-oCbvgCe2sDw**",set_105,2,45
16446," 7lkguFRx_T9xi3aiS-DXiw**",set_105,45,45
16573," 7lkguFRx_T8PTPCfGCPPvA**",set_105,45,45
16698," 7lkguFRx_T-f-KXneh2i1A**",set_105,3,45
16824," 7lkguFRx_T9rjO7sp4Lsvg**",set_105,45,45
16949," 7lkguFRx_T92z8V34P7d9A**",set_105,45,45
17074," 7lkguFRx_T_CWL4No3djrA**",set_105,45,45
17199," 7lkguFRx_T9JSkderbNf2Q**",set_105,45,45
17324," 7lkguFRx_T9udTIq8G3-Qw**",set_105,45,45
17449," 7lkguFRx_T8GA5DWCBhzhw**",set_105,45,45
17574," 7lkguFRx_T-Ye3PUFhE4Vw**",set_105,37,45
17699," 7lkguFRx_T9zbYESfCIS0w**",set_105,4,45
17824," 7lkguFRx_T8EnexlMY2Ixg**",set_105,3,45
17949," 7lkguFRx_T9-wVrtd72VwA**",set_105,45,45
18074," 7lkguFRx_T-XQbAgwk5YWA**",set_105,45,45
18199," 7lkguFRx_T9tIhX8xYSTpA**",set_105,45,45
14545," 7lkguFRx_T-G7_zl6h1JGw**",set_106,0,45
14907," 7lkguFRx_T9Rk6JL-SQWNQ**",set_106,45,45
15326," 7lkguFRx_T85VGffLm5uow**",set_106,45,45
15711," 7lkguFRx_T-aHZQ4QPW5iw**",set_106,45,45
15864," 7lkguFRx_T94NB-Y_meBCA**",set_106,45,45
16048," 7lkguFRx_T-0tfnUtC1ljg**",set_106,16,45
16261," 7lkguFRx_T-GiwpTTWAkcg**",set_106,45,45
16447," 7lkguFRx_T9x3tL95a9f5g**",set_106,45,45
16574," 7lkguFRx_T_i3NosB7MIWw**",set_106,3,45
16699," 7lkguFRx_T91ae5ctS-AvA**",set_106,45,45
16825," 7lkguFRx_T8rmudpUhOOGQ**",set_106,5,45
16950," 7lkguFRx_T-ABichUO5OBA**",set_106,2,45
17075," 7lkguFRx_T_m_pAyGHYHXg**",set_106,12,45
17200," 7lkguFRx_T9WtUVYnCdytA**",set_106,45,45
17325," 7lkguFRx_T9tCA6PPpc3GQ**",set_106,11,45
17450," 7lkguFRx_T_x0dsFrGmP_g**",set_106,0,45
17575," 7lkguFRx_T_DaVPHizvgFQ**",set_106,45,45
17700," 7lkguFRx_T--ka_dVXDUXQ**",set_106,2,45
17825," 7lkguFRx_T9ImDUjL9w46w**",set_106,45,45
17950," 7lkguFRx_T8Li377p_X5FA**",set_106,0,45
18075," 7lkguFRx_T-ULOoX6q-NfA**",set_106,45,45
18201," 7lkguFRx_T9xDJ-EXHpprA**",set_106,45,45
14546," 7lkguFRx_T_CENd4FTOqQg**",set_107,45,45
14908," 7lkguFRx_T9AxJNxud-zaw**",set_107,45,45
15329," 7lkguFRx_T-evjIvXSbBWQ**",set_107,45,45
15712," 7lkguFRx_T-1WC_2YAtHbA**",set_107,45,45
15865," 7lkguFRx_T8R4_YjbTuR5Q**",set_107,45,45
16049," 7lkguFRx_T8UTDRli-RLXw**",set_107,45,45
16262," 7lkguFRx_T8_OHRUxWOBHg**",set_107,45,45
16448," 7lkguFRx_T9HcvFX0cq7FA**",set_107,45,45
16575," 7lkguFRx_T9azi2gv_M8jg**",set_107,45,45
16700," 7lkguFRx_T8y-7f-baCqXw**",set_107,1,45
16826," 7lkguFRx_T-Qmelqiu0VwQ**",set_107,45,45
16951," 7lkguFRx_T8viujeCZR2uQ**",set_107,6,45
17076," 7lkguFRx_T_9-c9YtFmQCw**",set_107,45,45
17201," 7lkguFRx_T9HlJZuTyuqyQ**",set_107,45,45
17326," 7lkguFRx_T8CqwuB1WwAKw**",set_107,45,45
17451," 7lkguFRx_T_t8kbJ1IqcOA**",set_107,45,45
17576," 7lkguFRx_T8xvoKVn_BC8A**",set_107,45,45
17701," 7lkguFRx_T_VIpPm2AtEgg**",set_107,45,45
17826," 7lkguFRx_T_gPIlnT26S2g**",set_107,45,45
17951," 7lkguFRx_T__iX_dYx60tw**",set_107,45,45
18076," 7lkguFRx_T-u24rQq4xfhA**",set_107,45,45
18200," 7lkguFRx_T8C1ojZqikyGA**",set_107,45,45
14549," 7lkguFRx_T9LuZGdK3cLpg**",set_108,45,45
14914," 7lkguFRx_T_mF6qm1nuf4w**",set_108,45,45
15330," 7lkguFRx_T-2G6cU5_etwQ**",set_108,0,45
15713," 7lkguFRx_T9m6hXgyB5pew**",set_108,45,45
15866," 7lkguFRx_T8dfDVMcFdknw**",set_108,45,45
16050," 7lkguFRx_T-GL9AezSJESw**",set_108,45,45
16263," 7lkguFRx_T9MmHIYwkZ2Mg**",set_108,45,45
16449," 7lkguFRx_T-28IJs5WVlUQ**",set_108,3,45
16576," 7lkguFRx_T-4OYmKp7WuCQ**",set_108,45,45
16701," 7lkguFRx_T9OfBxZU0UIKQ**",set_108,45,45
16827," 7lkguFRx_T8OJnNu1Rb0mA**",set_108,45,45
16952," 7lkguFRx_T-2dGnqGwcMjg**",set_108,0,45
17077," 7lkguFRx_T_j0UvObyUmgw**",set_108,45,45
17202," 7lkguFRx_T8wW1C52xJcnQ**",set_108,45,45
17327," 7lkguFRx_T87LQIFU15m1g**",set_108,45,45
17452," 7lkguFRx_T-dGSkPSUMbvw**",set_108,45,45
17577," 7lkguFRx_T8g91ZYzORTQA**",set_108,45,45
17702," 7lkguFRx_T_9ZmJ8G-rr4g**",set_108,45,45
17827," 7lkguFRx_T9CQi4d-Jcivw**",set_108,1,45
17952," 7lkguFRx_T-paQ8sYGEiaw**",set_108,45,45
18077," 7lkguFRx_T8JZyjAmTPDBg**",set_108,45,45
18202," 7lkguFRx_T8JK0FS5Kc_iA**",set_108,45,45
14550," 7lkguFRx_T-J-FeRjDXTgQ**",set_109,4,45
14916," 7lkguFRx_T903wrsjbBQnQ**",set_109,45,45
15332," 7lkguFRx_T-JPPaXy3C6Zw**",set_109,45,45
15714," 7lkguFRx_T_2Gw61OVH2mA**",set_109,45,45
15867," 7lkguFRx_T9VaEoDUvabbw**",set_109,2,45
16051," 7lkguFRx_T8yJlJIW6CYBw**",set_109,45,45
16264," 7lkguFRx_T96SkuXiLJsvQ**",set_109,45,45
16450," 7lkguFRx_T_EpUSgAvaxvQ**",set_109,45,45
16577," 7lkguFRx_T__Qj-PLv-nXA**",set_109,45,45
16702," 7lkguFRx_T8ug2Fg-VGxiw**",set_109,45,45
16828," 7lkguFRx_T8E92WL4mMxBg**",set_109,45,45
16953," 7lkguFRx_T8fqj6YuUDFYw**",set_109,2,45
17078," 7lkguFRx_T-mHTC6ind_NA**",set_109,45,45
17204," 7lkguFRx_T-4TUf_VHhd1A**",set_109,45,45
17328," 7lkguFRx_T_DzAJSjHhasA**",set_109,45,45
17453," 7lkguFRx_T-peP1Wu2NEIQ**",set_109,10,45
17578," 7lkguFRx_T_apq2lcSIixw**",set_109,1,45
17703," 7lkguFRx_T_8u0JByj9paQ**",set_109,45,45
17828," 7lkguFRx_T-rRH4u-lrfBg**",set_109,0,45
17953," 7lkguFRx_T_1boKtdTJdpQ**",set_109,45,45
18078," 7lkguFRx_T9wf2Enhy-nUA**",set_109,45,45
18203," 7lkguFRx_T9r-p6EnW4OOw**",set_109,45,45
14553," 7lkguFRx_T__MVJwlBVXew**",set_110,45,45
14917," 7lkguFRx_T9qfPyc-d-eAg**",set_110,45,45
15333," 7lkguFRx_T_fVB_vPUiGcg**",set_110,45,45
15715," 7lkguFRx_T9iH-AFichzqg**",set_110,45,45
15868," 7lkguFRx_T_bjKs1CzgInw**",set_110,45,45
16052," 7lkguFRx_T8OPd2BaqCo-A**",set_110,45,45
16265," 7lkguFRx_T9iiSo-80KkhA**",set_110,45,45
16451," 7lkguFRx_T_EOajD5G4pAg**",set_110,45,45
16578," 7lkguFRx_T_r-V4WwfItQw**",set_110,45,45
16703," 7lkguFRx_T-HIu9CNXICSg**",set_110,45,45
16829," 7lkguFRx_T837IsctY-t-Q**",set_110,45,45
16954," 7lkguFRx_T9MuHqX8C_GUA**",set_110,45,45
17079," 7lkguFRx_T8ApfzmpvD7qQ**",set_110,0,45
17203," 7lkguFRx_T9Lo56Y9C5Vsw**",set_110,45,45
17329," 7lkguFRx_T-hA1XVT1UqjA**",set_110,45,45
17454," 7lkguFRx_T_c2Lo8W4HlSQ**",set_110,45,45
17579," 7lkguFRx_T8PgLyvqBahJw**",set_110,45,45
17704," 7lkguFRx_T9u8ZxLuC1zgg**",set_110,45,45
17829," 7lkguFRx_T-na_gOyAuKiQ**",set_110,45,45
17954," 7lkguFRx_T-uIbU4ey83Zg**",set_110,45,45
18079," 7lkguFRx_T_JOwCWFxNEBQ**",set_110,45,45
18204," 7lkguFRx_T_VlEvIo_71Uw**",set_110,45,45
14554," 7lkguFRx_T-eGJiAvHQSsQ**",set_111,45,45
14918," 7lkguFRx_T-sxXYfgrq2uQ**",set_111,12,45
15339," 7lkguFRx_T-veuJHVFgZ0A**",set_111,45,45
15716," 7lkguFRx_T86odpBIpWolg**",set_111,45,45
15869," 7lkguFRx_T_mXMQS4fNhyQ**",set_111,45,45
16053," 7lkguFRx_T_sb53VKY4LSQ**",set_111,45,45
16266," 7lkguFRx_T-Gwqrl_uf1pg**",set_111,45,45
16452," 7lkguFRx_T8YcRfI0jE6yw**",set_111,45,45
16579," 7lkguFRx_T_HK-7tKvnGKA**",set_111,45,45
16704," 7lkguFRx_T-CEATT2iB67w**",set_111,45,45
16830," 7lkguFRx_T95jZzl4nEEuw**",set_111,45,45
16955," 7lkguFRx_T9-PbuA5javrQ**",set_111,45,45
17080," 7lkguFRx_T_Gm8fgZiLOJg**",set_111,45,45
17205," 7lkguFRx_T9Q0N3STSMh0A**",set_111,45,45
17330," 7lkguFRx_T-Pd7iptacyJw**",set_111,45,45
17455," 7lkguFRx_T9oAUDFOWRqbg**",set_111,45,45
17580," 7lkguFRx_T_LnPViLtAJLQ**",set_111,45,45
17705," 7lkguFRx_T-USoU2ZTWJ1w**",set_111,45,45
17830," 7lkguFRx_T-5soJmdvQTYA**",set_111,45,45
17955," 7lkguFRx_T9XLt9UFHDLJA**",set_111,1,45
18080," 7lkguFRx_T9a9nHm_HZejQ**",set_111,45,45
18205," 7lkguFRx_T_6fm3yWOH5zg**",set_111,45,45
14555," 7lkguFRx_T_czMwFPrODvQ**",set_112,45,45
14919," 7lkguFRx_T8l0pXrBm1Fdw**",set_112,0,45
15340," 7lkguFRx_T8S9aGGonrp_g**",set_112,45,45
15717," 7lkguFRx_T9eKoA3lzeqsg**",set_112,45,45
15870," 7lkguFRx_T9VXXgDkNINCw**",set_112,4,45
16054," 7lkguFRx_T8cBR4ju-dmYw**",set_112,45,45
16267," 7lkguFRx_T9UxCjyIfcaMQ**",set_112,2,45
16453," 7lkguFRx_T-hZ85gqbc4Rg**",set_112,45,45
16580," 7lkguFRx_T8unUMCNSUDFA**",set_112,45,45
16705," 7lkguFRx_T-BiXtHHMixjw**",set_112,45,45
16831," 7lkguFRx_T9WIn5uK_ITfA**",set_112,0,45
16956," 7lkguFRx_T8VeROBHFqrBg**",set_112,45,45
17081," 7lkguFRx_T8bA8nwlWB5Sg**",set_112,45,45
17206," 7lkguFRx_T9uEkM8ORcxhw**",set_112,2,45
17331," 7lkguFRx_T-UFqReyaeEdw**",set_112,45,45
17456," 7lkguFRx_T-8Ie0trzv7qg**",set_112,45,45
17581," 7lkguFRx_T_r_lXooMMMiw**",set_112,45,45
17706," 7lkguFRx_T-0eloGRd8ntw**",set_112,45,45
17831," 7lkguFRx_T8ClZ86DZGINQ**",set_112,45,45
17956," 7lkguFRx_T_eAv23ED9Zng**",set_112,45,45
18081," 7lkguFRx_T9r9FjWVyt_3Q**",set_112,5,45
18206," 7lkguFRx_T_jfZFdD4bLzA**",set_112,45,45
14556," 7lkguFRx_T9T0b4zxwWa0A**",set_113,10,45
14920," 7lkguFRx_T-fvVQvQkS1mg**",set_113,45,45
15341," 7lkguFRx_T8hNTT8I1IZYA**",set_113,45,45
15718," 7lkguFRx_T_wkr0PoufWkg**",set_113,45,45
15871," 7lkguFRx_T-m1YF0AU8xjA**",set_113,4,45
16055," 7lkguFRx_T_7yVAEQLHUmg**",set_113,0,45
16269," 7lkguFRx_T_fSL_YCn1iiw**",set_113,45,45
16454," 7lkguFRx_T_oYyOWS4AEuQ**",set_113,45,45
16581," 7lkguFRx_T9nkLqTPSnjmw**",set_113,45,45
16706," 7lkguFRx_T9CwM6JXEMyHg**",set_113,45,45
16832," 7lkguFRx_T9U7wiRf2jWEw**",set_113,45,45
16957," 7lkguFRx_T98mBC94ESCKQ**",set_113,45,45
17082," 7lkguFRx_T9M0spfrpmgwg**",set_113,1,45
17207," 7lkguFRx_T9vi2jxvH6qDw**",set_113,45,45
17332," 7lkguFRx_T_ZvbYmLRF9lA**",set_113,45,45
17457," 7lkguFRx_T8IUIo_Dp9h2w**",set_113,45,45
17582," 7lkguFRx_T_mASFpFgGZkw**",set_113,45,45
17707," 7lkguFRx_T8YjsL-AppNJg**",set_113,4,45
17832," 7lkguFRx_T_Fwg5JaZ21sQ**",set_113,45,45
17957," 7lkguFRx_T8kj21RzYgjeQ**",set_113,45,45
18082," 7lkguFRx_T_EbVePeVWs9g**",set_113,45,45
18207," 7lkguFRx_T9ze1im1pHggQ**",set_113,45,45
14559," 7lkguFRx_T9zwaO_WXiERw**",set_114,45,45
14922," 7lkguFRx_T9hAyebjtt8Kw**",set_114,45,45
15344," 7lkguFRx_T_x38YsiR406w**",set_114,45,45
15722," 7lkguFRx_T9NKKszQN8nyg**",set_114,2,45
15872," 7lkguFRx_T_uZkaI7Opj1w**",set_114,0,45
16056," 7lkguFRx_T-sjyHWDPHjyw**",set_114,2,45
16270," 7lkguFRx_T-TTr8W0puVAg**",set_114,45,45
16455," 7lkguFRx_T81TuCGChMSzg**",set_114,45,45
16582," 7lkguFRx_T_2j5jRqgV71A**",set_114,45,45
16707," 7lkguFRx_T-DgvX1XQR5Kw**",set_114,1,45
16833," 7lkguFRx_T-TT-USxngFSg**",set_114,45,45
16958," 7lkguFRx_T-NzdmeRmR7cQ**",set_114,2,45
17083," 7lkguFRx_T-WhDGlOS4pTw**",set_114,2,45
17208," 7lkguFRx_T-sNsl8IAhjFQ**",set_114,1,45
17333," 7lkguFRx_T9uR1QxiiOf6Q**",set_114,45,45
17458," 7lkguFRx_T93FIHRw5fvgg**",set_114,45,45
17583," 7lkguFRx_T_ogUITFx2ahA**",set_114,45,45
17708," 7lkguFRx_T_HhW2Uj0YGWQ**",set_114,45,45
17833," 7lkguFRx_T_ABBT4KKD_7A**",set_114,17,45
17958," 7lkguFRx_T85X8IyiOk-rw**",set_114,4,45
18083," 7lkguFRx_T9wXDEFO48WIg**",set_114,45,45
18208," 7lkguFRx_T8iKMQCtAua5g**",set_114,45,45
14562," 7lkguFRx_T_ez3yDy9wYGw**",set_115,4,45
14924," 7lkguFRx_T9KWHh_A6xvYQ**",set_115,45,45
15362," 7lkguFRx_T9lI_6OgxMOJg**",set_115,45,45
15723," 7lkguFRx_T-aBBSqsGH2pg**",set_115,45,45
15874," 7lkguFRx_T9b_vB2cC74Rg**",set_115,45,45
16057," 7lkguFRx_T-D6FPoIAHPYw**",set_115,45,45
16273," 7lkguFRx_T9kkTASFHCHFw**",set_115,45,45
16456," 7lkguFRx_T_sa1m05iYt3A**",set_115,45,45
16583," 7lkguFRx_T-2oq_xS4unxw**",set_115,45,45
16708," 7lkguFRx_T91WK03mJUqOw**",set_115,4,45
16834," 7lkguFRx_T-KIz-iFfV1xQ**",set_115,45,45
16959," 7lkguFRx_T-mULl5eWtVVw**",set_115,45,45
17084," 7lkguFRx_T8Mf3J1dYV-XA**",set_115,3,45
17209," 7lkguFRx_T90_QcEs05BPQ**",set_115,45,45
17334," 7lkguFRx_T9batP841YDFA**",set_115,45,45
17459," 7lkguFRx_T99KabFROmmnQ**",set_115,45,45
17584," 7lkguFRx_T_g6E3ocPFHwg**",set_115,2,45
17709," 7lkguFRx_T_tfn_gQ2bwYQ**",set_115,45,45
17834," 7lkguFRx_T_ZBNmvkZYrgg**",set_115,45,45
17959," 7lkguFRx_T_FUKf-ycjsSA**",set_115,45,45
18084," 7lkguFRx_T9qv5q83xNVXA**",set_115,2,45
18209," 7lkguFRx_T-6_mJpLlLiOQ**",set_115,45,45
14563," 7lkguFRx_T_SDdJVJAUBDA**",set_116,3,45
14926," 7lkguFRx_T9Gn6YzTY5U0w**",set_116,45,45
15364," 7lkguFRx_T8cxv6_ARefRA**",set_116,45,45
15724," 7lkguFRx_T9GSnFjNaY-Lg**",set_116,45,45
15876," 7lkguFRx_T9OZu6HiMUNYg**",set_116,45,45
16058," 7lkguFRx_T8H49JYQqsCdw**",set_116,45,45
16275," 7lkguFRx_T-c5wkRqWkzIw**",set_116,45,45
16457," 7lkguFRx_T_7qvo33qM5tQ**",set_116,45,45
16584," 7lkguFRx_T98GneZepvjAg**",set_116,45,45
16709," 7lkguFRx_T96qvlQpOGynQ**",set_116,45,45
16835," 7lkguFRx_T-rN0PYXMhidA**",set_116,45,45
16960," 7lkguFRx_T-nhEmG17gy5Q**",set_116,45,45
17085," 7lkguFRx_T9JBozBIMt5Dw**",set_116,45,45
17210," 7lkguFRx_T9Dq-Kadk5HdQ**",set_116,45,45
17335," 7lkguFRx_T-dmubVho1a4Q**",set_116,45,45
17460," 7lkguFRx_T_-q4qmAxdlrg**",set_116,45,45
17585," 7lkguFRx_T8MONQ5fhhR8A**",set_116,45,45
17710," 7lkguFRx_T9HJUizBsfjLw**",set_116,45,45
17835," 7lkguFRx_T8R1qJXp-O5Ag**",set_116,45,45
17960," 7lkguFRx_T8YCwIAORd4Jg**",set_116,45,45
18085," 7lkguFRx_T914CvyJNKpcA**",set_116,45,45
18210," 7lkguFRx_T9iHo_ypVbAIQ**",set_116,45,45
14564," 7lkguFRx_T-bPsuG08gymQ**",set_117,0,45
14933," 7lkguFRx_T-nAL-KJY6Ttg**",set_117,45,45
15366," 7lkguFRx_T8IxGadgyenTw**",set_117,1,45
15725," 7lkguFRx_T-Qf2YGkblRLw**",set_117,45,45
15881," 7lkguFRx_T8R7wm6WeZogA**",set_117,45,45
16059," 7lkguFRx_T_gCafoO3ubPg**",set_117,1,45
16276," 7lkguFRx_T_nw4vNg7p_Pw**",set_117,45,45
16458," 7lkguFRx_T8YB_fesMCyrg**",set_117,45,45
16585," 7lkguFRx_T_l8iM16IVFbg**",set_117,45,45
16710," 7lkguFRx_T8RBgv9dyHTLQ**",set_117,45,45
16836," 7lkguFRx_T8aIvfbLULp_w**",set_117,45,45
16961," 7lkguFRx_T-c8W-gn-Jo-w**",set_117,45,45
17086," 7lkguFRx_T_g0J-traMOxw**",set_117,45,45
17211," 7lkguFRx_T-s0Hjve2pDvg**",set_117,0,45
17336," 7lkguFRx_T-lfSdKucU70Q**",set_117,45,45
17461," 7lkguFRx_T9ebAajYzLPew**",set_117,45,45
17586," 7lkguFRx_T9u1356dEZU_g**",set_117,10,45
17711," 7lkguFRx_T9N6u5JF6CJ4Q**",set_117,45,45
17836," 7lkguFRx_T9I2PB1P4e0eg**",set_117,45,45
17961," 7lkguFRx_T8jVJ9pfHC1dg**",set_117,45,45
18086," 7lkguFRx_T8kv3QvrkjXFw**",set_117,45,45
18211," 7lkguFRx_T_RIiY0XsXpLw**",set_117,5,45
14566," 7lkguFRx_T9n2lJL1MI4XA**",set_118,45,45
14938," 7lkguFRx_T_H2wpepxKHPA**",set_118,45,45
15367," 7lkguFRx_T-NcElWur8XjA**",set_118,0,45
15726," 7lkguFRx_T8KoMzMuh0vKQ**",set_118,45,45
15882," 7lkguFRx_T8hj7e6S5aZyA**",set_118,45,45
16060," 7lkguFRx_T-fJAJ8_rwt0g**",set_118,45,45
16279," 7lkguFRx_T8WZfjV8Ol4JA**",set_118,45,45
16460," 7lkguFRx_T_mdPB_kCaBlA**",set_118,45,45
16586," 7lkguFRx_T-NZJDA8MA8Kw**",set_118,4,45
16711," 7lkguFRx_T9ACr3X_dJ4IQ**",set_118,45,45
16837," 7lkguFRx_T-U4I0iMRKMHg**",set_118,0,45
16962," 7lkguFRx_T-iG7Wiy7ODJQ**",set_118,45,45
17087," 7lkguFRx_T8GBBmHQKzM6g**",set_118,0,45
17212," 7lkguFRx_T8l-3bSZsP1Pg**",set_118,45,45
17337," 7lkguFRx_T_HZzHeHNY-Ew**",set_118,45,45
17462," 7lkguFRx_T8WLq0J4bo3cw**",set_118,45,45
17587," 7lkguFRx_T_VErZ930m64g**",set_118,45,45
17712," 7lkguFRx_T93kFk7jUBCNQ**",set_118,45,45
17837," 7lkguFRx_T-J_OoqMMXRMQ**",set_118,11,45
17962," 7lkguFRx_T_lPJEbm-Nmwg**",set_118,45,45
18087," 7lkguFRx_T-iKbQD7z9RRw**",set_118,45,45
18212," 7lkguFRx_T8TCyDaZ8_Ebw**",set_118,45,45
14568," 7lkguFRx_T-LZeExrtEUNA**",set_119,2,45
14940," 7lkguFRx_T8uPuedGcz6TQ**",set_119,0,45
15368," 7lkguFRx_T8sE_GA0NLIRg**",set_119,2,45
15727," 7lkguFRx_T--MLR5eH0xDQ**",set_119,26,45
15887," 7lkguFRx_T_dGUfa22lN2g**",set_119,45,45
16061," 7lkguFRx_T_aECvpk9qsdQ**",set_119,4,45
16284," 7lkguFRx_T_Y_azQit1pQw**",set_119,45,45
16461," 7lkguFRx_T8TzQbmVR2oRA**",set_119,45,45
16587," 7lkguFRx_T-EZKUOD0NrCw**",set_119,45,45
16712," 7lkguFRx_T-7KOgzkSyIOQ**",set_119,45,45
16838," 7lkguFRx_T-6jx7Gt87xmg**",set_119,4,45
16963," 7lkguFRx_T-sIiulDuc--w**",set_119,45,45
17088," 7lkguFRx_T_Hx2TYxAg0pg**",set_119,45,45
17213," 7lkguFRx_T-bAGDATcsHgg**",set_119,45,45
17338," 7lkguFRx_T-ZHi7QpnOR_A**",set_119,45,45
17463," 7lkguFRx_T-i-mYy2vPsIQ**",set_119,45,45
17588," 7lkguFRx_T-zo5kdKDN8kg**",set_119,45,45
17713," 7lkguFRx_T-lQlLnji8w3A**",set_119,45,45
17838," 7lkguFRx_T_xPQQ3MGKIcg**",set_119,45,45
17963," 7lkguFRx_T8IJXiVk960Hw**",set_119,45,45
18088," 7lkguFRx_T9SCd4xUCpWjA**",set_119,45,45
18213," 7lkguFRx_T-jTwOxmvTx5A**",set_119,45,45
14570," 7lkguFRx_T8sjghP2aBTgg**",set_120,5,45
14941," 7lkguFRx_T_kRRrd1xwHlA**",set_120,45,45
15372," 7lkguFRx_T97r8Hr3OWz6Q**",set_120,45,45
15728," 7lkguFRx_T8HrZU0FCdkfw**",set_120,27,45
15889," 7lkguFRx_T-R5PZxAHU8hQ**",set_120,45,45
16062," 7lkguFRx_T-h-cNmgGh7EA**",set_120,8,45
16285," 7lkguFRx_T_s5GoiZuYthw**",set_120,45,45
16462," 7lkguFRx_T_cQR3xnFgYag**",set_120,45,45
16588," 7lkguFRx_T8GWdfdUePvJA**",set_120,45,45
16713," 7lkguFRx_T_p7j3xbgdcDw**",set_120,45,45
16839," 7lkguFRx_T9CTgmbWXmcVg**",set_120,45,45
16964," 7lkguFRx_T-16LEQQf1d7A**",set_120,4,45
17089," 7lkguFRx_T9Tq5_3q9VtHQ**",set_120,0,45
17214," 7lkguFRx_T-DKKz_-GRFBA**",set_120,45,45
17339," 7lkguFRx_T9yIwaXqOFZ9w**",set_120,2,45
17464," 7lkguFRx_T-qnqI-PIKKew**",set_120,45,45
17589," 7lkguFRx_T_qMB8x61OV2g**",set_120,45,45
17714," 7lkguFRx_T8Mh-WlNyKDwQ**",set_120,45,45
17839," 7lkguFRx_T_mTybqfSNC3Q**",set_120,2,45
17964," 7lkguFRx_T89J6MOwpNaqw**",set_120,45,45
18089," 7lkguFRx_T8HEbD_8-owBg**",set_120,45,45
18214," 7lkguFRx_T_SCd92MU221g**",set_120,45,45
14575," 7lkguFRx_T--bvQ4bJt4Gg**",set_121,45,45
14953," 7lkguFRx_T-BYu5AZdaNaA**",set_121,4,45
15373," 7lkguFRx_T8BvzRmwUjvog**",set_121,45,45
15729," 7lkguFRx_T8SLOyI8LJGBg**",set_121,45,45
15891," 7lkguFRx_T8QgU3rg0_qtA**",set_121,4,45
16063," 7lkguFRx_T-V8o_-WLY8zg**",set_121,45,45
16286," 7lkguFRx_T8AY5zf6PbGpQ**",set_121,45,45
16463," 7lkguFRx_T-CgsSO61Z_Eg**",set_121,45,45
16589," 7lkguFRx_T9Gw6QX8pdzeg**",set_121,45,45
16714," 7lkguFRx_T-FBSG1cAFiLA**",set_121,45,45
16840," 7lkguFRx_T9xXmCQp6QBLQ**",set_121,1,45
16965," 7lkguFRx_T8-VsDLSTszbw**",set_121,45,45
17090," 7lkguFRx_T9r8Cc5zTnYhQ**",set_121,45,45
17215," 7lkguFRx_T8HplcZcnsXhg**",set_121,45,45
17340," 7lkguFRx_T_p1S9VJrapjQ**",set_121,0,45
17465," 7lkguFRx_T8zZZ3kdw0c8Q**",set_121,16,45
17590," 7lkguFRx_T94y7bk26WGYA**",set_121,45,45
17715," 7lkguFRx_T9CZIEo99odDQ**",set_121,45,45
17840," 7lkguFRx_T_K54uQY-9CLg**",set_121,45,45
17965," 7lkguFRx_T_q4OXrtuMSeA**",set_121,45,45
18090," 7lkguFRx_T8NJoP_xpakTQ**",set_121,45,45
18215," 7lkguFRx_T-nJTQQSCHRkQ**",set_121,45,45
14576," 7lkguFRx_T9WAVGRPGwAxA**",set_122,45,45
14956," 7lkguFRx_T_G3j7dNEWgrQ**",set_122,45,45
15374," 7lkguFRx_T-_mvWr4Pd33Q**",set_122,45,45
15730," 7lkguFRx_T_hVtmZqDmQ4w**",set_122,0,45
15893," 7lkguFRx_T-hZjpCRgWXdg**",set_122,45,45
16064," 7lkguFRx_T-X2mumTSAwOQ**",set_122,8,45
16293," 7lkguFRx_T-KTgZmdu09iA**",set_122,45,45
16464," 7lkguFRx_T857CQO7hEC7A**",set_122,45,45
16590," 7lkguFRx_T9fPshzqjS83A**",set_122,45,45
16715," 7lkguFRx_T8KLb5wbz6h5w**",set_122,11,45
16841," 7lkguFRx_T8rOgAUP62jvQ**",set_122,45,45
16966," 7lkguFRx_T9KhJ9B62GpRg**",set_122,0,45
17091," 7lkguFRx_T8qe1T_H5W4FA**",set_122,45,45
17216," 7lkguFRx_T_GW3hnvC5kzQ**",set_122,45,45
17341," 7lkguFRx_T9FJZSp0ixsHQ**",set_122,45,45
17466," 7lkguFRx_T9t40z0T7iVug**",set_122,45,45
17591," 7lkguFRx_T_rxR0r4cxKxw**",set_122,45,45
17716," 7lkguFRx_T_wOzr5L0Eg8Q**",set_122,45,45
17841," 7lkguFRx_T9ZJRhV1qW_BQ**",set_122,45,45
17966," 7lkguFRx_T9PMky3mBYdTw**",set_122,45,45
18091," 7lkguFRx_T-wsoakXm_fZQ**",set_122,45,45
18216," 7lkguFRx_T-Il3Zs8Rln6g**",set_122,33,45
14577," 7lkguFRx_T_3g9SfrGoDuw**",set_123,45,45
14959," 7lkguFRx_T-9ZnNQeotL6Q**",set_123,45,45
15389," 7lkguFRx_T-6qVoTCpYw5g**",set_123,45,45
15731," 7lkguFRx_T-nNmOUKgmrWw**",set_123,45,45
15896," 7lkguFRx_T_QkQAjXgp2sQ**",set_123,45,45
16065," 7lkguFRx_T9SN3nmDEMACg**",set_123,45,45
16296," 7lkguFRx_T8uy7vg-zJmbQ**",set_123,45,45
16465," 7lkguFRx_T_24bo1-8HGlw**",set_123,45,45
16591," 7lkguFRx_T_6KQzwNQ7Dyg**",set_123,2,45
16716," 7lkguFRx_T8OFrHwY3ewLA**",set_123,19,45
16842," 7lkguFRx_T-YiQdpcAcqEQ**",set_123,2,45
16967," 7lkguFRx_T_zwlQjv_Pq-Q**",set_123,5,45
17092," 7lkguFRx_T_WV1AXWdb8jQ**",set_123,0,45
17217," 7lkguFRx_T_GuFC1JK0wrw**",set_123,45,45
17342," 7lkguFRx_T-vK7ZbcSTyXw**",set_123,45,45
17467," 7lkguFRx_T_Mm5RIQYLZBw**",set_123,45,45
17592," 7lkguFRx_T_eIPBkKf2E5A**",set_123,0,45
17717," 7lkguFRx_T9Jqjv4ZuGrQA**",set_123,45,45
17842," 7lkguFRx_T-qpjYDByozdA**",set_123,45,45
17967," 7lkguFRx_T9bdvEeOjHFYg**",set_123,45,45
18092," 7lkguFRx_T9fpEeYuc9I4A**",set_123,45,45
18217," 7lkguFRx_T9VeiINX1xaLQ**",set_123,45,45
14578," 7lkguFRx_T_TnurPBPRb0A**",set_124,45,45
14960," 7lkguFRx_T-9ZnNQeotL6Q**",set_124,0,45
15390," 7lkguFRx_T8jdXU3s-5JKA**",set_124,45,45
15732," 7lkguFRx_T_Cgp4AFRhaZg**",set_124,5,45
15898," 7lkguFRx_T85P-L-F5wVgg**",set_124,45,45
16066," 7lkguFRx_T8WoTmRjbKwCQ**",set_124,0,45
16299," 7lkguFRx_T9YqE9iMjvy3w**",set_124,45,45
16466," 7lkguFRx_T9pA3F9fM4ZBw**",set_124,45,45
16592," 7lkguFRx_T_4fri36GA1AQ**",set_124,0,45
16717," 7lkguFRx_T_nXQC2kx6EGQ**",set_124,45,45
16843," 7lkguFRx_T-4kSzQZvQDsw**",set_124,45,45
16968," 7lkguFRx_T87Uu0Oyv4yxw**",set_124,45,45
17093," 7lkguFRx_T9npYJaze0NyA**",set_124,45,45
17218," 7lkguFRx_T_ggUSiIA_1IQ**",set_124,45,45
17343," 7lkguFRx_T9FmTg7hq5eRw**",set_124,0,45
17468," 7lkguFRx_T8BENqgC5b9Qg**",set_124,28,45
17593," 7lkguFRx_T8u6r3hnG_ybw**",set_124,45,45
17718," 7lkguFRx_T_OB5zTMN8aMg**",set_124,11,45
17843," 7lkguFRx_T-VQwQGHozQYA**",set_124,45,45
17968," 7lkguFRx_T8CB-OJ37Zv9g**",set_124,45,45
18093," 7lkguFRx_T81zOyyP2cLkg**",set_124,45,45
18218," 7lkguFRx_T9rddBnnjqCdA**",set_124,45,45
14581," 7lkguFRx_T_maziBttj6Uw**",set_125,42,42
14964," 7lkguFRx_T-kL6r7GHmBKg**",set_125,0,42
15394," 7lkguFRx_T8ux0Lk3TMXDw**",set_125,42,42
15733," 7lkguFRx_T9P1KYXYP_REw**",set_125,42,42
15899," 7lkguFRx_T83pFboe5JkSg**",set_125,7,42
16067," 7lkguFRx_T-EqVkCg9YIqA**",set_125,42,42
16300," 7lkguFRx_T-zrqzx5iJDBQ**",set_125,23,42
16467," 7lkguFRx_T-L0P2a0zQk-Q**",set_125,42,42
16593," 7lkguFRx_T-iB6nR6T8s3g**",set_125,4,42
16718," 7lkguFRx_T98RTN3eSo06g**",set_125,42,42
16844," 7lkguFRx_T_Dq0ilYKe7iw**",set_125,2,42
16969," 7lkguFRx_T_-1MQbqxLt7g**",set_125,3,42
17094," 7lkguFRx_T9JWlgquoUadg**",set_125,5,42
17219," 7lkguFRx_T9QhLHKiaPO9A**",set_125,42,42
17344," 7lkguFRx_T8c8g2UFyhX1Q**",set_125,4,42
17469," 7lkguFRx_T8O349jOzbZJA**",set_125,42,42
17594," 7lkguFRx_T_8yiiJB1mN5w**",set_125,42,42
17719," 7lkguFRx_T_gc2usjZ5_2Q**",set_125,42,42
17844," 7lkguFRx_T8qwvBMKukM6g**",set_125,42,42
17969," 7lkguFRx_T_iEc_ATWaApw**",set_125,42,42
18094," 7lkguFRx_T9Goy3hiEksJQ**",set_125,0,42
18219," 7lkguFRx_T8z843agMBI_g**",set_125,42,42